ISO-10303-21;

HEADER;
FILE_DESCRIPTION((' '),'2;1');
FILE_NAME( '\X2\514575357AD9\X0\1.stp',
           '2026-08-14T17:31:25',
           (' '),
           ('--- Datakit www.datakit.com---'),
           ' Datakit CrossCadWare V2025.1  Dec 16 2024',
           'DATAKIT 2026 (c)',
           ' ');
FILE_SCHEMA(('AP242_MANAGED_MODEL_BASED_3D_ENGINEERING_MIM_LF { 1 0 10303 442 1 1 4 }'));
ENDSEC;

DATA;
#1=APPLICATION_CONTEXT('Managed model based 3d engineering');
#2=APPLICATION_PROTOCOL_DEFINITION('international standard','ap242_managed_model_based_3d_engineering',2013,#1);
#3=(LENGTH_UNIT()NAMED_UNIT(*)SI_UNIT(.MILLI.,.METRE.));
#4=(NAMED_UNIT(*)PLANE_ANGLE_UNIT()SI_UNIT($,.RADIAN.));
#5=( GEOMETRIC_REPRESENTATION_CONTEXT(3)
       GLOBAL_UNCERTAINTY_ASSIGNED_CONTEXT((#6)) GLOBAL_UNIT_ASSIGNED_CONTEXT
  ((#3,#4)) REPRESENTATION_CONTEXT('Context #1',
  '3D Context with UNIT and UNCERTAINTY') );
#6=UNCERTAINTY_MEASURE_WITH_UNIT(LENGTH_MEASURE(0.005),#3,'distance_accuracy_value','Confusion accuracy');
#7=PRODUCT_CONTEXT('',#1,'mechanical');
#8=PRODUCT('\X2\514575357AD9\X0\1','','',(#7));
#9=PRODUCT_DEFINITION_FORMATION('','',#8);
#10=PRODUCT_DEFINITION_CONTEXT('part definition',#1,'design');
#11=PRODUCT_DEFINITION('design','',#9,#10);
#12=PRODUCT_DEFINITION_SHAPE('','',#11);
#13=PRODUCT_CATEGORY('part',$);
#14=PRODUCT_RELATED_PRODUCT_CATEGORY('part',$,(#8));
#15=PRODUCT_CATEGORY_RELATIONSHIP('','',#13,#14);
#16=CARTESIAN_POINT('',(25.9709085866,49.0,-25.3219446434));
#17=VERTEX_POINT('',#16);
#18=CARTESIAN_POINT('',(25.9709085866,49.0,-20.5719446434));
#19=DIRECTION('',(0.0,-1.0,0.0));
#20=DIRECTION('',(0.0,-0.0,-1.0));
#21=AXIS2_PLACEMENT_3D('',#18,#19,#20);
#22=CIRCLE('',#21,4.75);
#23=EDGE_CURVE('n° 12463',#17,#17,#22,.T.);
#24=ORIENTED_EDGE('',*,*,#23,.F.);
#25=EDGE_LOOP('',(#24));
#26=FACE_OUTER_BOUND('',#25,.T.);
#27=CARTESIAN_POINT('',(36.9466257058,49.0,-13.0));
#28=VERTEX_POINT('',#27);
#29=CARTESIAN_POINT('',(36.9466257058,49.0,-26.5));
#30=VERTEX_POINT('',#29);
#31=CARTESIAN_POINT('',(36.9466257058,49.0,-15.0));
#32=DIRECTION('',(0.0,0.0,-1.0));
#33=VECTOR('',#32,1.0);
#34=LINE('',#31,#33);
#35=EDGE_CURVE('n° 12120',#28,#30,#34,.T.);
#36=ORIENTED_EDGE('',*,*,#35,.F.);
#37=CARTESIAN_POINT('',(3.5,49.0,-13.0));
#38=VERTEX_POINT('',#37);
#39=CARTESIAN_POINT('',(44.0,49.0,-13.0));
#40=DIRECTION('',(-1.0,0.0,0.0));
#41=VECTOR('',#40,1.0);
#42=LINE('',#39,#41);
#43=EDGE_CURVE('n° 12111',#28,#38,#42,.T.);
#44=ORIENTED_EDGE('',*,*,#43,.T.);
#45=CARTESIAN_POINT('',(1.5,49.0,-15.0));
#46=VERTEX_POINT('',#45);
#47=CARTESIAN_POINT('',(3.5,49.0,-15.0));
#48=DIRECTION('',(0.0,-1.0,0.0));
#49=DIRECTION('',(0.0,-0.0,-1.0));
#50=AXIS2_PLACEMENT_3D('',#47,#48,#49);
#51=CIRCLE('',#50,2.0);
#52=EDGE_CURVE('n° 11696',#38,#46,#51,.T.);
#53=ORIENTED_EDGE('',*,*,#52,.T.);
#54=CARTESIAN_POINT('',(1.5,49.0,-24.5));
#55=VERTEX_POINT('',#54);
#56=CARTESIAN_POINT('',(1.5,49.0,-15.0));
#57=DIRECTION('',(0.0,0.0,-1.0));
#58=VECTOR('',#57,1.0);
#59=LINE('',#56,#58);
#60=EDGE_CURVE('n° 11692',#46,#55,#59,.T.);
#61=ORIENTED_EDGE('',*,*,#60,.T.);
#62=CARTESIAN_POINT('',(3.5,49.0,-26.5));
#63=VERTEX_POINT('',#62);
#64=CARTESIAN_POINT('',(3.5,49.0,-24.5));
#65=DIRECTION('',(0.0,-1.0,0.0));
#66=DIRECTION('',(0.0,-0.0,-1.0));
#67=AXIS2_PLACEMENT_3D('',#64,#65,#66);
#68=CIRCLE('',#67,2.0);
#69=EDGE_CURVE('n° 11688',#55,#63,#68,.T.);
#70=ORIENTED_EDGE('',*,*,#69,.T.);
#71=CARTESIAN_POINT('',(3.5,49.0,-26.5));
#72=DIRECTION('',(1.0,0.0,-0.0));
#73=VECTOR('',#72,1.0);
#74=LINE('',#71,#73);
#75=EDGE_CURVE('n° 11684',#63,#30,#74,.T.);
#76=ORIENTED_EDGE('',*,*,#75,.T.);
#77=EDGE_LOOP('',(#36,#44,#53,#61,#70,#76));
#78=FACE_BOUND('',#77,.T.);
#79=CARTESIAN_POINT('',(3.5,49.0,-15.0));
#80=DIRECTION('',(0.0,-1.0,0.0));
#81=DIRECTION('',(0.0,-0.0,-1.0));
#82=AXIS2_PLACEMENT_3D('',#79,#80,#81);
#83=PLANE('',#82);
#84=ADVANCED_FACE('n° 12116',(#26,#78),#83,.T.);
#85=CARTESIAN_POINT('',(75.7953665449,4.0,-29.0));
#86=VERTEX_POINT('',#85);
#87=CARTESIAN_POINT('',(76.2953665449,4.0,-28.5));
#88=VERTEX_POINT('',#87);
#89=CARTESIAN_POINT('',(76.2953665449,4.0,-29.0));
#90=DIRECTION('',(0.0,1.0,-0.0));
#91=DIRECTION('',(0.0,-0.0,-1.0));
#92=AXIS2_PLACEMENT_3D('',#89,#90,#91);
#93=CIRCLE('',#92,0.5);
#94=EDGE_CURVE('n° 7103',#86,#88,#93,.T.);
#95=ORIENTED_EDGE('',*,*,#94,.F.);
#96=CARTESIAN_POINT('',(75.7953665449,4.0,-34.5));
#97=VERTEX_POINT('',#96);
#98=CARTESIAN_POINT('',(75.7953665449,4.0,-46.0));
#99=DIRECTION('',(0.0,0.0,1.0));
#100=VECTOR('',#99,1.0);
#101=LINE('',#98,#100);
#102=EDGE_CURVE('n° 7100',#97,#86,#101,.T.);
#103=ORIENTED_EDGE('',*,*,#102,.F.);
#104=CARTESIAN_POINT('',(76.2953665449,4.0,-35.0));
#105=VERTEX_POINT('',#104);
#106=CARTESIAN_POINT('',(76.2953665449,4.0,-34.5));
#107=DIRECTION('',(0.0,1.0,-0.0));
#108=DIRECTION('',(0.0,-0.0,-1.0));
#109=AXIS2_PLACEMENT_3D('',#106,#107,#108);
#110=CIRCLE('',#109,0.5);
#111=EDGE_CURVE('n° 7096',#105,#97,#110,.T.);
#112=ORIENTED_EDGE('',*,*,#111,.F.);
#113=CARTESIAN_POINT('',(89.295417345,4.0,-35.0));
#114=VERTEX_POINT('',#113);
#115=CARTESIAN_POINT('',(51.0,4.0,-35.0));
#116=DIRECTION('',(-1.0,0.0,0.0));
#117=VECTOR('',#116,1.0);
#118=LINE('',#115,#117);
#119=EDGE_CURVE('n° 7092',#114,#105,#118,.T.);
#120=ORIENTED_EDGE('',*,*,#119,.F.);
#121=CARTESIAN_POINT('',(89.795417345,4.0,-34.5));
#122=VERTEX_POINT('',#121);
#123=CARTESIAN_POINT('',(89.295417345,4.0,-34.5));
#124=DIRECTION('',(0.0,1.0,-0.0));
#125=DIRECTION('',(0.0,-0.0,-1.0));
#126=AXIS2_PLACEMENT_3D('',#123,#124,#125);
#127=CIRCLE('',#126,0.5);
#128=EDGE_CURVE('n° 7088',#122,#114,#127,.T.);
#129=ORIENTED_EDGE('',*,*,#128,.F.);
#130=CARTESIAN_POINT('',(89.795417345,4.0,-29.0));
#131=VERTEX_POINT('',#130);
#132=CARTESIAN_POINT('',(89.795417345,4.0,-46.0));
#133=DIRECTION('',(0.0,0.0,-1.0));
#134=VECTOR('',#133,1.0);
#135=LINE('',#132,#134);
#136=EDGE_CURVE('n° 7084',#131,#122,#135,.T.);
#137=ORIENTED_EDGE('',*,*,#136,.F.);
#138=CARTESIAN_POINT('',(89.295417345,4.0,-28.5));
#139=VERTEX_POINT('',#138);
#140=CARTESIAN_POINT('',(89.295417345,4.0,-29.0));
#141=DIRECTION('',(0.0,1.0,-0.0));
#142=DIRECTION('',(0.0,-0.0,-1.0));
#143=AXIS2_PLACEMENT_3D('',#140,#141,#142);
#144=CIRCLE('',#143,0.5);
#145=EDGE_CURVE('n° 7080',#139,#131,#144,.T.);
#146=ORIENTED_EDGE('',*,*,#145,.F.);
#147=CARTESIAN_POINT('',(51.0,4.0,-28.5));
#148=DIRECTION('',(1.0,0.0,0.0));
#149=VECTOR('',#148,1.0);
#150=LINE('',#147,#149);
#151=EDGE_CURVE('n° 7076',#88,#139,#150,.T.);
#152=ORIENTED_EDGE('',*,*,#151,.F.);
#153=EDGE_LOOP('',(#95,#103,#112,#120,#129,#137,#146,#152));
#154=FACE_OUTER_BOUND('',#153,.T.);
#155=CARTESIAN_POINT('',(78.1074876921,4.0,35.7756213687));
#156=VERTEX_POINT('',#155);
#157=CARTESIAN_POINT('',(55.0,4.0,25.5512427373));
#158=VERTEX_POINT('',#157);
#159=CARTESIAN_POINT('',(-0.4497200611,4.0,1.0163845796));
#160=DIRECTION('',(-0.9144802957,0.0,-0.4046304349));
#161=VECTOR('',#160,1.0);
#162=LINE('',#159,#161);
#163=EDGE_CURVE('n° 10454',#156,#158,#162,.T.);
#164=ORIENTED_EDGE('',*,*,#163,.F.);
#165=CARTESIAN_POINT('',(101.2149753842,4.0,25.5512427373));
#166=VERTEX_POINT('',#165);
#167=CARTESIAN_POINT('',(26.0261401331,4.0,58.8200744987));
#168=DIRECTION('',(0.9144802957,0.0,-0.4046304349));
#169=VECTOR('',#168,1.0);
#170=LINE('',#167,#169);
#171=EDGE_CURVE('n° 10431',#156,#166,#170,.T.);
#172=ORIENTED_EDGE('',*,*,#171,.T.);
#173=CARTESIAN_POINT('',(101.2149753842,4.0,-41.0));
#174=VERTEX_POINT('',#173);
#175=CARTESIAN_POINT('',(101.2149753842,4.0,-46.0));
#176=DIRECTION('',(-0.0,0.0,-1.0));
#177=VECTOR('',#176,1.0);
#178=LINE('',#175,#177);
#179=EDGE_CURVE('n° 10412',#166,#174,#178,.T.);
#180=ORIENTED_EDGE('',*,*,#179,.T.);
#181=CARTESIAN_POINT('',(55.0,4.0,-41.0));
#182=VERTEX_POINT('',#181);
#183=CARTESIAN_POINT('',(-0.0,4.0,-41.0));
#184=DIRECTION('',(-1.0,0.0,0.0));
#185=VECTOR('',#184,1.0);
#186=LINE('',#183,#185);
#187=EDGE_CURVE('n° 6965',#174,#182,#186,.T.);
#188=ORIENTED_EDGE('',*,*,#187,.T.);
#189=CARTESIAN_POINT('',(55.0,4.0,-46.0));
#190=DIRECTION('',(0.0,0.0,1.0));
#191=VECTOR('',#190,1.0);
#192=LINE('',#189,#191);
#193=EDGE_CURVE('n° 6938',#182,#158,#192,.T.);
#194=ORIENTED_EDGE('',*,*,#193,.T.);
#195=EDGE_LOOP('',(#164,#172,#180,#188,#194));
#196=FACE_BOUND('',#195,.T.);
#197=CARTESIAN_POINT('',(51.0,4.0,-46.0));
#198=DIRECTION('',(-0.0,-1.0,0.0));
#199=DIRECTION('',(0.0,-0.0,-1.0));
#200=AXIS2_PLACEMENT_3D('',#197,#198,#199);
#201=PLANE('',#200);
#202=ADVANCED_FACE('n° 10421',(#154,#196),#201,.F.);
#203=CARTESIAN_POINT('',(55.0,100.0,-41.0));
#204=VERTEX_POINT('',#203);
#205=CARTESIAN_POINT('',(55.0,95.0,-32.3397459622));
#206=VERTEX_POINT('',#205);
#207=CARTESIAN_POINT('',(55.0,90.0,-41.0));
#208=DIRECTION('',(1.0,-0.0,-0.0));
#209=DIRECTION('',(0.0,0.0,1.0));
#210=AXIS2_PLACEMENT_3D('',#207,#208,#209);
#211=CIRCLE('',#210,10.0);
#212=EDGE_CURVE('n° 11430',#204,#206,#211,.T.);
#213=ORIENTED_EDGE('',*,*,#212,.T.);
#214=CARTESIAN_POINT('',(55.0,90.0,-23.6794919243));
#215=VERTEX_POINT('',#214);
#216=CARTESIAN_POINT('',(55.0,100.0,-23.6794919243));
#217=DIRECTION('',(-1.0,0.0,0.0));
#218=DIRECTION('',(0.0,0.0,1.0));
#219=AXIS2_PLACEMENT_3D('',#216,#217,#218);
#220=CIRCLE('',#219,10.0);
#221=EDGE_CURVE('n° 11577',#206,#215,#220,.T.);
#222=ORIENTED_EDGE('',*,*,#221,.T.);
#223=CARTESIAN_POINT('',(55.0,90.0,11.6794919243));
#224=VERTEX_POINT('',#223);
#225=CARTESIAN_POINT('',(55.0,90.0,-46.0));
#226=DIRECTION('',(0.0,0.0,1.0));
#227=VECTOR('',#226,1.0);
#228=LINE('',#225,#227);
#229=EDGE_CURVE('n° 11529',#215,#224,#228,.T.);
#230=ORIENTED_EDGE('',*,*,#229,.T.);
#231=CARTESIAN_POINT('',(55.0,95.0,20.3397459622));
#232=VERTEX_POINT('',#231);
#233=CARTESIAN_POINT('',(55.0,100.0,11.6794919243));
#234=DIRECTION('',(-1.0,0.0,0.0));
#235=DIRECTION('',(0.0,0.0,1.0));
#236=AXIS2_PLACEMENT_3D('',#233,#234,#235);
#237=CIRCLE('',#236,10.0);
#238=EDGE_CURVE('n° 11590',#224,#232,#237,.T.);
#239=ORIENTED_EDGE('',*,*,#238,.T.);
#240=CARTESIAN_POINT('',(55.0,99.3864835451,25.5512427373));
#241=VERTEX_POINT('',#240);
#242=CARTESIAN_POINT('',(55.0,90.0,29.0));
#243=DIRECTION('',(1.0,-0.0,-0.0));
#244=DIRECTION('',(0.0,0.0,1.0));
#245=AXIS2_PLACEMENT_3D('',#242,#243,#244);
#246=CIRCLE('',#245,10.0);
#247=EDGE_CURVE('n° 11559',#232,#241,#246,.T.);
#248=ORIENTED_EDGE('',*,*,#247,.T.);
#249=CARTESIAN_POINT('',(55.0,150.5368738976,25.5512427373));
#250=DIRECTION('',(0.0,-1.0,0.0));
#251=VECTOR('',#250,1.0);
#252=LINE('',#249,#251);
#253=EDGE_CURVE('n° 11428',#241,#158,#252,.T.);
#254=ORIENTED_EDGE('',*,*,#253,.T.);
#255=ORIENTED_EDGE('',*,*,#193,.F.);
#256=CARTESIAN_POINT('',(55.0,146.4846635973,-41.0));
#257=DIRECTION('',(0.0,-1.0,0.0));
#258=VECTOR('',#257,1.0);
#259=LINE('',#256,#258);
#260=EDGE_CURVE('n° 6986',#204,#182,#259,.T.);
#261=ORIENTED_EDGE('',*,*,#260,.F.);
#262=EDGE_LOOP('',(#213,#222,#230,#239,#248,#254,#255,#261));
#263=FACE_OUTER_BOUND('',#262,.T.);
#264=CARTESIAN_POINT('',(55.0,-102.9554464308,-46.0));
#265=DIRECTION('',(-1.0,0.0,0.0));
#266=DIRECTION('',(0.0,0.0,1.0));
#267=AXIS2_PLACEMENT_3D('',#264,#265,#266);
#268=PLANE('',#267);
#269=ADVANCED_FACE('n° 10405',(#263),#268,.F.);
#270=CARTESIAN_POINT('',(1.5,0.0,-24.5));
#271=VERTEX_POINT('',#270);
#272=CARTESIAN_POINT('',(1.5,100.001,-24.5));
#273=DIRECTION('',(0.0,-1.0,0.0));
#274=VECTOR('',#273,1.0);
#275=LINE('',#272,#274);
#276=EDGE_CURVE('n° 9768',#55,#271,#275,.T.);
#277=ORIENTED_EDGE('',*,*,#276,.F.);
#278=ORIENTED_EDGE('',*,*,#60,.F.);
#279=CARTESIAN_POINT('',(1.5,0.0,-15.0));
#280=VERTEX_POINT('',#279);
#281=CARTESIAN_POINT('',(1.5,100.001,-15.0));
#282=DIRECTION('',(0.0,-1.0,0.0));
#283=VECTOR('',#282,1.0);
#284=LINE('',#281,#283);
#285=EDGE_CURVE('n° 9754',#46,#280,#284,.T.);
#286=ORIENTED_EDGE('',*,*,#285,.T.);
#287=CARTESIAN_POINT('',(1.5,0.0,-15.0));
#288=DIRECTION('',(0.0,0.0,-1.0));
#289=VECTOR('',#288,1.0);
#290=LINE('',#287,#289);
#291=EDGE_CURVE('n° 1324',#280,#271,#290,.T.);
#292=ORIENTED_EDGE('',*,*,#291,.T.);
#293=EDGE_LOOP('',(#277,#278,#286,#292));
#294=FACE_OUTER_BOUND('',#293,.T.);
#295=CARTESIAN_POINT('',(1.5,100.001,-15.0));
#296=DIRECTION('',(-1.0,0.0,-0.0));
#297=DIRECTION('',(-0.0,0.0,1.0));
#298=AXIS2_PLACEMENT_3D('',#295,#296,#297);
#299=PLANE('',#298);
#300=ADVANCED_FACE('n° 9822',(#294),#299,.F.);
#301=CARTESIAN_POINT('',(48.0,49.0,-13.0));
#302=VERTEX_POINT('',#301);
#303=CARTESIAN_POINT('',(48.0,0.0,-13.0));
#304=VERTEX_POINT('',#303);
#305=CARTESIAN_POINT('',(48.0,100.001,-13.0));
#306=DIRECTION('',(0.0,-1.0,0.0));
#307=VECTOR('',#306,1.0);
#308=LINE('',#305,#307);
#309=EDGE_CURVE('n° 11866',#302,#304,#308,.T.);
#310=ORIENTED_EDGE('',*,*,#309,.F.);
#311=CARTESIAN_POINT('',(50.0,49.0,-15.0));
#312=VERTEX_POINT('',#311);
#313=CARTESIAN_POINT('',(48.0,49.0,-15.0));
#314=DIRECTION('',(-0.0,1.0,-0.0));
#315=DIRECTION('',(0.0,-0.0,-1.0));
#316=AXIS2_PLACEMENT_3D('',#313,#314,#315);
#317=CIRCLE('',#316,2.0);
#318=EDGE_CURVE('n° 11957',#302,#312,#317,.T.);
#319=ORIENTED_EDGE('',*,*,#318,.T.);
#320=CARTESIAN_POINT('',(50.0,0.0,-15.0));
#321=VERTEX_POINT('',#320);
#322=CARTESIAN_POINT('',(50.0,100.001,-15.0));
#323=DIRECTION('',(0.0,-1.0,0.0));
#324=VECTOR('',#323,1.0);
#325=LINE('',#322,#324);
#326=EDGE_CURVE('n° 11908',#312,#321,#325,.T.);
#327=ORIENTED_EDGE('',*,*,#326,.T.);
#328=CARTESIAN_POINT('',(48.0,0.0,-15.0));
#329=DIRECTION('',(0.0,-1.0,0.0));
#330=DIRECTION('',(0.0,0.0,1.0));
#331=AXIS2_PLACEMENT_3D('',#328,#329,#330);
#332=CIRCLE('',#331,2.0);
#333=EDGE_CURVE('n° 1315',#321,#304,#332,.T.);
#334=ORIENTED_EDGE('',*,*,#333,.T.);
#335=EDGE_LOOP('',(#310,#319,#327,#334));
#336=FACE_OUTER_BOUND('',#335,.T.);
#337=CARTESIAN_POINT('',(48.0,100.001,-15.0));
#338=DIRECTION('',(-0.0,-1.0,-0.0));
#339=DIRECTION('',(0.0,0.0,-1.0));
#340=AXIS2_PLACEMENT_3D('',#337,#338,#339);
#341=CYLINDRICAL_SURFACE('',#340,2.0);
#342=ADVANCED_FACE('n° 9814',(#336),#341,.F.);
#343=ORIENTED_EDGE('',*,*,#326,.F.);
#344=CARTESIAN_POINT('',(50.0,49.0,-24.5));
#345=VERTEX_POINT('',#344);
#346=CARTESIAN_POINT('',(50.0,49.0,-15.0));
#347=DIRECTION('',(0.0,0.0,-1.0));
#348=VECTOR('',#347,1.0);
#349=LINE('',#346,#348);
#350=EDGE_CURVE('n° 11959',#312,#345,#349,.T.);
#351=ORIENTED_EDGE('',*,*,#350,.T.);
#352=CARTESIAN_POINT('',(50.0,0.0,-24.5));
#353=VERTEX_POINT('',#352);
#354=CARTESIAN_POINT('',(50.0,100.001,-24.5));
#355=DIRECTION('',(0.0,-1.0,0.0));
#356=VECTOR('',#355,1.0);
#357=LINE('',#354,#356);
#358=EDGE_CURVE('n° 11894',#345,#353,#357,.T.);
#359=ORIENTED_EDGE('',*,*,#358,.T.);
#360=CARTESIAN_POINT('',(50.0,0.0,-15.0));
#361=DIRECTION('',(-0.0,0.0,1.0));
#362=VECTOR('',#361,1.0);
#363=LINE('',#360,#362);
#364=EDGE_CURVE('n° 1336',#353,#321,#363,.T.);
#365=ORIENTED_EDGE('',*,*,#364,.T.);
#366=EDGE_LOOP('',(#343,#351,#359,#365));
#367=FACE_OUTER_BOUND('',#366,.T.);
#368=CARTESIAN_POINT('',(50.0,100.001,-15.0));
#369=DIRECTION('',(1.0,-0.0,0.0));
#370=DIRECTION('',(0.0,0.0,-1.0));
#371=AXIS2_PLACEMENT_3D('',#368,#369,#370);
#372=PLANE('',#371);
#373=ADVANCED_FACE('n° 9806',(#367),#372,.F.);
#374=ORIENTED_EDGE('',*,*,#358,.F.);
#375=CARTESIAN_POINT('',(48.0,49.0,-26.5));
#376=VERTEX_POINT('',#375);
#377=CARTESIAN_POINT('',(48.0,49.0,-24.5));
#378=DIRECTION('',(-0.0,1.0,-0.0));
#379=DIRECTION('',(0.0,-0.0,-1.0));
#380=AXIS2_PLACEMENT_3D('',#377,#378,#379);
#381=CIRCLE('',#380,2.0);
#382=EDGE_CURVE('n° 11961',#345,#376,#381,.T.);
#383=ORIENTED_EDGE('',*,*,#382,.T.);
#384=CARTESIAN_POINT('',(48.0,0.0,-26.5));
#385=VERTEX_POINT('',#384);
#386=CARTESIAN_POINT('',(48.0,100.001,-26.5));
#387=DIRECTION('',(0.0,-1.0,0.0));
#388=VECTOR('',#387,1.0);
#389=LINE('',#386,#388);
#390=EDGE_CURVE('n° 11880',#376,#385,#389,.T.);
#391=ORIENTED_EDGE('',*,*,#390,.T.);
#392=CARTESIAN_POINT('',(48.0,0.0,-24.5));
#393=DIRECTION('',(0.0,-1.0,0.0));
#394=DIRECTION('',(0.0,-0.0,-1.0));
#395=AXIS2_PLACEMENT_3D('',#392,#393,#394);
#396=CIRCLE('',#395,2.0);
#397=EDGE_CURVE('n° 1333',#385,#353,#396,.T.);
#398=ORIENTED_EDGE('',*,*,#397,.T.);
#399=EDGE_LOOP('',(#374,#383,#391,#398));
#400=FACE_OUTER_BOUND('',#399,.T.);
#401=CARTESIAN_POINT('',(48.0,100.001,-24.5));
#402=DIRECTION('',(-0.0,-1.0,-0.0));
#403=DIRECTION('',(0.0,0.0,-1.0));
#404=AXIS2_PLACEMENT_3D('',#401,#402,#403);
#405=CYLINDRICAL_SURFACE('',#404,2.0);
#406=ADVANCED_FACE('n° 9795',(#400),#405,.F.);
#407=CARTESIAN_POINT('',(36.9466257058,64.0,-26.5));
#408=VERTEX_POINT('',#407);
#409=CARTESIAN_POINT('',(36.9466257058,136.0,-26.5));
#410=DIRECTION('',(0.0,-1.0,0.0));
#411=VECTOR('',#410,1.0);
#412=LINE('',#409,#411);
#413=EDGE_CURVE('n° 12222',#408,#30,#412,.T.);
#414=ORIENTED_EDGE('',*,*,#413,.T.);
#415=ORIENTED_EDGE('',*,*,#75,.F.);
#416=CARTESIAN_POINT('',(3.5,0.0,-26.5));
#417=VERTEX_POINT('',#416);
#418=CARTESIAN_POINT('',(3.5,100.001,-26.5));
#419=DIRECTION('',(0.0,-1.0,0.0));
#420=VECTOR('',#419,1.0);
#421=LINE('',#418,#420);
#422=EDGE_CURVE('n° 9765',#63,#417,#421,.T.);
#423=ORIENTED_EDGE('',*,*,#422,.T.);
#424=CARTESIAN_POINT('',(3.5,0.0,-26.5));
#425=DIRECTION('',(1.0,0.0,0.0));
#426=VECTOR('',#425,1.0);
#427=LINE('',#424,#426);
#428=EDGE_CURVE('n° 1330',#417,#385,#427,.T.);
#429=ORIENTED_EDGE('',*,*,#428,.T.);
#430=ORIENTED_EDGE('',*,*,#390,.F.);
#431=CARTESIAN_POINT('',(44.9466257058,49.0,-26.5));
#432=VERTEX_POINT('',#431);
#433=CARTESIAN_POINT('',(3.5,49.0,-26.5));
#434=DIRECTION('',(1.0,0.0,0.0));
#435=VECTOR('',#434,1.0);
#436=LINE('',#433,#435);
#437=EDGE_CURVE('n° 12105',#432,#376,#436,.T.);
#438=ORIENTED_EDGE('',*,*,#437,.F.);
#439=CARTESIAN_POINT('',(44.9466257058,64.0,-26.5));
#440=VERTEX_POINT('',#439);
#441=CARTESIAN_POINT('',(44.9466257058,136.0,-26.5));
#442=DIRECTION('',(0.0,-1.0,0.0));
#443=VECTOR('',#442,1.0);
#444=LINE('',#441,#443);
#445=EDGE_CURVE('n° 12225',#440,#432,#444,.T.);
#446=ORIENTED_EDGE('',*,*,#445,.F.);
#447=CARTESIAN_POINT('',(0.0,64.0,-26.5));
#448=DIRECTION('',(-1.0,0.0,0.0));
#449=VECTOR('',#448,1.0);
#450=LINE('',#447,#449);
#451=EDGE_CURVE('n° 12216',#440,#408,#450,.T.);
#452=ORIENTED_EDGE('',*,*,#451,.T.);
#453=EDGE_LOOP('',(#414,#415,#423,#429,#430,#438,#446,#452));
#454=FACE_OUTER_BOUND('',#453,.T.);
#455=CARTESIAN_POINT('',(3.5,100.001,-26.5));
#456=DIRECTION('',(0.0,0.0,-1.0));
#457=DIRECTION('',(-1.0,0.0,-0.0));
#458=AXIS2_PLACEMENT_3D('',#455,#456,#457);
#459=PLANE('',#458);
#460=ADVANCED_FACE('n° 9784',(#454),#459,.F.);
#461=ORIENTED_EDGE('',*,*,#422,.F.);
#462=ORIENTED_EDGE('',*,*,#69,.F.);
#463=ORIENTED_EDGE('',*,*,#276,.T.);
#464=CARTESIAN_POINT('',(3.5,0.0,-24.5));
#465=DIRECTION('',(0.0,-1.0,0.0));
#466=DIRECTION('',(0.0,-0.0,-1.0));
#467=AXIS2_PLACEMENT_3D('',#464,#465,#466);
#468=CIRCLE('',#467,2.0);
#469=EDGE_CURVE('n° 1327',#271,#417,#468,.T.);
#470=ORIENTED_EDGE('',*,*,#469,.T.);
#471=EDGE_LOOP('',(#461,#462,#463,#470));
#472=FACE_OUTER_BOUND('',#471,.T.);
#473=CARTESIAN_POINT('',(3.5,100.001,-24.5));
#474=DIRECTION('',(-0.0,-1.0,-0.0));
#475=DIRECTION('',(0.0,0.0,-1.0));
#476=AXIS2_PLACEMENT_3D('',#473,#474,#475);
#477=CYLINDRICAL_SURFACE('',#476,2.0);
#478=ADVANCED_FACE('n° 9773',(#472),#477,.F.);
#479=ORIENTED_EDGE('',*,*,#285,.F.);
#480=ORIENTED_EDGE('',*,*,#52,.F.);
#481=CARTESIAN_POINT('',(3.5,0.0,-13.0));
#482=VERTEX_POINT('',#481);
#483=CARTESIAN_POINT('',(3.5,100.001,-13.0));
#484=DIRECTION('',(0.0,-1.0,0.0));
#485=VECTOR('',#484,1.0);
#486=LINE('',#483,#485);
#487=EDGE_CURVE('n° 9740',#38,#482,#486,.T.);
#488=ORIENTED_EDGE('',*,*,#487,.T.);
#489=CARTESIAN_POINT('',(3.5,0.0,-15.0));
#490=DIRECTION('',(0.0,-1.0,0.0));
#491=DIRECTION('',(0.0,-0.0,-1.0));
#492=AXIS2_PLACEMENT_3D('',#489,#490,#491);
#493=CIRCLE('',#492,2.0);
#494=EDGE_CURVE('n° 1321',#482,#280,#493,.T.);
#495=ORIENTED_EDGE('',*,*,#494,.T.);
#496=EDGE_LOOP('',(#479,#480,#488,#495));
#497=FACE_OUTER_BOUND('',#496,.T.);
#498=CARTESIAN_POINT('',(3.5,100.001,-15.0));
#499=DIRECTION('',(-0.0,-1.0,-0.0));
#500=DIRECTION('',(0.0,0.0,-1.0));
#501=AXIS2_PLACEMENT_3D('',#498,#499,#500);
#502=CYLINDRICAL_SURFACE('',#501,2.0);
#503=ADVANCED_FACE('n° 9759',(#497),#502,.F.);
#504=CARTESIAN_POINT('',(44.9466257058,64.0,-13.0));
#505=VERTEX_POINT('',#504);
#506=CARTESIAN_POINT('',(44.9466257058,49.0,-13.0));
#507=VERTEX_POINT('',#506);
#508=CARTESIAN_POINT('',(44.9466257058,136.0,-13.0));
#509=DIRECTION('',(0.0,-1.0,0.0));
#510=VECTOR('',#509,1.0);
#511=LINE('',#508,#510);
#512=EDGE_CURVE('n° 12224',#505,#507,#511,.T.);
#513=ORIENTED_EDGE('',*,*,#512,.T.);
#514=CARTESIAN_POINT('',(44.0,49.0,-13.0));
#515=DIRECTION('',(-1.0,0.0,0.0));
#516=VECTOR('',#515,1.0);
#517=LINE('',#514,#516);
#518=EDGE_CURVE('n° 11700',#302,#507,#517,.T.);
#519=ORIENTED_EDGE('',*,*,#518,.F.);
#520=ORIENTED_EDGE('',*,*,#309,.T.);
#521=CARTESIAN_POINT('',(3.5,0.0,-13.0));
#522=DIRECTION('',(-1.0,0.0,0.0));
#523=VECTOR('',#522,1.0);
#524=LINE('',#521,#523);
#525=EDGE_CURVE('n° 1318',#304,#482,#524,.T.);
#526=ORIENTED_EDGE('',*,*,#525,.T.);
#527=ORIENTED_EDGE('',*,*,#487,.F.);
#528=ORIENTED_EDGE('',*,*,#43,.F.);
#529=CARTESIAN_POINT('',(36.9466257058,64.0,-13.0));
#530=VERTEX_POINT('',#529);
#531=CARTESIAN_POINT('',(36.9466257058,136.0,-13.0));
#532=DIRECTION('',(0.0,-1.0,0.0));
#533=VECTOR('',#532,1.0);
#534=LINE('',#531,#533);
#535=EDGE_CURVE('n° 12223',#530,#28,#534,.T.);
#536=ORIENTED_EDGE('',*,*,#535,.F.);
#537=CARTESIAN_POINT('',(0.0,64.0,-13.0));
#538=DIRECTION('',(1.0,0.0,0.0));
#539=VECTOR('',#538,1.0);
#540=LINE('',#537,#539);
#541=EDGE_CURVE('n° 12200',#530,#505,#540,.T.);
#542=ORIENTED_EDGE('',*,*,#541,.T.);
#543=EDGE_LOOP('',(#513,#519,#520,#526,#527,#528,#536,#542));
#544=FACE_OUTER_BOUND('',#543,.T.);
#545=CARTESIAN_POINT('',(3.5,100.001,-13.0));
#546=DIRECTION('',(0.0,0.0,1.0));
#547=DIRECTION('',(1.0,0.0,-0.0));
#548=AXIS2_PLACEMENT_3D('',#545,#546,#547);
#549=PLANE('',#548);
#550=ADVANCED_FACE('n° 9748',(#544),#549,.F.);
#551=CARTESIAN_POINT('',(101.2149753842,23.7515875032,-29.0));
#552=VERTEX_POINT('',#551);
#553=CARTESIAN_POINT('',(101.2149753842,23.7515875032,-34.5));
#554=VERTEX_POINT('',#553);
#555=CARTESIAN_POINT('',(101.2149753842,23.7515875032,-46.0));
#556=DIRECTION('',(0.0,0.0,-1.0));
#557=VECTOR('',#556,1.0);
#558=LINE('',#555,#557);
#559=EDGE_CURVE('n° 7602',#552,#554,#558,.T.);
#560=ORIENTED_EDGE('',*,*,#559,.T.);
#561=CARTESIAN_POINT('',(101.2149753842,24.2515875032,-35.0));
#562=VERTEX_POINT('',#561);
#563=CARTESIAN_POINT('',(101.2149753842,24.2515875032,-34.5));
#564=DIRECTION('',(1.0,0.0,-0.0));
#565=DIRECTION('',(-0.0,0.0,-1.0));
#566=AXIS2_PLACEMENT_3D('',#563,#564,#565);
#567=CIRCLE('',#566,0.5);
#568=EDGE_CURVE('n° 7605',#554,#562,#567,.T.);
#569=ORIENTED_EDGE('',*,*,#568,.T.);
#570=CARTESIAN_POINT('',(101.2149753842,37.2516383033,-35.0));
#571=VERTEX_POINT('',#570);
#572=CARTESIAN_POINT('',(101.2149753842,-102.9554464308,-35.0));
#573=DIRECTION('',(0.0,1.0,0.0));
#574=VECTOR('',#573,1.0);
#575=LINE('',#572,#574);
#576=EDGE_CURVE('n° 7578',#562,#571,#575,.T.);
#577=ORIENTED_EDGE('',*,*,#576,.T.);
#578=CARTESIAN_POINT('',(101.2149753842,37.7516383033,-34.5));
#579=VERTEX_POINT('',#578);
#580=CARTESIAN_POINT('',(101.2149753842,37.2516383033,-34.5));
#581=DIRECTION('',(1.0,0.0,-0.0));
#582=DIRECTION('',(-0.0,0.0,-1.0));
#583=AXIS2_PLACEMENT_3D('',#580,#581,#582);
#584=CIRCLE('',#583,0.5);
#585=EDGE_CURVE('n° 7582',#571,#579,#584,.T.);
#586=ORIENTED_EDGE('',*,*,#585,.T.);
#587=CARTESIAN_POINT('',(101.2149753842,37.7516383033,-29.0));
#588=VERTEX_POINT('',#587);
#589=CARTESIAN_POINT('',(101.2149753842,37.7516383033,-46.0));
#590=DIRECTION('',(0.0,0.0,1.0));
#591=VECTOR('',#590,1.0);
#592=LINE('',#589,#591);
#593=EDGE_CURVE('n° 7586',#579,#588,#592,.T.);
#594=ORIENTED_EDGE('',*,*,#593,.T.);
#595=CARTESIAN_POINT('',(101.2149753842,37.2516383033,-28.5));
#596=VERTEX_POINT('',#595);
#597=CARTESIAN_POINT('',(101.2149753842,37.2516383033,-29.0));
#598=DIRECTION('',(1.0,0.0,-0.0));
#599=DIRECTION('',(-0.0,0.0,-1.0));
#600=AXIS2_PLACEMENT_3D('',#597,#598,#599);
#601=CIRCLE('',#600,0.5);
#602=EDGE_CURVE('n° 7590',#588,#596,#601,.T.);
#603=ORIENTED_EDGE('',*,*,#602,.T.);
#604=CARTESIAN_POINT('',(101.2149753842,24.2515875032,-28.5));
#605=VERTEX_POINT('',#604);
#606=CARTESIAN_POINT('',(101.2149753842,-102.9554464308,-28.5));
#607=DIRECTION('',(0.0,-1.0,0.0));
#608=VECTOR('',#607,1.0);
#609=LINE('',#606,#608);
#610=EDGE_CURVE('n° 7594',#596,#605,#609,.T.);
#611=ORIENTED_EDGE('',*,*,#610,.T.);
#612=CARTESIAN_POINT('',(101.2149753842,24.2515875032,-29.0));
#613=DIRECTION('',(1.0,0.0,-0.0));
#614=DIRECTION('',(-0.0,0.0,-1.0));
#615=AXIS2_PLACEMENT_3D('',#612,#613,#614);
#616=CIRCLE('',#615,0.5);
#617=EDGE_CURVE('n° 7598',#605,#552,#616,.T.);
#618=ORIENTED_EDGE('',*,*,#617,.T.);
#619=EDGE_LOOP('',(#560,#569,#577,#586,#594,#603,#611,#618));
#620=FACE_OUTER_BOUND('',#619,.T.);
#621=CARTESIAN_POINT('',(101.2149753842,43.7516129032,-29.0));
#622=VERTEX_POINT('',#621);
#623=CARTESIAN_POINT('',(101.2149753842,43.7516129032,-34.5));
#624=VERTEX_POINT('',#623);
#625=CARTESIAN_POINT('',(101.2149753842,43.7516129032,-46.0));
#626=DIRECTION('',(0.0,0.0,-1.0));
#627=VECTOR('',#626,1.0);
#628=LINE('',#625,#627);
#629=EDGE_CURVE('n° 7639',#622,#624,#628,.T.);
#630=ORIENTED_EDGE('',*,*,#629,.T.);
#631=CARTESIAN_POINT('',(101.2149753842,44.2516129032,-35.0));
#632=VERTEX_POINT('',#631);
#633=CARTESIAN_POINT('',(101.2149753842,44.2516129032,-34.5));
#634=DIRECTION('',(1.0,0.0,-0.0));
#635=DIRECTION('',(-0.0,0.0,-1.0));
#636=AXIS2_PLACEMENT_3D('',#633,#634,#635);
#637=CIRCLE('',#636,0.5);
#638=EDGE_CURVE('n° 7642',#624,#632,#637,.T.);
#639=ORIENTED_EDGE('',*,*,#638,.T.);
#640=CARTESIAN_POINT('',(101.2149753842,57.2516637033,-35.0));
#641=VERTEX_POINT('',#640);
#642=CARTESIAN_POINT('',(101.2149753842,-102.9554464308,-35.0));
#643=DIRECTION('',(0.0,1.0,0.0));
#644=VECTOR('',#643,1.0);
#645=LINE('',#642,#644);
#646=EDGE_CURVE('n° 7615',#632,#641,#645,.T.);
#647=ORIENTED_EDGE('',*,*,#646,.T.);
#648=CARTESIAN_POINT('',(101.2149753842,57.7516637033,-34.5));
#649=VERTEX_POINT('',#648);
#650=CARTESIAN_POINT('',(101.2149753842,57.2516637033,-34.5));
#651=DIRECTION('',(1.0,0.0,-0.0));
#652=DIRECTION('',(-0.0,0.0,-1.0));
#653=AXIS2_PLACEMENT_3D('',#650,#651,#652);
#654=CIRCLE('',#653,0.5);
#655=EDGE_CURVE('n° 7619',#641,#649,#654,.T.);
#656=ORIENTED_EDGE('',*,*,#655,.T.);
#657=CARTESIAN_POINT('',(101.2149753842,57.7516637033,-29.0));
#658=VERTEX_POINT('',#657);
#659=CARTESIAN_POINT('',(101.2149753842,57.7516637033,-46.0));
#660=DIRECTION('',(0.0,0.0,1.0));
#661=VECTOR('',#660,1.0);
#662=LINE('',#659,#661);
#663=EDGE_CURVE('n° 7623',#649,#658,#662,.T.);
#664=ORIENTED_EDGE('',*,*,#663,.T.);
#665=CARTESIAN_POINT('',(101.2149753842,57.2516637033,-28.5));
#666=VERTEX_POINT('',#665);
#667=CARTESIAN_POINT('',(101.2149753842,57.2516637033,-29.0));
#668=DIRECTION('',(1.0,0.0,-0.0));
#669=DIRECTION('',(-0.0,0.0,-1.0));
#670=AXIS2_PLACEMENT_3D('',#667,#668,#669);
#671=CIRCLE('',#670,0.5);
#672=EDGE_CURVE('n° 7627',#658,#666,#671,.T.);
#673=ORIENTED_EDGE('',*,*,#672,.T.);
#674=CARTESIAN_POINT('',(101.2149753842,44.2516129032,-28.5));
#675=VERTEX_POINT('',#674);
#676=CARTESIAN_POINT('',(101.2149753842,-102.9554464308,-28.5));
#677=DIRECTION('',(0.0,-1.0,0.0));
#678=VECTOR('',#677,1.0);
#679=LINE('',#676,#678);
#680=EDGE_CURVE('n° 7631',#666,#675,#679,.T.);
#681=ORIENTED_EDGE('',*,*,#680,.T.);
#682=CARTESIAN_POINT('',(101.2149753842,44.2516129032,-29.0));
#683=DIRECTION('',(1.0,0.0,-0.0));
#684=DIRECTION('',(-0.0,0.0,-1.0));
#685=AXIS2_PLACEMENT_3D('',#682,#683,#684);
#686=CIRCLE('',#685,0.5);
#687=EDGE_CURVE('n° 7635',#675,#622,#686,.T.);
#688=ORIENTED_EDGE('',*,*,#687,.T.);
#689=EDGE_LOOP('',(#630,#639,#647,#656,#664,#673,#681,#688));
#690=FACE_BOUND('',#689,.T.);
#691=CARTESIAN_POINT('',(101.2149753842,63.7516637033,-29.0));
#692=VERTEX_POINT('',#691);
#693=CARTESIAN_POINT('',(101.2149753842,63.7516637033,-34.5));
#694=VERTEX_POINT('',#693);
#695=CARTESIAN_POINT('',(101.2149753842,63.7516637033,-46.0));
#696=DIRECTION('',(0.0,0.0,-1.0));
#697=VECTOR('',#696,1.0);
#698=LINE('',#695,#697);
#699=EDGE_CURVE('n° 7676',#692,#694,#698,.T.);
#700=ORIENTED_EDGE('',*,*,#699,.T.);
#701=CARTESIAN_POINT('',(101.2149753842,64.2516637033,-35.0));
#702=VERTEX_POINT('',#701);
#703=CARTESIAN_POINT('',(101.2149753842,64.2516637033,-34.5));
#704=DIRECTION('',(1.0,0.0,-0.0));
#705=DIRECTION('',(-0.0,0.0,-1.0));
#706=AXIS2_PLACEMENT_3D('',#703,#704,#705);
#707=CIRCLE('',#706,0.5);
#708=EDGE_CURVE('n° 7679',#694,#702,#707,.T.);
#709=ORIENTED_EDGE('',*,*,#708,.T.);
#710=CARTESIAN_POINT('',(101.2149753842,77.2517145034,-35.0));
#711=VERTEX_POINT('',#710);
#712=CARTESIAN_POINT('',(101.2149753842,-102.9554464308,-35.0));
#713=DIRECTION('',(0.0,1.0,0.0));
#714=VECTOR('',#713,1.0);
#715=LINE('',#712,#714);
#716=EDGE_CURVE('n° 7652',#702,#711,#715,.T.);
#717=ORIENTED_EDGE('',*,*,#716,.T.);
#718=CARTESIAN_POINT('',(101.2149753842,77.7517145034,-34.5));
#719=VERTEX_POINT('',#718);
#720=CARTESIAN_POINT('',(101.2149753842,77.2517145034,-34.5));
#721=DIRECTION('',(1.0,0.0,-0.0));
#722=DIRECTION('',(-0.0,0.0,-1.0));
#723=AXIS2_PLACEMENT_3D('',#720,#721,#722);
#724=CIRCLE('',#723,0.5);
#725=EDGE_CURVE('n° 7656',#711,#719,#724,.T.);
#726=ORIENTED_EDGE('',*,*,#725,.T.);
#727=CARTESIAN_POINT('',(101.2149753842,77.7517145034,-29.0));
#728=VERTEX_POINT('',#727);
#729=CARTESIAN_POINT('',(101.2149753842,77.7517145034,-46.0));
#730=DIRECTION('',(0.0,0.0,1.0));
#731=VECTOR('',#730,1.0);
#732=LINE('',#729,#731);
#733=EDGE_CURVE('n° 7660',#719,#728,#732,.T.);
#734=ORIENTED_EDGE('',*,*,#733,.T.);
#735=CARTESIAN_POINT('',(101.2149753842,77.2517145034,-28.5));
#736=VERTEX_POINT('',#735);
#737=CARTESIAN_POINT('',(101.2149753842,77.2517145034,-29.0));
#738=DIRECTION('',(1.0,0.0,-0.0));
#739=DIRECTION('',(-0.0,0.0,-1.0));
#740=AXIS2_PLACEMENT_3D('',#737,#738,#739);
#741=CIRCLE('',#740,0.5);
#742=EDGE_CURVE('n° 7664',#728,#736,#741,.T.);
#743=ORIENTED_EDGE('',*,*,#742,.T.);
#744=CARTESIAN_POINT('',(101.2149753842,64.2516637033,-28.5));
#745=VERTEX_POINT('',#744);
#746=CARTESIAN_POINT('',(101.2149753842,-102.9554464308,-28.5));
#747=DIRECTION('',(0.0,-1.0,0.0));
#748=VECTOR('',#747,1.0);
#749=LINE('',#746,#748);
#750=EDGE_CURVE('n° 7668',#736,#745,#749,.T.);
#751=ORIENTED_EDGE('',*,*,#750,.T.);
#752=CARTESIAN_POINT('',(101.2149753842,64.2516637033,-29.0));
#753=DIRECTION('',(1.0,0.0,-0.0));
#754=DIRECTION('',(-0.0,0.0,-1.0));
#755=AXIS2_PLACEMENT_3D('',#752,#753,#754);
#756=CIRCLE('',#755,0.5);
#757=EDGE_CURVE('n° 7672',#745,#692,#756,.T.);
#758=ORIENTED_EDGE('',*,*,#757,.T.);
#759=EDGE_LOOP('',(#700,#709,#717,#726,#734,#743,#751,#758));
#760=FACE_BOUND('',#759,.T.);
#761=ORIENTED_EDGE('',*,*,#179,.F.);
#762=CARTESIAN_POINT('',(101.2149753842,100.0,25.5512427373));
#763=VERTEX_POINT('',#762);
#764=CARTESIAN_POINT('',(101.2149753842,150.5368738976,25.5512427373));
#765=DIRECTION('',(0.0,-1.0,0.0));
#766=VECTOR('',#765,1.0);
#767=LINE('',#764,#766);
#768=EDGE_CURVE('n° 10457',#763,#166,#767,.T.);
#769=ORIENTED_EDGE('',*,*,#768,.F.);
#770=CARTESIAN_POINT('',(101.2149753842,100.0,-41.0));
#771=VERTEX_POINT('',#770);
#772=CARTESIAN_POINT('',(101.2149753842,100.0,-46.0));
#773=DIRECTION('',(-0.0,0.0,-1.0));
#774=VECTOR('',#773,1.0);
#775=LINE('',#772,#774);
#776=EDGE_CURVE('n° 10409',#763,#771,#775,.T.);
#777=ORIENTED_EDGE('',*,*,#776,.T.);
#778=CARTESIAN_POINT('',(101.2149753842,77.5023383045,-41.0));
#779=VERTEX_POINT('',#778);
#780=CARTESIAN_POINT('',(101.2149753842,146.4846635973,-41.0));
#781=DIRECTION('',(0.0,-1.0,0.0));
#782=VECTOR('',#781,1.0);
#783=LINE('',#780,#782);
#784=EDGE_CURVE('n° 6981',#771,#779,#783,.T.);
#785=ORIENTED_EDGE('',*,*,#784,.T.);
#786=CARTESIAN_POINT('',(101.2149753842,77.5023383045,-39.0));
#787=VERTEX_POINT('',#786);
#788=CARTESIAN_POINT('',(101.2149753842,77.5023383045,43.2208199292));
#789=DIRECTION('',(0.0,0.0,-1.0));
#790=VECTOR('',#789,1.0);
#791=LINE('',#788,#790);
#792=EDGE_CURVE('n° 9102',#787,#779,#791,.T.);
#793=ORIENTED_EDGE('',*,*,#792,.F.);
#794=CARTESIAN_POINT('',(101.2149753842,4.0081335296,-39.0));
#795=VERTEX_POINT('',#794);
#796=CARTESIAN_POINT('',(101.2149753842,-102.9554464308,-39.0));
#797=DIRECTION('',(0.0,1.0,-0.0));
#798=VECTOR('',#797,1.0);
#799=LINE('',#796,#798);
#800=EDGE_CURVE('n° 9090',#795,#787,#799,.T.);
#801=ORIENTED_EDGE('',*,*,#800,.F.);
#802=CARTESIAN_POINT('',(101.2149753842,4.0081335296,-41.0));
#803=VERTEX_POINT('',#802);
#804=CARTESIAN_POINT('',(101.2149753842,4.0081335296,-46.0));
#805=DIRECTION('',(0.0,0.0,1.0));
#806=VECTOR('',#805,1.0);
#807=LINE('',#804,#806);
#808=EDGE_CURVE('n° 9109',#803,#795,#807,.T.);
#809=ORIENTED_EDGE('',*,*,#808,.F.);
#810=CARTESIAN_POINT('',(101.2149753842,146.4846635973,-41.0));
#811=DIRECTION('',(0.0,-1.0,0.0));
#812=VECTOR('',#811,1.0);
#813=LINE('',#810,#812);
#814=EDGE_CURVE('n° 9062',#803,#174,#813,.T.);
#815=ORIENTED_EDGE('',*,*,#814,.T.);
#816=EDGE_LOOP('',(#761,#769,#777,#785,#793,#801,#809,#815));
#817=FACE_BOUND('',#816,.T.);
#818=CARTESIAN_POINT('',(101.2149753842,-102.9554464308,-46.0));
#819=DIRECTION('',(1.0,0.0,-0.0));
#820=DIRECTION('',(-0.0,0.0,-1.0));
#821=AXIS2_PLACEMENT_3D('',#818,#819,#820);
#822=PLANE('',#821);
#823=ADVANCED_FACE('n° 9096',(#620,#690,#760,#817),#822,.F.);
#824=CARTESIAN_POINT('',(98.3230784728,80.1856997714,-41.0));
#825=VERTEX_POINT('',#824);
#826=CARTESIAN_POINT('',(73.1837567074,80.1856997714,-41.0));
#827=VERTEX_POINT('',#826);
#828=CARTESIAN_POINT('',(73.1837567074,80.1856997714,-41.0));
#829=DIRECTION('',(-1.0,0.0,0.0));
#830=VECTOR('',#829,1.0);
#831=LINE('',#828,#830);
#832=EDGE_CURVE('n° 9125',#825,#827,#831,.T.);
#833=ORIENTED_EDGE('',*,*,#832,.F.);
#834=CARTESIAN_POINT('',(98.3230784728,77.2856997714,-41.0));
#835=DIRECTION('',(-0.0,0.0,-1.0));
#836=DIRECTION('',(1.0,0.0,-0.0));
#837=AXIS2_PLACEMENT_3D('',#834,#835,#836);
#838=CIRCLE('',#837,2.9);
#839=EDGE_CURVE('n° 9080',#825,#779,#838,.T.);
#840=ORIENTED_EDGE('',*,*,#839,.T.);
#841=ORIENTED_EDGE('',*,*,#784,.F.);
#842=CARTESIAN_POINT('',(-0.0,100.0,-41.0));
#843=DIRECTION('',(1.0,0.0,-0.0));
#844=VECTOR('',#843,1.0);
#845=LINE('',#842,#844);
#846=EDGE_CURVE('n° 6987',#204,#771,#845,.T.);
#847=ORIENTED_EDGE('',*,*,#846,.F.);
#848=ORIENTED_EDGE('',*,*,#260,.T.);
#849=ORIENTED_EDGE('',*,*,#187,.F.);
#850=ORIENTED_EDGE('',*,*,#814,.F.);
#851=CARTESIAN_POINT('',(70.2837567074,4.0081335296,-41.0));
#852=VERTEX_POINT('',#851);
#853=CARTESIAN_POINT('',(70.2837567074,4.0081335296,-41.0));
#854=DIRECTION('',(1.0,0.0,0.0));
#855=VECTOR('',#854,1.0);
#856=LINE('',#853,#855);
#857=EDGE_CURVE('n° 9106',#852,#803,#856,.T.);
#858=ORIENTED_EDGE('',*,*,#857,.F.);
#859=CARTESIAN_POINT('',(70.2837567074,77.2856997714,-41.0));
#860=VERTEX_POINT('',#859);
#861=CARTESIAN_POINT('',(70.2837567074,77.2856997714,-41.0));
#862=DIRECTION('',(0.0,-1.0,0.0));
#863=VECTOR('',#862,1.0);
#864=LINE('',#861,#863);
#865=EDGE_CURVE('n° 9115',#860,#852,#864,.T.);
#866=ORIENTED_EDGE('',*,*,#865,.F.);
#867=CARTESIAN_POINT('',(73.1837567074,77.2856997714,-41.0));
#868=DIRECTION('',(0.0,0.0,1.0));
#869=DIRECTION('',(1.0,0.0,-0.0));
#870=AXIS2_PLACEMENT_3D('',#867,#868,#869);
#871=CIRCLE('',#870,2.9);
#872=EDGE_CURVE('n° 9120',#827,#860,#871,.T.);
#873=ORIENTED_EDGE('',*,*,#872,.F.);
#874=EDGE_LOOP('',(#833,#840,#841,#847,#848,#849,#850,#858,#866,#873));
#875=FACE_OUTER_BOUND('',#874,.T.);
#876=CARTESIAN_POINT('',(-0.0,146.4846635973,-41.0));
#877=DIRECTION('',(0.0,-0.0,1.0));
#878=DIRECTION('',(1.0,0.0,-0.0));
#879=AXIS2_PLACEMENT_3D('',#876,#877,#878);
#880=PLANE('',#879);
#881=ADVANCED_FACE('n° 9083',(#875),#880,.T.);
#882=CARTESIAN_POINT('',(-0.5,0.0,-33.5));
#883=VERTEX_POINT('',#882);
#884=CARTESIAN_POINT('',(-0.5,0.0,-43.0));
#885=VERTEX_POINT('',#884);
#886=CARTESIAN_POINT('',(-0.5,0.0,-43.0));
#887=DIRECTION('',(0.0,0.0,-1.0));
#888=VECTOR('',#887,1.0);
#889=LINE('',#886,#888);
#890=EDGE_CURVE('n° 6079',#883,#885,#889,.T.);
#891=ORIENTED_EDGE('',*,*,#890,.T.);
#892=CARTESIAN_POINT('',(-3.5,0.0,-46.0));
#893=VERTEX_POINT('',#892);
#894=CARTESIAN_POINT('',(-3.5,0.0,-43.0));
#895=DIRECTION('',(0.0,1.0,-0.0));
#896=DIRECTION('',(0.0,-0.0,-1.0));
#897=AXIS2_PLACEMENT_3D('',#894,#895,#896);
#898=CIRCLE('',#897,3.0);
#899=EDGE_CURVE('n° 6106',#885,#893,#898,.T.);
#900=ORIENTED_EDGE('',*,*,#899,.T.);
#901=CARTESIAN_POINT('',(-48.0,0.0,-46.0));
#902=VERTEX_POINT('',#901);
#903=CARTESIAN_POINT('',(-48.0,0.0,-46.0));
#904=DIRECTION('',(-1.0,0.0,0.0));
#905=VECTOR('',#904,1.0);
#906=LINE('',#903,#905);
#907=EDGE_CURVE('n° 6103',#893,#902,#906,.T.);
#908=ORIENTED_EDGE('',*,*,#907,.T.);
#909=CARTESIAN_POINT('',(-51.0,0.0,-43.0));
#910=VERTEX_POINT('',#909);
#911=CARTESIAN_POINT('',(-48.0,0.0,-43.0));
#912=DIRECTION('',(0.0,1.0,-0.0));
#913=DIRECTION('',(0.0,-0.0,-1.0));
#914=AXIS2_PLACEMENT_3D('',#911,#912,#913);
#915=CIRCLE('',#914,3.0);
#916=EDGE_CURVE('n° 6099',#902,#910,#915,.T.);
#917=ORIENTED_EDGE('',*,*,#916,.T.);
#918=CARTESIAN_POINT('',(-51.0,0.0,-33.5));
#919=VERTEX_POINT('',#918);
#920=CARTESIAN_POINT('',(-51.0,0.0,-33.5));
#921=DIRECTION('',(0.0,0.0,1.0));
#922=VECTOR('',#921,1.0);
#923=LINE('',#920,#922);
#924=EDGE_CURVE('n° 6095',#910,#919,#923,.T.);
#925=ORIENTED_EDGE('',*,*,#924,.T.);
#926=CARTESIAN_POINT('',(-48.0,0.0,-30.5));
#927=VERTEX_POINT('',#926);
#928=CARTESIAN_POINT('',(-48.0,0.0,-33.5));
#929=DIRECTION('',(0.0,1.0,-0.0));
#930=DIRECTION('',(0.0,-0.0,-1.0));
#931=AXIS2_PLACEMENT_3D('',#928,#929,#930);
#932=CIRCLE('',#931,3.0);
#933=EDGE_CURVE('n° 6091',#919,#927,#932,.T.);
#934=ORIENTED_EDGE('',*,*,#933,.T.);
#935=CARTESIAN_POINT('',(-3.5,0.0,-30.5));
#936=VERTEX_POINT('',#935);
#937=CARTESIAN_POINT('',(-3.5,0.0,-30.5));
#938=DIRECTION('',(1.0,0.0,0.0));
#939=VECTOR('',#938,1.0);
#940=LINE('',#937,#939);
#941=EDGE_CURVE('n° 6087',#927,#936,#940,.T.);
#942=ORIENTED_EDGE('',*,*,#941,.T.);
#943=CARTESIAN_POINT('',(-3.5,0.0,-33.5));
#944=DIRECTION('',(0.0,1.0,-0.0));
#945=DIRECTION('',(0.0,-0.0,-1.0));
#946=AXIS2_PLACEMENT_3D('',#943,#944,#945);
#947=CIRCLE('',#946,3.0);
#948=EDGE_CURVE('n° 6083',#936,#883,#947,.T.);
#949=ORIENTED_EDGE('',*,*,#948,.T.);
#950=EDGE_LOOP('',(#891,#900,#908,#917,#925,#934,#942,#949));
#951=FACE_OUTER_BOUND('',#950,.T.);
#952=CARTESIAN_POINT('',(0.5,0.0,-43.0));
#953=VERTEX_POINT('',#952);
#954=CARTESIAN_POINT('',(0.5,0.0,-33.5));
#955=VERTEX_POINT('',#954);
#956=CARTESIAN_POINT('',(0.5,0.0,-33.5));
#957=DIRECTION('',(-0.0,0.0,1.0));
#958=VECTOR('',#957,1.0);
#959=LINE('',#956,#958);
#960=EDGE_CURVE('n° 6039',#953,#955,#959,.T.);
#961=ORIENTED_EDGE('',*,*,#960,.T.);
#962=CARTESIAN_POINT('',(3.5,0.0,-30.5));
#963=VERTEX_POINT('',#962);
#964=CARTESIAN_POINT('',(3.5,0.0,-33.5));
#965=DIRECTION('',(0.0,1.0,-0.0));
#966=DIRECTION('',(0.0,-0.0,-1.0));
#967=AXIS2_PLACEMENT_3D('',#964,#965,#966);
#968=CIRCLE('',#967,3.0);
#969=EDGE_CURVE('n° 6066',#955,#963,#968,.T.);
#970=ORIENTED_EDGE('',*,*,#969,.T.);
#971=CARTESIAN_POINT('',(48.0,0.0,-30.5));
#972=VERTEX_POINT('',#971);
#973=CARTESIAN_POINT('',(48.0,0.0,-30.5));
#974=DIRECTION('',(1.0,0.0,0.0));
#975=VECTOR('',#974,1.0);
#976=LINE('',#973,#975);
#977=EDGE_CURVE('n° 6063',#963,#972,#976,.T.);
#978=ORIENTED_EDGE('',*,*,#977,.T.);
#979=CARTESIAN_POINT('',(51.0,0.0,-33.5));
#980=VERTEX_POINT('',#979);
#981=CARTESIAN_POINT('',(48.0,0.0,-33.5));
#982=DIRECTION('',(0.0,1.0,-0.0));
#983=DIRECTION('',(0.0,-0.0,-1.0));
#984=AXIS2_PLACEMENT_3D('',#981,#982,#983);
#985=CIRCLE('',#984,3.0);
#986=EDGE_CURVE('n° 6059',#972,#980,#985,.T.);
#987=ORIENTED_EDGE('',*,*,#986,.T.);
#988=CARTESIAN_POINT('',(51.0,0.0,-43.0));
#989=VERTEX_POINT('',#988);
#990=CARTESIAN_POINT('',(51.0,0.0,-43.0));
#991=DIRECTION('',(0.0,0.0,-1.0));
#992=VECTOR('',#991,1.0);
#993=LINE('',#990,#992);
#994=EDGE_CURVE('n° 6055',#980,#989,#993,.T.);
#995=ORIENTED_EDGE('',*,*,#994,.T.);
#996=CARTESIAN_POINT('',(48.0,0.0,-46.0));
#997=VERTEX_POINT('',#996);
#998=CARTESIAN_POINT('',(48.0,0.0,-43.0));
#999=DIRECTION('',(0.0,1.0,-0.0));
#1000=DIRECTION('',(0.0,-0.0,-1.0));
#1001=AXIS2_PLACEMENT_3D('',#998,#999,#1000);
#1002=CIRCLE('',#1001,3.0);
#1003=EDGE_CURVE('n° 6051',#989,#997,#1002,.T.);
#1004=ORIENTED_EDGE('',*,*,#1003,.T.);
#1005=CARTESIAN_POINT('',(3.5,0.0,-46.0));
#1006=VERTEX_POINT('',#1005);
#1007=CARTESIAN_POINT('',(3.5,0.0,-46.0));
#1008=DIRECTION('',(-1.0,0.0,0.0));
#1009=VECTOR('',#1008,1.0);
#1010=LINE('',#1007,#1009);
#1011=EDGE_CURVE('n° 6047',#997,#1006,#1010,.T.);
#1012=ORIENTED_EDGE('',*,*,#1011,.T.);
#1013=CARTESIAN_POINT('',(3.5,0.0,-43.0));
#1014=DIRECTION('',(0.0,1.0,-0.0));
#1015=DIRECTION('',(0.0,-0.0,-1.0));
#1016=AXIS2_PLACEMENT_3D('',#1013,#1014,#1015);
#1017=CIRCLE('',#1016,3.0);
#1018=EDGE_CURVE('n° 6043',#1006,#953,#1017,.T.);
#1019=ORIENTED_EDGE('',*,*,#1018,.T.);
#1020=EDGE_LOOP('',(#961,#970,#978,#987,#995,#1004,#1012,#1019));
#1021=FACE_BOUND('',#1020,.T.);
#1022=CARTESIAN_POINT('',(-0.5,0.0,-15.0));
#1023=VERTEX_POINT('',#1022);
#1024=CARTESIAN_POINT('',(-0.5,0.0,-24.5));
#1025=VERTEX_POINT('',#1024);
#1026=CARTESIAN_POINT('',(-0.5,0.0,-24.5));
#1027=DIRECTION('',(0.0,0.0,-1.0));
#1028=VECTOR('',#1027,1.0);
#1029=LINE('',#1026,#1028);
#1030=EDGE_CURVE('n° 5999',#1023,#1025,#1029,.T.);
#1031=ORIENTED_EDGE('',*,*,#1030,.T.);
#1032=CARTESIAN_POINT('',(-3.5,0.0,-27.5));
#1033=VERTEX_POINT('',#1032);
#1034=CARTESIAN_POINT('',(-3.5,0.0,-24.5));
#1035=DIRECTION('',(0.0,1.0,-0.0));
#1036=DIRECTION('',(0.0,-0.0,-1.0));
#1037=AXIS2_PLACEMENT_3D('',#1034,#1035,#1036);
#1038=CIRCLE('',#1037,3.0);
#1039=EDGE_CURVE('n° 6026',#1025,#1033,#1038,.T.);
#1040=ORIENTED_EDGE('',*,*,#1039,.T.);
#1041=CARTESIAN_POINT('',(-48.0,0.0,-27.5));
#1042=VERTEX_POINT('',#1041);
#1043=CARTESIAN_POINT('',(-48.0,0.0,-27.5));
#1044=DIRECTION('',(-1.0,0.0,0.0));
#1045=VECTOR('',#1044,1.0);
#1046=LINE('',#1043,#1045);
#1047=EDGE_CURVE('n° 6023',#1033,#1042,#1046,.T.);
#1048=ORIENTED_EDGE('',*,*,#1047,.T.);
#1049=CARTESIAN_POINT('',(-51.0,0.0,-24.5));
#1050=VERTEX_POINT('',#1049);
#1051=CARTESIAN_POINT('',(-48.0,0.0,-24.5));
#1052=DIRECTION('',(0.0,1.0,-0.0));
#1053=DIRECTION('',(0.0,-0.0,-1.0));
#1054=AXIS2_PLACEMENT_3D('',#1051,#1052,#1053);
#1055=CIRCLE('',#1054,3.0);
#1056=EDGE_CURVE('n° 6019',#1042,#1050,#1055,.T.);
#1057=ORIENTED_EDGE('',*,*,#1056,.T.);
#1058=CARTESIAN_POINT('',(-51.0,0.0,-15.0));
#1059=VERTEX_POINT('',#1058);
#1060=CARTESIAN_POINT('',(-51.0,0.0,-15.0));
#1061=DIRECTION('',(0.0,0.0,1.0));
#1062=VECTOR('',#1061,1.0);
#1063=LINE('',#1060,#1062);
#1064=EDGE_CURVE('n° 6015',#1050,#1059,#1063,.T.);
#1065=ORIENTED_EDGE('',*,*,#1064,.T.);
#1066=CARTESIAN_POINT('',(-48.0,0.0,-12.0));
#1067=VERTEX_POINT('',#1066);
#1068=CARTESIAN_POINT('',(-48.0,0.0,-15.0));
#1069=DIRECTION('',(0.0,1.0,-0.0));
#1070=DIRECTION('',(0.0,-0.0,-1.0));
#1071=AXIS2_PLACEMENT_3D('',#1068,#1069,#1070);
#1072=CIRCLE('',#1071,3.0);
#1073=EDGE_CURVE('n° 6011',#1059,#1067,#1072,.T.);
#1074=ORIENTED_EDGE('',*,*,#1073,.T.);
#1075=CARTESIAN_POINT('',(-3.5,0.0,-12.0));
#1076=VERTEX_POINT('',#1075);
#1077=CARTESIAN_POINT('',(-3.5,0.0,-12.0));
#1078=DIRECTION('',(1.0,0.0,0.0));
#1079=VECTOR('',#1078,1.0);
#1080=LINE('',#1077,#1079);
#1081=EDGE_CURVE('n° 6007',#1067,#1076,#1080,.T.);
#1082=ORIENTED_EDGE('',*,*,#1081,.T.);
#1083=CARTESIAN_POINT('',(-3.5,0.0,-15.0));
#1084=DIRECTION('',(0.0,1.0,-0.0));
#1085=DIRECTION('',(0.0,-0.0,-1.0));
#1086=AXIS2_PLACEMENT_3D('',#1083,#1084,#1085);
#1087=CIRCLE('',#1086,3.0);
#1088=EDGE_CURVE('n° 6003',#1076,#1023,#1087,.T.);
#1089=ORIENTED_EDGE('',*,*,#1088,.T.);
#1090=EDGE_LOOP('',(#1031,#1040,#1048,#1057,#1065,#1074,#1082,#1089));
#1091=FACE_BOUND('',#1090,.T.);
#1092=CARTESIAN_POINT('',(50.0,0.0,17.5));
#1093=VERTEX_POINT('',#1092);
#1094=CARTESIAN_POINT('',(46.0,0.0,13.5));
#1095=VERTEX_POINT('',#1094);
#1096=CARTESIAN_POINT('',(46.0,0.0,17.5));
#1097=DIRECTION('',(0.0,1.0,-0.0));
#1098=DIRECTION('',(0.0,-0.0,-1.0));
#1099=AXIS2_PLACEMENT_3D('',#1096,#1097,#1098);
#1100=CIRCLE('',#1099,4.0);
#1101=EDGE_CURVE('n° 5720',#1093,#1095,#1100,.T.);
#1102=ORIENTED_EDGE('',*,*,#1101,.T.);
#1103=CARTESIAN_POINT('',(-48.0,0.0,13.5));
#1104=VERTEX_POINT('',#1103);
#1105=CARTESIAN_POINT('',(-48.0,0.0,13.5));
#1106=DIRECTION('',(-1.0,0.0,0.0));
#1107=VECTOR('',#1106,1.0);
#1108=LINE('',#1105,#1107);
#1109=EDGE_CURVE('n° 5747',#1095,#1104,#1108,.T.);
#1110=ORIENTED_EDGE('',*,*,#1109,.T.);
#1111=CARTESIAN_POINT('',(-52.0,0.0,17.5));
#1112=VERTEX_POINT('',#1111);
#1113=CARTESIAN_POINT('',(-48.0,0.0,17.5));
#1114=DIRECTION('',(0.0,1.0,-0.0));
#1115=DIRECTION('',(0.0,-0.0,-1.0));
#1116=AXIS2_PLACEMENT_3D('',#1113,#1114,#1115);
#1117=CIRCLE('',#1116,4.0);
#1118=EDGE_CURVE('n° 5744',#1104,#1112,#1117,.T.);
#1119=ORIENTED_EDGE('',*,*,#1118,.T.);
#1120=CARTESIAN_POINT('',(-52.0,0.0,37.0));
#1121=VERTEX_POINT('',#1120);
#1122=CARTESIAN_POINT('',(-52.0,0.0,-46.0));
#1123=DIRECTION('',(0.0,0.0,1.0));
#1124=VECTOR('',#1123,1.0);
#1125=LINE('',#1122,#1124);
#1126=EDGE_CURVE('n° 5740',#1112,#1121,#1125,.T.);
#1127=ORIENTED_EDGE('',*,*,#1126,.T.);
#1128=CARTESIAN_POINT('',(-48.0,0.0,41.0));
#1129=VERTEX_POINT('',#1128);
#1130=CARTESIAN_POINT('',(-48.0,0.0,37.0));
#1131=DIRECTION('',(0.0,1.0,-0.0));
#1132=DIRECTION('',(0.0,-0.0,-1.0));
#1133=AXIS2_PLACEMENT_3D('',#1130,#1131,#1132);
#1134=CIRCLE('',#1133,4.0);
#1135=EDGE_CURVE('n° 5736',#1121,#1129,#1134,.T.);
#1136=ORIENTED_EDGE('',*,*,#1135,.T.);
#1137=CARTESIAN_POINT('',(46.0,0.0,41.0));
#1138=VERTEX_POINT('',#1137);
#1139=CARTESIAN_POINT('',(46.0,0.0,41.0));
#1140=DIRECTION('',(1.0,0.0,0.0));
#1141=VECTOR('',#1140,1.0);
#1142=LINE('',#1139,#1141);
#1143=EDGE_CURVE('n° 5732',#1129,#1138,#1142,.T.);
#1144=ORIENTED_EDGE('',*,*,#1143,.T.);
#1145=CARTESIAN_POINT('',(50.0,0.0,37.0));
#1146=VERTEX_POINT('',#1145);
#1147=CARTESIAN_POINT('',(46.0,0.0,37.0));
#1148=DIRECTION('',(0.0,1.0,-0.0));
#1149=DIRECTION('',(0.0,-0.0,-1.0));
#1150=AXIS2_PLACEMENT_3D('',#1147,#1148,#1149);
#1151=CIRCLE('',#1150,4.0);
#1152=EDGE_CURVE('n° 5728',#1138,#1146,#1151,.T.);
#1153=ORIENTED_EDGE('',*,*,#1152,.T.);
#1154=CARTESIAN_POINT('',(50.0,0.0,17.5));
#1155=DIRECTION('',(0.0,0.0,-1.0));
#1156=VECTOR('',#1155,1.0);
#1157=LINE('',#1154,#1156);
#1158=EDGE_CURVE('n° 5724',#1146,#1093,#1157,.T.);
#1159=ORIENTED_EDGE('',*,*,#1158,.T.);
#1160=EDGE_LOOP('',(#1102,#1110,#1119,#1127,#1136,#1144,#1153,#1159));
#1161=FACE_BOUND('',#1160,.T.);
#1162=CARTESIAN_POINT('',(105.2149753842,0.0,-50.0));
#1163=VERTEX_POINT('',#1162);
#1164=CARTESIAN_POINT('',(105.2149753842,0.0,54.0));
#1165=VERTEX_POINT('',#1164);
#1166=CARTESIAN_POINT('',(105.2149753842,0.0,50.0));
#1167=DIRECTION('',(0.0,0.0,1.0));
#1168=VECTOR('',#1167,1.0);
#1169=LINE('',#1166,#1168);
#1170=EDGE_CURVE('n° 4964',#1163,#1165,#1169,.T.);
#1171=ORIENTED_EDGE('',*,*,#1170,.T.);
#1172=CARTESIAN_POINT('',(104.2149753842,0.0,55.0));
#1173=VERTEX_POINT('',#1172);
#1174=CARTESIAN_POINT('',(104.2149753842,0.0,54.0));
#1175=DIRECTION('',(-0.0,-1.0,0.0));
#1176=DIRECTION('',(0.0,-0.0,-1.0));
#1177=AXIS2_PLACEMENT_3D('',#1174,#1175,#1176);
#1178=CIRCLE('',#1177,1.0);
#1179=EDGE_CURVE('n° 9596',#1165,#1173,#1178,.T.);
#1180=ORIENTED_EDGE('',*,*,#1179,.T.);
#1181=CARTESIAN_POINT('',(35.2149753842,0.0,55.0));
#1182=VERTEX_POINT('',#1181);
#1183=CARTESIAN_POINT('',(105.2149753842,0.0,55.0));
#1184=DIRECTION('',(-1.0,0.0,-0.0));
#1185=VECTOR('',#1184,1.0);
#1186=LINE('',#1183,#1185);
#1187=EDGE_CURVE('n° 9594',#1173,#1182,#1186,.T.);
#1188=ORIENTED_EDGE('',*,*,#1187,.T.);
#1189=CARTESIAN_POINT('',(30.2149753842,0.0,50.0));
#1190=VERTEX_POINT('',#1189);
#1191=CARTESIAN_POINT('',(30.2149753842,0.0,55.0));
#1192=DIRECTION('',(0.0,1.0,-0.0));
#1193=DIRECTION('',(0.0,-0.0,-1.0));
#1194=AXIS2_PLACEMENT_3D('',#1191,#1192,#1193);
#1195=CIRCLE('',#1194,5.0);
#1196=EDGE_CURVE('n° 9678',#1182,#1190,#1195,.T.);
#1197=ORIENTED_EDGE('',*,*,#1196,.T.);
#1198=CARTESIAN_POINT('',(-39.4680621818,0.0,50.0));
#1199=VERTEX_POINT('',#1198);
#1200=CARTESIAN_POINT('',(-51.0,0.0,50.0));
#1201=DIRECTION('',(1.0,0.0,0.0));
#1202=VECTOR('',#1201,1.0);
#1203=LINE('',#1200,#1202);
#1204=EDGE_CURVE('n° 5157',#1199,#1190,#1203,.T.);
#1205=ORIENTED_EDGE('',*,*,#1204,.F.);
#1206=CARTESIAN_POINT('',(-39.4680621818,0.0,55.0));
#1207=VERTEX_POINT('',#1206);
#1208=CARTESIAN_POINT('',(-39.4680621818,0.0,50.0));
#1209=DIRECTION('',(0.0,0.0,1.0));
#1210=VECTOR('',#1209,1.0);
#1211=LINE('',#1208,#1210);
#1212=EDGE_CURVE('n° 5190',#1199,#1207,#1211,.T.);
#1213=ORIENTED_EDGE('',*,*,#1212,.T.);
#1214=CARTESIAN_POINT('',(-49.4680621818,0.0,55.0));
#1215=VERTEX_POINT('',#1214);
#1216=CARTESIAN_POINT('',(-49.4680621818,0.0,55.0));
#1217=DIRECTION('',(-1.0,0.0,0.0));
#1218=VECTOR('',#1217,1.0);
#1219=LINE('',#1216,#1218);
#1220=EDGE_CURVE('n° 5193',#1207,#1215,#1219,.T.);
#1221=ORIENTED_EDGE('',*,*,#1220,.T.);
#1222=CARTESIAN_POINT('',(-49.4680621818,0.0,50.0));
#1223=VERTEX_POINT('',#1222);
#1224=CARTESIAN_POINT('',(-49.4680621818,0.0,50.0));
#1225=DIRECTION('',(0.0,0.0,-1.0));
#1226=VECTOR('',#1225,1.0);
#1227=LINE('',#1224,#1226);
#1228=EDGE_CURVE('n° 5184',#1215,#1223,#1227,.T.);
#1229=ORIENTED_EDGE('',*,*,#1228,.T.);
#1230=CARTESIAN_POINT('',(-51.0,0.0,50.0));
#1231=VERTEX_POINT('',#1230);
#1232=CARTESIAN_POINT('',(-51.0,0.0,50.0));
#1233=DIRECTION('',(1.0,0.0,0.0));
#1234=VECTOR('',#1233,1.0);
#1235=LINE('',#1232,#1234);
#1236=EDGE_CURVE('n° 94',#1231,#1223,#1235,.T.);
#1237=ORIENTED_EDGE('',*,*,#1236,.F.);
#1238=CARTESIAN_POINT('',(-55.0,0.0,46.0));
#1239=VERTEX_POINT('',#1238);
#1240=CARTESIAN_POINT('',(-51.0,0.0,46.0));
#1241=DIRECTION('',(0.0,1.0,0.0));
#1242=DIRECTION('',(0.0,-0.0,1.0));
#1243=AXIS2_PLACEMENT_3D('',#1240,#1241,#1242);
#1244=CIRCLE('',#1243,4.0);
#1245=EDGE_CURVE('n° 98',#1239,#1231,#1244,.T.);
#1246=ORIENTED_EDGE('',*,*,#1245,.F.);
#1247=CARTESIAN_POINT('',(-55.0,0.0,-46.0));
#1248=VERTEX_POINT('',#1247);
#1249=CARTESIAN_POINT('',(-55.0,0.0,-46.0));
#1250=DIRECTION('',(0.0,0.0,1.0));
#1251=VECTOR('',#1250,1.0);
#1252=LINE('',#1249,#1251);
#1253=EDGE_CURVE('n° 102',#1248,#1239,#1252,.T.);
#1254=ORIENTED_EDGE('',*,*,#1253,.F.);
#1255=CARTESIAN_POINT('',(-51.0,0.0,-50.0));
#1256=VERTEX_POINT('',#1255);
#1257=CARTESIAN_POINT('',(-51.0,0.0,-46.0));
#1258=DIRECTION('',(0.0,1.0,0.0));
#1259=DIRECTION('',(0.0,-0.0,1.0));
#1260=AXIS2_PLACEMENT_3D('',#1257,#1258,#1259);
#1261=CIRCLE('',#1260,4.0);
#1262=EDGE_CURVE('n° 106',#1256,#1248,#1261,.T.);
#1263=ORIENTED_EDGE('',*,*,#1262,.F.);
#1264=CARTESIAN_POINT('',(-51.0,0.0,-50.0));
#1265=DIRECTION('',(-1.0,0.0,0.0));
#1266=VECTOR('',#1265,1.0);
#1267=LINE('',#1264,#1266);
#1268=EDGE_CURVE('n° 110',#1163,#1256,#1267,.T.);
#1269=ORIENTED_EDGE('',*,*,#1268,.F.);
#1270=EDGE_LOOP('',(
    #1171,#1180,#1188,#1197,#1205,#1213,#1221,#1229,#1237,#1246,
    #1254,#1263,#1269));
#1271=FACE_BOUND('',#1270,.T.);
#1272=ORIENTED_EDGE('',*,*,#333,.F.);
#1273=ORIENTED_EDGE('',*,*,#364,.F.);
#1274=ORIENTED_EDGE('',*,*,#397,.F.);
#1275=ORIENTED_EDGE('',*,*,#428,.F.);
#1276=ORIENTED_EDGE('',*,*,#469,.F.);
#1277=ORIENTED_EDGE('',*,*,#291,.F.);
#1278=ORIENTED_EDGE('',*,*,#494,.F.);
#1279=ORIENTED_EDGE('',*,*,#525,.F.);
#1280=EDGE_LOOP('',(#1272,#1273,#1274,#1275,#1276,#1277,#1278,#1279));
#1281=FACE_BOUND('',#1280,.T.);
#1282=CARTESIAN_POINT('',(75.7953665449,0.0,-34.5));
#1283=VERTEX_POINT('',#1282);
#1284=CARTESIAN_POINT('',(75.7953665449,0.0,-29.0));
#1285=VERTEX_POINT('',#1284);
#1286=CARTESIAN_POINT('',(75.7953665449,0.0,-46.0));
#1287=DIRECTION('',(0.0,0.0,1.0));
#1288=VECTOR('',#1287,1.0);
#1289=LINE('',#1286,#1288);
#1290=EDGE_CURVE('n° 7146',#1283,#1285,#1289,.T.);
#1291=ORIENTED_EDGE('',*,*,#1290,.T.);
#1292=CARTESIAN_POINT('',(76.2953665449,0.0,-28.5));
#1293=VERTEX_POINT('',#1292);
#1294=CARTESIAN_POINT('',(76.2953665449,0.0,-29.0));
#1295=DIRECTION('',(0.0,1.0,-0.0));
#1296=DIRECTION('',(0.0,-0.0,-1.0));
#1297=AXIS2_PLACEMENT_3D('',#1294,#1295,#1296);
#1298=CIRCLE('',#1297,0.5);
#1299=EDGE_CURVE('n° 7143',#1285,#1293,#1298,.T.);
#1300=ORIENTED_EDGE('',*,*,#1299,.T.);
#1301=CARTESIAN_POINT('',(89.295417345,0.0,-28.5));
#1302=VERTEX_POINT('',#1301);
#1303=CARTESIAN_POINT('',(51.0,0.0,-28.5));
#1304=DIRECTION('',(1.0,0.0,0.0));
#1305=VECTOR('',#1304,1.0);
#1306=LINE('',#1303,#1305);
#1307=EDGE_CURVE('n° 7164',#1293,#1302,#1306,.T.);
#1308=ORIENTED_EDGE('',*,*,#1307,.T.);
#1309=CARTESIAN_POINT('',(89.795417345,0.0,-29.0));
#1310=VERTEX_POINT('',#1309);
#1311=CARTESIAN_POINT('',(89.295417345,0.0,-29.0));
#1312=DIRECTION('',(0.0,1.0,-0.0));
#1313=DIRECTION('',(0.0,-0.0,-1.0));
#1314=AXIS2_PLACEMENT_3D('',#1311,#1312,#1313);
#1315=CIRCLE('',#1314,0.5);
#1316=EDGE_CURVE('n° 7161',#1302,#1310,#1315,.T.);
#1317=ORIENTED_EDGE('',*,*,#1316,.T.);
#1318=CARTESIAN_POINT('',(89.795417345,0.0,-34.5));
#1319=VERTEX_POINT('',#1318);
#1320=CARTESIAN_POINT('',(89.795417345,0.0,-46.0));
#1321=DIRECTION('',(0.0,0.0,-1.0));
#1322=VECTOR('',#1321,1.0);
#1323=LINE('',#1320,#1322);
#1324=EDGE_CURVE('n° 7158',#1310,#1319,#1323,.T.);
#1325=ORIENTED_EDGE('',*,*,#1324,.T.);
#1326=CARTESIAN_POINT('',(89.295417345,0.0,-35.0));
#1327=VERTEX_POINT('',#1326);
#1328=CARTESIAN_POINT('',(89.295417345,0.0,-34.5));
#1329=DIRECTION('',(0.0,1.0,-0.0));
#1330=DIRECTION('',(0.0,-0.0,-1.0));
#1331=AXIS2_PLACEMENT_3D('',#1328,#1329,#1330);
#1332=CIRCLE('',#1331,0.5);
#1333=EDGE_CURVE('n° 7155',#1319,#1327,#1332,.T.);
#1334=ORIENTED_EDGE('',*,*,#1333,.T.);
#1335=CARTESIAN_POINT('',(76.2953665449,0.0,-35.0));
#1336=VERTEX_POINT('',#1335);
#1337=CARTESIAN_POINT('',(51.0,0.0,-35.0));
#1338=DIRECTION('',(-1.0,0.0,0.0));
#1339=VECTOR('',#1338,1.0);
#1340=LINE('',#1337,#1339);
#1341=EDGE_CURVE('n° 7152',#1327,#1336,#1340,.T.);
#1342=ORIENTED_EDGE('',*,*,#1341,.T.);
#1343=CARTESIAN_POINT('',(76.2953665449,0.0,-34.5));
#1344=DIRECTION('',(0.0,1.0,-0.0));
#1345=DIRECTION('',(0.0,-0.0,-1.0));
#1346=AXIS2_PLACEMENT_3D('',#1343,#1344,#1345);
#1347=CIRCLE('',#1346,0.5);
#1348=EDGE_CURVE('n° 7149',#1336,#1283,#1347,.T.);
#1349=ORIENTED_EDGE('',*,*,#1348,.T.);
#1350=EDGE_LOOP('',(#1291,#1300,#1308,#1317,#1325,#1334,#1342,#1349));
#1351=FACE_BOUND('',#1350,.T.);
#1352=CARTESIAN_POINT('',(51.0,0.0,-46.0));
#1353=DIRECTION('',(-0.0,-1.0,0.0));
#1354=DIRECTION('',(0.0,-0.0,-1.0));
#1355=AXIS2_PLACEMENT_3D('',#1352,#1353,#1354);
#1356=PLANE('',#1355);
#1357=ADVANCED_FACE('n° 7135',(#951,#1021,#1091,#1161,#1271,#1281,#1351),#1356,.T.);
#1358=ORIENTED_EDGE('',*,*,#1236,.T.);
#1359=CARTESIAN_POINT('',(-49.4680621818,100.0,50.0));
#1360=VERTEX_POINT('',#1359);
#1361=CARTESIAN_POINT('',(-49.4680621818,170.1783442381,50.0));
#1362=DIRECTION('',(0.0,-1.0,0.0));
#1363=VECTOR('',#1362,1.0);
#1364=LINE('',#1361,#1363);
#1365=EDGE_CURVE('n° 5180',#1360,#1223,#1364,.T.);
#1366=ORIENTED_EDGE('',*,*,#1365,.F.);
#1367=CARTESIAN_POINT('',(-51.0,100.0,50.0));
#1368=VERTEX_POINT('',#1367);
#1369=CARTESIAN_POINT('',(-51.0,100.0,50.0));
#1370=DIRECTION('',(1.0,0.0,0.0));
#1371=VECTOR('',#1370,1.0);
#1372=LINE('',#1369,#1371);
#1373=EDGE_CURVE('n° 25',#1368,#1360,#1372,.T.);
#1374=ORIENTED_EDGE('',*,*,#1373,.F.);
#1375=CARTESIAN_POINT('',(-51.0,100.0,50.0));
#1376=DIRECTION('',(0.0,-1.0,0.0));
#1377=VECTOR('',#1376,1.0);
#1378=LINE('',#1375,#1377);
#1379=EDGE_CURVE('n° 146',#1368,#1231,#1378,.T.);
#1380=ORIENTED_EDGE('',*,*,#1379,.T.);
#1381=EDGE_LOOP('',(#1358,#1366,#1374,#1380));
#1382=FACE_OUTER_BOUND('',#1381,.T.);
#1383=CARTESIAN_POINT('',(-51.0,100.0,50.0));
#1384=DIRECTION('',(0.0,0.0,-1.0));
#1385=DIRECTION('',(-1.0,0.0,-0.0));
#1386=AXIS2_PLACEMENT_3D('',#1383,#1384,#1385);
#1387=PLANE('',#1386);
#1388=ADVANCED_FACE('n° 5168',(#1382),#1387,.F.);
#1389=CARTESIAN_POINT('',(51.0,100.0,43.0));
#1390=VERTEX_POINT('',#1389);
#1391=CARTESIAN_POINT('',(51.0,100.0,29.0));
#1392=VERTEX_POINT('',#1391);
#1393=CARTESIAN_POINT('',(51.0,100.0,-46.0));
#1394=DIRECTION('',(0.0,0.0,-1.0));
#1395=VECTOR('',#1394,1.0);
#1396=LINE('',#1393,#1395);
#1397=EDGE_CURVE('n° 2059',#1390,#1392,#1396,.T.);
#1398=ORIENTED_EDGE('',*,*,#1397,.T.);
#1399=CARTESIAN_POINT('',(51.0,95.0,20.3397459622));
#1400=VERTEX_POINT('',#1399);
#1401=CARTESIAN_POINT('',(51.0,90.0,29.0));
#1402=DIRECTION('',(-1.0,0.0,0.0));
#1403=DIRECTION('',(0.0,0.0,1.0));
#1404=AXIS2_PLACEMENT_3D('',#1401,#1402,#1403);
#1405=CIRCLE('',#1404,10.0);
#1406=EDGE_CURVE('n° 11419',#1392,#1400,#1405,.T.);
#1407=ORIENTED_EDGE('',*,*,#1406,.T.);
#1408=CARTESIAN_POINT('',(51.0,90.0,11.6794919243));
#1409=VERTEX_POINT('',#1408);
#1410=CARTESIAN_POINT('',(51.0,100.0,11.6794919243));
#1411=DIRECTION('',(1.0,-0.0,-0.0));
#1412=DIRECTION('',(0.0,0.0,1.0));
#1413=AXIS2_PLACEMENT_3D('',#1410,#1411,#1412);
#1414=CIRCLE('',#1413,10.0);
#1415=EDGE_CURVE('n° 11583',#1400,#1409,#1414,.T.);
#1416=ORIENTED_EDGE('',*,*,#1415,.T.);
#1417=CARTESIAN_POINT('',(51.0,90.0,-23.6794919243));
#1418=VERTEX_POINT('',#1417);
#1419=CARTESIAN_POINT('',(51.0,90.0,-31.0));
#1420=DIRECTION('',(0.0,0.0,1.0));
#1421=VECTOR('',#1420,1.0);
#1422=LINE('',#1419,#1421);
#1423=EDGE_CURVE('n° 11523',#1418,#1409,#1422,.T.);
#1424=ORIENTED_EDGE('',*,*,#1423,.F.);
#1425=CARTESIAN_POINT('',(51.0,95.0,-32.3397459622));
#1426=VERTEX_POINT('',#1425);
#1427=CARTESIAN_POINT('',(51.0,100.0,-23.6794919243));
#1428=DIRECTION('',(1.0,-0.0,-0.0));
#1429=DIRECTION('',(0.0,0.0,1.0));
#1430=AXIS2_PLACEMENT_3D('',#1427,#1428,#1429);
#1431=CIRCLE('',#1430,10.0);
#1432=EDGE_CURVE('n° 11570',#1418,#1426,#1431,.T.);
#1433=ORIENTED_EDGE('',*,*,#1432,.T.);
#1434=CARTESIAN_POINT('',(51.0,100.0,-41.0));
#1435=VERTEX_POINT('',#1434);
#1436=CARTESIAN_POINT('',(51.0,90.0,-41.0));
#1437=DIRECTION('',(-1.0,0.0,0.0));
#1438=DIRECTION('',(0.0,0.0,1.0));
#1439=AXIS2_PLACEMENT_3D('',#1436,#1437,#1438);
#1440=CIRCLE('',#1439,10.0);
#1441=EDGE_CURVE('n° 11547',#1426,#1435,#1440,.T.);
#1442=ORIENTED_EDGE('',*,*,#1441,.T.);
#1443=CARTESIAN_POINT('',(51.0,100.0,-43.0));
#1444=VERTEX_POINT('',#1443);
#1445=CARTESIAN_POINT('',(51.0,100.0,-46.0));
#1446=DIRECTION('',(0.0,0.0,-1.0));
#1447=VECTOR('',#1446,1.0);
#1448=LINE('',#1445,#1447);
#1449=EDGE_CURVE('n° 11355',#1435,#1444,#1448,.T.);
#1450=ORIENTED_EDGE('',*,*,#1449,.T.);
#1451=CARTESIAN_POINT('',(51.0,4.0,-43.0));
#1452=VERTEX_POINT('',#1451);
#1453=CARTESIAN_POINT('',(51.0,4.0,-43.0));
#1454=DIRECTION('',(0.0,-1.0,0.0));
#1455=VECTOR('',#1454,1.0);
#1456=LINE('',#1453,#1455);
#1457=EDGE_CURVE('n° 2064',#1444,#1452,#1456,.T.);
#1458=ORIENTED_EDGE('',*,*,#1457,.T.);
#1459=CARTESIAN_POINT('',(51.0,4.0,-30.5));
#1460=VERTEX_POINT('',#1459);
#1461=CARTESIAN_POINT('',(51.0,4.0,-46.0));
#1462=DIRECTION('',(0.0,0.0,-1.0));
#1463=VECTOR('',#1462,1.0);
#1464=LINE('',#1461,#1463);
#1465=EDGE_CURVE('n° 3057',#1460,#1452,#1464,.T.);
#1466=ORIENTED_EDGE('',*,*,#1465,.F.);
#1467=CARTESIAN_POINT('',(51.0,64.0,-30.5));
#1468=VERTEX_POINT('',#1467);
#1469=CARTESIAN_POINT('',(51.0,100.0,-30.5));
#1470=DIRECTION('',(0.0,1.0,0.0));
#1471=VECTOR('',#1470,1.0);
#1472=LINE('',#1469,#1471);
#1473=EDGE_CURVE('n° 3125',#1460,#1468,#1472,.T.);
#1474=ORIENTED_EDGE('',*,*,#1473,.T.);
#1475=CARTESIAN_POINT('',(51.0,64.0,3.8562911697));
#1476=VERTEX_POINT('',#1475);
#1477=CARTESIAN_POINT('',(51.0,64.0,-46.0));
#1478=DIRECTION('',(-0.0,0.0,-1.0));
#1479=VECTOR('',#1478,1.0);
#1480=LINE('',#1477,#1479);
#1481=EDGE_CURVE('n° 4782',#1476,#1468,#1480,.T.);
#1482=ORIENTED_EDGE('',*,*,#1481,.F.);
#1483=CARTESIAN_POINT('',(51.0,63.0,6.0923591472));
#1484=VERTEX_POINT('',#1483);
#1485=CARTESIAN_POINT('',(51.0,61.0,3.8562911697));
#1486=DIRECTION('',(1.0,-0.0,-0.0));
#1487=DIRECTION('',(0.0,0.0,1.0));
#1488=AXIS2_PLACEMENT_3D('',#1485,#1486,#1487);
#1489=CIRCLE('',#1488,3.0);
#1490=EDGE_CURVE('n° 4809',#1476,#1484,#1489,.T.);
#1491=ORIENTED_EDGE('',*,*,#1490,.T.);
#1492=CARTESIAN_POINT('',(51.0,62.0,8.3284271247));
#1493=VERTEX_POINT('',#1492);
#1494=CARTESIAN_POINT('',(51.0,65.0,8.3284271247));
#1495=DIRECTION('',(-1.0,0.0,0.0));
#1496=DIRECTION('',(0.0,0.0,1.0));
#1497=AXIS2_PLACEMENT_3D('',#1494,#1495,#1496);
#1498=CIRCLE('',#1497,3.0);
#1499=EDGE_CURVE('n° 4798',#1484,#1493,#1498,.T.);
#1500=ORIENTED_EDGE('',*,*,#1499,.T.);
#1501=CARTESIAN_POINT('',(51.0,62.0,9.5));
#1502=VERTEX_POINT('',#1501);
#1503=CARTESIAN_POINT('',(51.0,62.0,50.001));
#1504=DIRECTION('',(0.0,0.0,-1.0));
#1505=VECTOR('',#1504,1.0);
#1506=LINE('',#1503,#1505);
#1507=EDGE_CURVE('n° 2918',#1502,#1493,#1506,.T.);
#1508=ORIENTED_EDGE('',*,*,#1507,.F.);
#1509=CARTESIAN_POINT('',(51.0,4.0,9.5));
#1510=VERTEX_POINT('',#1509);
#1511=CARTESIAN_POINT('',(51.0,82.0,9.5));
#1512=DIRECTION('',(0.0,-1.0,0.0));
#1513=VECTOR('',#1512,1.0);
#1514=LINE('',#1511,#1513);
#1515=EDGE_CURVE('n° 2900',#1502,#1510,#1514,.T.);
#1516=ORIENTED_EDGE('',*,*,#1515,.T.);
#1517=CARTESIAN_POINT('',(51.0,4.0,43.0));
#1518=VERTEX_POINT('',#1517);
#1519=CARTESIAN_POINT('',(51.0,4.0,-46.0));
#1520=DIRECTION('',(0.0,0.0,-1.0));
#1521=VECTOR('',#1520,1.0);
#1522=LINE('',#1519,#1521);
#1523=EDGE_CURVE('n° 1988',#1518,#1510,#1522,.T.);
#1524=ORIENTED_EDGE('',*,*,#1523,.F.);
#1525=CARTESIAN_POINT('',(51.0,100.0,43.0));
#1526=DIRECTION('',(0.0,1.0,0.0));
#1527=VECTOR('',#1526,1.0);
#1528=LINE('',#1525,#1527);
#1529=EDGE_CURVE('n° 2070',#1518,#1390,#1528,.T.);
#1530=ORIENTED_EDGE('',*,*,#1529,.T.);
#1531=EDGE_LOOP('',(
    #1398,#1407,#1416,#1424,#1433,#1442,#1450,#1458,#1466,#1474,
    #1482,#1491,#1500,#1508,#1516,#1524,#1530));
#1532=FACE_OUTER_BOUND('',#1531,.T.);
#1533=CARTESIAN_POINT('',(51.0,100.0,-46.0));
#1534=DIRECTION('',(-1.0,0.0,0.0));
#1535=DIRECTION('',(0.0,0.0,1.0));
#1536=AXIS2_PLACEMENT_3D('',#1533,#1534,#1535);
#1537=PLANE('',#1536);
#1538=ADVANCED_FACE('n° 4355',(#1532),#1537,.T.);
#1539=CARTESIAN_POINT('',(-48.0,4.0,44.4));
#1540=VERTEX_POINT('',#1539);
#1541=CARTESIAN_POINT('',(-48.0,4.0,46.0));
#1542=VERTEX_POINT('',#1541);
#1543=CARTESIAN_POINT('',(-48.0,4.0,46.0));
#1544=DIRECTION('',(0.0,0.0,1.0));
#1545=VECTOR('',#1544,1.0);
#1546=LINE('',#1543,#1545);
#1547=EDGE_CURVE('n° 4201',#1540,#1542,#1546,.T.);
#1548=ORIENTED_EDGE('',*,*,#1547,.F.);
#1549=CARTESIAN_POINT('',(-43.8247694328,4.0,44.4));
#1550=VERTEX_POINT('',#1549);
#1551=CARTESIAN_POINT('',(-48.0,4.0,44.4));
#1552=DIRECTION('',(-1.0,0.0,0.0));
#1553=VECTOR('',#1552,1.0);
#1554=LINE('',#1551,#1553);
#1555=EDGE_CURVE('n° 4213',#1550,#1540,#1554,.T.);
#1556=ORIENTED_EDGE('',*,*,#1555,.F.);
#1557=CARTESIAN_POINT('',(-43.8247694328,4.0,46.0));
#1558=VERTEX_POINT('',#1557);
#1559=CARTESIAN_POINT('',(-43.8247694328,4.0,46.0));
#1560=DIRECTION('',(0.0,0.0,-1.0));
#1561=VECTOR('',#1560,1.0);
#1562=LINE('',#1559,#1561);
#1563=EDGE_CURVE('n° 4209',#1558,#1550,#1562,.T.);
#1564=ORIENTED_EDGE('',*,*,#1563,.F.);
#1565=CARTESIAN_POINT('',(12.1183223005,4.0,46.0));
#1566=VERTEX_POINT('',#1565);
#1567=CARTESIAN_POINT('',(51.0,4.0,46.0));
#1568=DIRECTION('',(1.0,0.0,0.0));
#1569=VECTOR('',#1568,1.0);
#1570=LINE('',#1567,#1569);
#1571=EDGE_CURVE('n° 4172',#1558,#1566,#1570,.T.);
#1572=ORIENTED_EDGE('',*,*,#1571,.T.);
#1573=CARTESIAN_POINT('',(12.1183223005,4.0,44.4));
#1574=VERTEX_POINT('',#1573);
#1575=CARTESIAN_POINT('',(12.1183223005,4.0,46.0));
#1576=DIRECTION('',(0.0,0.0,1.0));
#1577=VECTOR('',#1576,1.0);
#1578=LINE('',#1575,#1577);
#1579=EDGE_CURVE('n° 4088',#1574,#1566,#1578,.T.);
#1580=ORIENTED_EDGE('',*,*,#1579,.F.);
#1581=CARTESIAN_POINT('',(18.3326381582,4.0,44.4));
#1582=VERTEX_POINT('',#1581);
#1583=CARTESIAN_POINT('',(12.1183223005,4.0,44.4));
#1584=DIRECTION('',(-1.0,0.0,0.0));
#1585=VECTOR('',#1584,1.0);
#1586=LINE('',#1583,#1585);
#1587=EDGE_CURVE('n° 4100',#1582,#1574,#1586,.T.);
#1588=ORIENTED_EDGE('',*,*,#1587,.F.);
#1589=CARTESIAN_POINT('',(18.3326381582,4.0,46.0));
#1590=VERTEX_POINT('',#1589);
#1591=CARTESIAN_POINT('',(18.3326381582,4.0,46.0));
#1592=DIRECTION('',(0.0,0.0,-1.0));
#1593=VECTOR('',#1592,1.0);
#1594=LINE('',#1591,#1593);
#1595=EDGE_CURVE('n° 4096',#1590,#1582,#1594,.T.);
#1596=ORIENTED_EDGE('',*,*,#1595,.F.);
#1597=CARTESIAN_POINT('',(48.0,4.0,46.0));
#1598=VERTEX_POINT('',#1597);
#1599=CARTESIAN_POINT('',(51.0,4.0,46.0));
#1600=DIRECTION('',(1.0,0.0,0.0));
#1601=VECTOR('',#1600,1.0);
#1602=LINE('',#1599,#1601);
#1603=EDGE_CURVE('n° 4054',#1590,#1598,#1602,.T.);
#1604=ORIENTED_EDGE('',*,*,#1603,.T.);
#1605=CARTESIAN_POINT('',(48.0,4.0,43.0));
#1606=DIRECTION('',(0.0,1.0,-0.0));
#1607=DIRECTION('',(0.0,-0.0,-1.0));
#1608=AXIS2_PLACEMENT_3D('',#1605,#1606,#1607);
#1609=CIRCLE('',#1608,3.0);
#1610=EDGE_CURVE('n° 2002',#1598,#1518,#1609,.T.);
#1611=ORIENTED_EDGE('',*,*,#1610,.T.);
#1612=ORIENTED_EDGE('',*,*,#1523,.T.);
#1613=CARTESIAN_POINT('',(34.0,4.0,9.5));
#1614=VERTEX_POINT('',#1613);
#1615=CARTESIAN_POINT('',(-51.0,4.0,9.5));
#1616=DIRECTION('',(1.0,0.0,0.0));
#1617=VECTOR('',#1616,1.0);
#1618=LINE('',#1615,#1617);
#1619=EDGE_CURVE('n° 2732',#1614,#1510,#1618,.T.);
#1620=ORIENTED_EDGE('',*,*,#1619,.F.);
#1621=CARTESIAN_POINT('',(29.0,4.0,14.5));
#1622=VERTEX_POINT('',#1621);
#1623=CARTESIAN_POINT('',(29.0,4.0,14.5));
#1624=DIRECTION('',(0.7071067812,0.0,-0.7071067812));
#1625=VECTOR('',#1624,1.0);
#1626=LINE('',#1623,#1625);
#1627=EDGE_CURVE('n° 2776',#1622,#1614,#1626,.T.);
#1628=ORIENTED_EDGE('',*,*,#1627,.F.);
#1629=CARTESIAN_POINT('',(25.0,4.0,14.5));
#1630=VERTEX_POINT('',#1629);
#1631=CARTESIAN_POINT('',(29.0,4.0,14.5));
#1632=DIRECTION('',(1.0,0.0,0.0));
#1633=VECTOR('',#1632,1.0);
#1634=LINE('',#1631,#1633);
#1635=EDGE_CURVE('n° 2772',#1630,#1622,#1634,.T.);
#1636=ORIENTED_EDGE('',*,*,#1635,.F.);
#1637=CARTESIAN_POINT('',(25.0,4.0,9.5));
#1638=VERTEX_POINT('',#1637);
#1639=CARTESIAN_POINT('',(25.0,4.0,9.5));
#1640=DIRECTION('',(-0.0,0.0,1.0));
#1641=VECTOR('',#1640,1.0);
#1642=LINE('',#1639,#1641);
#1643=EDGE_CURVE('n° 2768',#1638,#1630,#1642,.T.);
#1644=ORIENTED_EDGE('',*,*,#1643,.F.);
#1645=CARTESIAN_POINT('',(10.5,4.0,9.5));
#1646=VERTEX_POINT('',#1645);
#1647=CARTESIAN_POINT('',(-51.0,4.0,9.5));
#1648=DIRECTION('',(1.0,0.0,0.0));
#1649=VECTOR('',#1648,1.0);
#1650=LINE('',#1647,#1649);
#1651=EDGE_CURVE('n° 2567',#1646,#1638,#1650,.T.);
#1652=ORIENTED_EDGE('',*,*,#1651,.F.);
#1653=CARTESIAN_POINT('',(10.5,4.0,10.5));
#1654=VERTEX_POINT('',#1653);
#1655=CARTESIAN_POINT('',(10.5,4.0,9.5));
#1656=DIRECTION('',(0.0,0.0,-1.0));
#1657=VECTOR('',#1656,1.0);
#1658=LINE('',#1655,#1657);
#1659=EDGE_CURVE('n° 2598',#1654,#1646,#1658,.T.);
#1660=ORIENTED_EDGE('',*,*,#1659,.F.);
#1661=CARTESIAN_POINT('',(-4.5,4.0,10.5));
#1662=VERTEX_POINT('',#1661);
#1663=CARTESIAN_POINT('',(10.5,4.0,10.5));
#1664=DIRECTION('',(1.0,0.0,-0.0));
#1665=VECTOR('',#1664,1.0);
#1666=LINE('',#1663,#1665);
#1667=EDGE_CURVE('n° 2610',#1662,#1654,#1666,.T.);
#1668=ORIENTED_EDGE('',*,*,#1667,.F.);
#1669=CARTESIAN_POINT('',(-4.5,4.0,9.5));
#1670=VERTEX_POINT('',#1669);
#1671=CARTESIAN_POINT('',(-4.5,4.0,9.5));
#1672=DIRECTION('',(0.0,0.0,1.0));
#1673=VECTOR('',#1672,1.0);
#1674=LINE('',#1671,#1673);
#1675=EDGE_CURVE('n° 2606',#1670,#1662,#1674,.T.);
#1676=ORIENTED_EDGE('',*,*,#1675,.F.);
#1677=CARTESIAN_POINT('',(-30.0,4.0,9.5));
#1678=VERTEX_POINT('',#1677);
#1679=CARTESIAN_POINT('',(-51.0,4.0,9.5));
#1680=DIRECTION('',(1.0,0.0,0.0));
#1681=VECTOR('',#1680,1.0);
#1682=LINE('',#1679,#1681);
#1683=EDGE_CURVE('n° 2406',#1678,#1670,#1682,.T.);
#1684=ORIENTED_EDGE('',*,*,#1683,.F.);
#1685=CARTESIAN_POINT('',(-30.0,4.0,10.5));
#1686=VERTEX_POINT('',#1685);
#1687=CARTESIAN_POINT('',(-30.0,4.0,9.5));
#1688=DIRECTION('',(0.0,0.0,-1.0));
#1689=VECTOR('',#1688,1.0);
#1690=LINE('',#1687,#1689);
#1691=EDGE_CURVE('n° 2437',#1686,#1678,#1690,.T.);
#1692=ORIENTED_EDGE('',*,*,#1691,.F.);
#1693=CARTESIAN_POINT('',(-45.0,4.0,10.5));
#1694=VERTEX_POINT('',#1693);
#1695=CARTESIAN_POINT('',(-30.0,4.0,10.5));
#1696=DIRECTION('',(1.0,0.0,0.0));
#1697=VECTOR('',#1696,1.0);
#1698=LINE('',#1695,#1697);
#1699=EDGE_CURVE('n° 2449',#1694,#1686,#1698,.T.);
#1700=ORIENTED_EDGE('',*,*,#1699,.F.);
#1701=CARTESIAN_POINT('',(-45.0,4.0,9.5));
#1702=VERTEX_POINT('',#1701);
#1703=CARTESIAN_POINT('',(-45.0,4.0,9.5));
#1704=DIRECTION('',(0.0,0.0,1.0));
#1705=VECTOR('',#1704,1.0);
#1706=LINE('',#1703,#1705);
#1707=EDGE_CURVE('n° 2445',#1702,#1694,#1706,.T.);
#1708=ORIENTED_EDGE('',*,*,#1707,.F.);
#1709=CARTESIAN_POINT('',(-51.0,4.0,9.5));
#1710=VERTEX_POINT('',#1709);
#1711=CARTESIAN_POINT('',(-51.0,4.0,9.5));
#1712=DIRECTION('',(1.0,0.0,0.0));
#1713=VECTOR('',#1712,1.0);
#1714=LINE('',#1711,#1713);
#1715=EDGE_CURVE('n° 2281',#1710,#1702,#1714,.T.);
#1716=ORIENTED_EDGE('',*,*,#1715,.F.);
#1717=CARTESIAN_POINT('',(-51.0,4.0,17.5));
#1718=VERTEX_POINT('',#1717);
#1719=CARTESIAN_POINT('',(-51.0,4.0,-46.0));
#1720=DIRECTION('',(0.0,0.0,1.0));
#1721=VECTOR('',#1720,1.0);
#1722=LINE('',#1719,#1721);
#1723=EDGE_CURVE('n° 2225',#1710,#1718,#1722,.T.);
#1724=ORIENTED_EDGE('',*,*,#1723,.T.);
#1725=CARTESIAN_POINT('',(-48.0,4.0,14.5));
#1726=VERTEX_POINT('',#1725);
#1727=CARTESIAN_POINT('',(-48.0,4.0,17.5));
#1728=DIRECTION('',(0.0,1.0,-0.0));
#1729=DIRECTION('',(0.0,-0.0,-1.0));
#1730=AXIS2_PLACEMENT_3D('',#1727,#1728,#1729);
#1731=CIRCLE('',#1730,3.0);
#1732=EDGE_CURVE('n° 445',#1726,#1718,#1731,.T.);
#1733=ORIENTED_EDGE('',*,*,#1732,.F.);
#1734=CARTESIAN_POINT('',(11.0,4.0,14.5));
#1735=VERTEX_POINT('',#1734);
#1736=CARTESIAN_POINT('',(-48.0,4.0,14.5));
#1737=DIRECTION('',(-1.0,0.0,0.0));
#1738=VECTOR('',#1737,1.0);
#1739=LINE('',#1736,#1738);
#1740=EDGE_CURVE('n° 444',#1735,#1726,#1739,.T.);
#1741=ORIENTED_EDGE('',*,*,#1740,.F.);
#1742=CARTESIAN_POINT('',(14.0,4.0,17.5));
#1743=VERTEX_POINT('',#1742);
#1744=CARTESIAN_POINT('',(11.0,4.0,17.5));
#1745=DIRECTION('',(0.0,1.0,-0.0));
#1746=DIRECTION('',(0.0,-0.0,-1.0));
#1747=AXIS2_PLACEMENT_3D('',#1744,#1745,#1746);
#1748=CIRCLE('',#1747,3.0);
#1749=EDGE_CURVE('n° 451',#1743,#1735,#1748,.T.);
#1750=ORIENTED_EDGE('',*,*,#1749,.F.);
#1751=CARTESIAN_POINT('',(14.0,4.0,37.0));
#1752=VERTEX_POINT('',#1751);
#1753=CARTESIAN_POINT('',(14.0,4.0,37.0));
#1754=DIRECTION('',(0.0,0.0,-1.0));
#1755=VECTOR('',#1754,1.0);
#1756=LINE('',#1753,#1755);
#1757=EDGE_CURVE('n° 450',#1752,#1743,#1756,.T.);
#1758=ORIENTED_EDGE('',*,*,#1757,.F.);
#1759=CARTESIAN_POINT('',(11.0,4.0,40.0));
#1760=VERTEX_POINT('',#1759);
#1761=CARTESIAN_POINT('',(11.0,4.0,37.0));
#1762=DIRECTION('',(0.0,1.0,-0.0));
#1763=DIRECTION('',(0.0,-0.0,-1.0));
#1764=AXIS2_PLACEMENT_3D('',#1761,#1762,#1763);
#1765=CIRCLE('',#1764,3.0);
#1766=EDGE_CURVE('n° 449',#1760,#1752,#1765,.T.);
#1767=ORIENTED_EDGE('',*,*,#1766,.F.);
#1768=CARTESIAN_POINT('',(-48.0,4.0,40.0));
#1769=VERTEX_POINT('',#1768);
#1770=CARTESIAN_POINT('',(-48.0,4.0,40.0));
#1771=DIRECTION('',(1.0,0.0,0.0));
#1772=VECTOR('',#1771,1.0);
#1773=LINE('',#1770,#1772);
#1774=EDGE_CURVE('n° 448',#1769,#1760,#1773,.T.);
#1775=ORIENTED_EDGE('',*,*,#1774,.F.);
#1776=CARTESIAN_POINT('',(-51.0,4.0,37.0));
#1777=VERTEX_POINT('',#1776);
#1778=CARTESIAN_POINT('',(-48.0,4.0,37.0));
#1779=DIRECTION('',(0.0,1.0,-0.0));
#1780=DIRECTION('',(0.0,-0.0,-1.0));
#1781=AXIS2_PLACEMENT_3D('',#1778,#1779,#1780);
#1782=CIRCLE('',#1781,3.0);
#1783=EDGE_CURVE('n° 447',#1777,#1769,#1782,.T.);
#1784=ORIENTED_EDGE('',*,*,#1783,.F.);
#1785=CARTESIAN_POINT('',(-51.0,4.0,43.0));
#1786=VERTEX_POINT('',#1785);
#1787=CARTESIAN_POINT('',(-51.0,4.0,-46.0));
#1788=DIRECTION('',(0.0,0.0,1.0));
#1789=VECTOR('',#1788,1.0);
#1790=LINE('',#1787,#1789);
#1791=EDGE_CURVE('n° 417',#1777,#1786,#1790,.T.);
#1792=ORIENTED_EDGE('',*,*,#1791,.T.);
#1793=CARTESIAN_POINT('',(-48.0,4.0,43.0));
#1794=DIRECTION('',(0.0,1.0,-0.0));
#1795=DIRECTION('',(0.0,-0.0,-1.0));
#1796=AXIS2_PLACEMENT_3D('',#1793,#1794,#1795);
#1797=CIRCLE('',#1796,3.0);
#1798=EDGE_CURVE('n° 2008',#1786,#1542,#1797,.T.);
#1799=ORIENTED_EDGE('',*,*,#1798,.T.);
#1800=EDGE_LOOP('',(
    #1548,#1556,#1564,#1572,#1580,#1588,#1596,#1604,#1611,#1612,
    #1620,#1628,#1636,#1644,#1652,#1660,#1668,#1676,#1684,#1692,
    #1700,#1708,#1716,#1724,#1733,#1741,#1750,#1758,#1767,#1775,
    #1784,#1792,#1799));
#1801=FACE_OUTER_BOUND('',#1800,.T.);
#1802=CARTESIAN_POINT('',(51.0,4.0,-46.0));
#1803=DIRECTION('',(-0.0,-1.0,0.0));
#1804=DIRECTION('',(0.0,-0.0,-1.0));
#1805=AXIS2_PLACEMENT_3D('',#1802,#1803,#1804);
#1806=PLANE('',#1805);
#1807=ADVANCED_FACE('n° 4196',(#1801),#1806,.F.);
#1808=CARTESIAN_POINT('',(8.0,59.0,46.0));
#1809=VERTEX_POINT('',#1808);
#1810=CARTESIAN_POINT('',(-35.0,59.0,46.0));
#1811=VERTEX_POINT('',#1810);
#1812=CARTESIAN_POINT('',(-35.0,59.0,46.0));
#1813=DIRECTION('',(-1.0,0.0,0.0));
#1814=VECTOR('',#1813,1.0);
#1815=LINE('',#1812,#1814);
#1816=EDGE_CURVE('n° 3710',#1809,#1811,#1815,.T.);
#1817=ORIENTED_EDGE('',*,*,#1816,.T.);
#1818=CARTESIAN_POINT('',(-37.0,57.0,46.0));
#1819=VERTEX_POINT('',#1818);
#1820=CARTESIAN_POINT('',(-35.0,57.0,46.0));
#1821=DIRECTION('',(-0.0,-0.0,1.0));
#1822=DIRECTION('',(-1.0,0.0,-0.0));
#1823=AXIS2_PLACEMENT_3D('',#1820,#1821,#1822);
#1824=CIRCLE('',#1823,2.0);
#1825=EDGE_CURVE('n° 3712',#1811,#1819,#1824,.T.);
#1826=ORIENTED_EDGE('',*,*,#1825,.T.);
#1827=CARTESIAN_POINT('',(-37.0,14.0,46.0));
#1828=VERTEX_POINT('',#1827);
#1829=CARTESIAN_POINT('',(-37.0,57.0,46.0));
#1830=DIRECTION('',(0.0,-1.0,0.0));
#1831=VECTOR('',#1830,1.0);
#1832=LINE('',#1829,#1831);
#1833=EDGE_CURVE('n° 3714',#1819,#1828,#1832,.T.);
#1834=ORIENTED_EDGE('',*,*,#1833,.T.);
#1835=CARTESIAN_POINT('',(-35.0,12.0,46.0));
#1836=VERTEX_POINT('',#1835);
#1837=CARTESIAN_POINT('',(-35.0,14.0,46.0));
#1838=DIRECTION('',(-0.0,-0.0,1.0));
#1839=DIRECTION('',(-1.0,0.0,-0.0));
#1840=AXIS2_PLACEMENT_3D('',#1837,#1838,#1839);
#1841=CIRCLE('',#1840,2.0);
#1842=EDGE_CURVE('n° 3716',#1828,#1836,#1841,.T.);
#1843=ORIENTED_EDGE('',*,*,#1842,.T.);
#1844=CARTESIAN_POINT('',(8.0,12.0,46.0));
#1845=VERTEX_POINT('',#1844);
#1846=CARTESIAN_POINT('',(-35.0,12.0,46.0));
#1847=DIRECTION('',(1.0,0.0,0.0));
#1848=VECTOR('',#1847,1.0);
#1849=LINE('',#1846,#1848);
#1850=EDGE_CURVE('n° 3718',#1836,#1845,#1849,.T.);
#1851=ORIENTED_EDGE('',*,*,#1850,.T.);
#1852=CARTESIAN_POINT('',(10.0,14.0,46.0));
#1853=VERTEX_POINT('',#1852);
#1854=CARTESIAN_POINT('',(8.0,14.0,46.0));
#1855=DIRECTION('',(-0.0,-0.0,1.0));
#1856=DIRECTION('',(-1.0,0.0,-0.0));
#1857=AXIS2_PLACEMENT_3D('',#1854,#1855,#1856);
#1858=CIRCLE('',#1857,2.0);
#1859=EDGE_CURVE('n° 3720',#1845,#1853,#1858,.T.);
#1860=ORIENTED_EDGE('',*,*,#1859,.T.);
#1861=CARTESIAN_POINT('',(10.0,57.0,46.0));
#1862=VERTEX_POINT('',#1861);
#1863=CARTESIAN_POINT('',(10.0,57.0,46.0));
#1864=DIRECTION('',(-0.0,1.0,0.0));
#1865=VECTOR('',#1864,1.0);
#1866=LINE('',#1863,#1865);
#1867=EDGE_CURVE('n° 3722',#1853,#1862,#1866,.T.);
#1868=ORIENTED_EDGE('',*,*,#1867,.T.);
#1869=CARTESIAN_POINT('',(8.0,57.0,46.0));
#1870=DIRECTION('',(-0.0,-0.0,1.0));
#1871=DIRECTION('',(-1.0,0.0,-0.0));
#1872=AXIS2_PLACEMENT_3D('',#1869,#1870,#1871);
#1873=CIRCLE('',#1872,2.0);
#1874=EDGE_CURVE('n° 3724',#1862,#1809,#1873,.T.);
#1875=ORIENTED_EDGE('',*,*,#1874,.T.);
#1876=EDGE_LOOP('',(#1817,#1826,#1834,#1843,#1851,#1860,#1868,#1875));
#1877=FACE_OUTER_BOUND('',#1876,.T.);
#1878=ORIENTED_EDGE('',*,*,#1571,.F.);
#1879=CARTESIAN_POINT('',(-43.8247694328,82.0,46.0));
#1880=VERTEX_POINT('',#1879);
#1881=CARTESIAN_POINT('',(-43.8247694328,88.4169869548,46.0));
#1882=DIRECTION('',(0.0,-1.0,0.0));
#1883=VECTOR('',#1882,1.0);
#1884=LINE('',#1881,#1883);
#1885=EDGE_CURVE('n° 4208',#1880,#1558,#1884,.T.);
#1886=ORIENTED_EDGE('',*,*,#1885,.F.);
#1887=CARTESIAN_POINT('',(-48.0,82.0,46.0));
#1888=VERTEX_POINT('',#1887);
#1889=CARTESIAN_POINT('',(-48.0,82.0,46.0));
#1890=DIRECTION('',(1.0,0.0,0.0));
#1891=VECTOR('',#1890,1.0);
#1892=LINE('',#1889,#1891);
#1893=EDGE_CURVE('n° 4218',#1888,#1880,#1892,.T.);
#1894=ORIENTED_EDGE('',*,*,#1893,.F.);
#1895=CARTESIAN_POINT('',(-48.0,100.0,46.0));
#1896=VERTEX_POINT('',#1895);
#1897=CARTESIAN_POINT('',(-48.0,100.0,46.0));
#1898=DIRECTION('',(0.0,1.0,0.0));
#1899=VECTOR('',#1898,1.0);
#1900=LINE('',#1897,#1899);
#1901=EDGE_CURVE('n° 4169',#1888,#1896,#1900,.T.);
#1902=ORIENTED_EDGE('',*,*,#1901,.T.);
#1903=CARTESIAN_POINT('',(48.0,100.0,46.0));
#1904=VERTEX_POINT('',#1903);
#1905=CARTESIAN_POINT('',(51.0,100.0,46.0));
#1906=DIRECTION('',(1.0,0.0,0.0));
#1907=VECTOR('',#1906,1.0);
#1908=LINE('',#1905,#1907);
#1909=EDGE_CURVE('n° 2041',#1896,#1904,#1908,.T.);
#1910=ORIENTED_EDGE('',*,*,#1909,.T.);
#1911=CARTESIAN_POINT('',(48.0,4.0,46.0));
#1912=DIRECTION('',(0.0,-1.0,0.0));
#1913=VECTOR('',#1912,1.0);
#1914=LINE('',#1911,#1913);
#1915=EDGE_CURVE('n° 2046',#1904,#1598,#1914,.T.);
#1916=ORIENTED_EDGE('',*,*,#1915,.T.);
#1917=ORIENTED_EDGE('',*,*,#1603,.F.);
#1918=CARTESIAN_POINT('',(18.3326381582,82.0,46.0));
#1919=VERTEX_POINT('',#1918);
#1920=CARTESIAN_POINT('',(18.3326381582,88.4169869548,46.0));
#1921=DIRECTION('',(0.0,-1.0,0.0));
#1922=VECTOR('',#1921,1.0);
#1923=LINE('',#1920,#1922);
#1924=EDGE_CURVE('n° 4095',#1919,#1590,#1923,.T.);
#1925=ORIENTED_EDGE('',*,*,#1924,.F.);
#1926=CARTESIAN_POINT('',(12.1183223005,82.0,46.0));
#1927=VERTEX_POINT('',#1926);
#1928=CARTESIAN_POINT('',(12.1183223005,82.0,46.0));
#1929=DIRECTION('',(1.0,0.0,0.0));
#1930=VECTOR('',#1929,1.0);
#1931=LINE('',#1928,#1930);
#1932=EDGE_CURVE('n° 4105',#1927,#1919,#1931,.T.);
#1933=ORIENTED_EDGE('',*,*,#1932,.F.);
#1934=CARTESIAN_POINT('',(12.1183223005,88.4169869548,46.0));
#1935=DIRECTION('',(0.0,-1.0,0.0));
#1936=VECTOR('',#1935,1.0);
#1937=LINE('',#1934,#1936);
#1938=EDGE_CURVE('n° 4091',#1927,#1566,#1937,.T.);
#1939=ORIENTED_EDGE('',*,*,#1938,.T.);
#1940=EDGE_LOOP('',(#1878,#1886,#1894,#1902,#1910,#1916,#1917,#1925,#1933,#1939));
#1941=FACE_BOUND('',#1940,.T.);
#1942=CARTESIAN_POINT('',(-51.0,100.0,46.0));
#1943=DIRECTION('',(0.0,0.0,-1.0));
#1944=DIRECTION('',(-1.0,0.0,-0.0));
#1945=AXIS2_PLACEMENT_3D('',#1942,#1943,#1944);
#1946=PLANE('',#1945);
#1947=ADVANCED_FACE('n° 4181',(#1877,#1941),#1946,.T.);
#1948=CARTESIAN_POINT('',(-1.5,4.0,-15.0));
#1949=VERTEX_POINT('',#1948);
#1950=CARTESIAN_POINT('',(-1.5,4.0,-24.5));
#1951=VERTEX_POINT('',#1950);
#1952=CARTESIAN_POINT('',(-1.5,4.0,-15.0));
#1953=DIRECTION('',(0.0,0.0,-1.0));
#1954=VECTOR('',#1953,1.0);
#1955=LINE('',#1952,#1954);
#1956=EDGE_CURVE('n° 1437',#1949,#1951,#1955,.T.);
#1957=ORIENTED_EDGE('',*,*,#1956,.F.);
#1958=CARTESIAN_POINT('',(-3.5,4.0,-13.0));
#1959=VERTEX_POINT('',#1958);
#1960=CARTESIAN_POINT('',(-3.5,4.0,-15.0));
#1961=DIRECTION('',(0.0,1.0,-0.0));
#1962=DIRECTION('',(0.0,-0.0,-1.0));
#1963=AXIS2_PLACEMENT_3D('',#1960,#1961,#1962);
#1964=CIRCLE('',#1963,2.0);
#1965=EDGE_CURVE('n° 1436',#1959,#1949,#1964,.T.);
#1966=ORIENTED_EDGE('',*,*,#1965,.F.);
#1967=CARTESIAN_POINT('',(-48.0,4.0,-13.0));
#1968=VERTEX_POINT('',#1967);
#1969=CARTESIAN_POINT('',(-48.0,4.0,-13.0));
#1970=DIRECTION('',(1.0,0.0,0.0));
#1971=VECTOR('',#1970,1.0);
#1972=LINE('',#1969,#1971);
#1973=EDGE_CURVE('n° 1435',#1968,#1959,#1972,.T.);
#1974=ORIENTED_EDGE('',*,*,#1973,.F.);
#1975=CARTESIAN_POINT('',(-50.0,4.0,-15.0));
#1976=VERTEX_POINT('',#1975);
#1977=CARTESIAN_POINT('',(-48.0,4.0,-15.0));
#1978=DIRECTION('',(0.0,1.0,-0.0));
#1979=DIRECTION('',(0.0,-0.0,-1.0));
#1980=AXIS2_PLACEMENT_3D('',#1977,#1978,#1979);
#1981=CIRCLE('',#1980,2.0);
#1982=EDGE_CURVE('n° 1442',#1976,#1968,#1981,.T.);
#1983=ORIENTED_EDGE('',*,*,#1982,.F.);
#1984=CARTESIAN_POINT('',(-50.0,4.0,-24.5));
#1985=VERTEX_POINT('',#1984);
#1986=CARTESIAN_POINT('',(-50.0,4.0,-15.0));
#1987=DIRECTION('',(0.0,0.0,1.0));
#1988=VECTOR('',#1987,1.0);
#1989=LINE('',#1986,#1988);
#1990=EDGE_CURVE('n° 1441',#1985,#1976,#1989,.T.);
#1991=ORIENTED_EDGE('',*,*,#1990,.F.);
#1992=CARTESIAN_POINT('',(-48.0,4.0,-26.5));
#1993=VERTEX_POINT('',#1992);
#1994=CARTESIAN_POINT('',(-48.0,4.0,-24.5));
#1995=DIRECTION('',(0.0,1.0,-0.0));
#1996=DIRECTION('',(0.0,-0.0,-1.0));
#1997=AXIS2_PLACEMENT_3D('',#1994,#1995,#1996);
#1998=CIRCLE('',#1997,2.0);
#1999=EDGE_CURVE('n° 1440',#1993,#1985,#1998,.T.);
#2000=ORIENTED_EDGE('',*,*,#1999,.F.);
#2001=CARTESIAN_POINT('',(-3.5,4.0,-26.5));
#2002=VERTEX_POINT('',#2001);
#2003=CARTESIAN_POINT('',(-48.0,4.0,-26.5));
#2004=DIRECTION('',(-1.0,0.0,0.0));
#2005=VECTOR('',#2004,1.0);
#2006=LINE('',#2003,#2005);
#2007=EDGE_CURVE('n° 1439',#2002,#1993,#2006,.T.);
#2008=ORIENTED_EDGE('',*,*,#2007,.F.);
#2009=CARTESIAN_POINT('',(-3.5,4.0,-24.5));
#2010=DIRECTION('',(0.0,1.0,-0.0));
#2011=DIRECTION('',(0.0,-0.0,-1.0));
#2012=AXIS2_PLACEMENT_3D('',#2009,#2010,#2011);
#2013=CIRCLE('',#2012,2.0);
#2014=EDGE_CURVE('n° 1438',#1951,#2002,#2013,.T.);
#2015=ORIENTED_EDGE('',*,*,#2014,.F.);
#2016=EDGE_LOOP('',(#1957,#1966,#1974,#1983,#1991,#2000,#2008,#2015));
#2017=FACE_OUTER_BOUND('',#2016,.T.);
#2018=CARTESIAN_POINT('',(-0.5,4.0,-11.6));
#2019=VERTEX_POINT('',#2018);
#2020=CARTESIAN_POINT('',(-51.0,4.0,-11.6));
#2021=VERTEX_POINT('',#2020);
#2022=CARTESIAN_POINT('',(-51.0,4.0,-11.6));
#2023=DIRECTION('',(-1.0,0.0,0.0));
#2024=VECTOR('',#2023,1.0);
#2025=LINE('',#2022,#2024);
#2026=EDGE_CURVE('n° 3520',#2019,#2021,#2025,.T.);
#2027=ORIENTED_EDGE('',*,*,#2026,.F.);
#2028=CARTESIAN_POINT('',(-0.5,4.0,-27.5));
#2029=VERTEX_POINT('',#2028);
#2030=CARTESIAN_POINT('',(-0.5,4.0,5.5));
#2031=DIRECTION('',(0.0,0.0,1.0));
#2032=VECTOR('',#2031,1.0);
#2033=LINE('',#2030,#2032);
#2034=EDGE_CURVE('n° 3338',#2029,#2019,#2033,.T.);
#2035=ORIENTED_EDGE('',*,*,#2034,.F.);
#2036=CARTESIAN_POINT('',(-51.0,4.0,-27.5));
#2037=VERTEX_POINT('',#2036);
#2038=CARTESIAN_POINT('',(-51.0,4.0,-27.5));
#2039=DIRECTION('',(1.0,0.0,0.0));
#2040=VECTOR('',#2039,1.0);
#2041=LINE('',#2038,#2040);
#2042=EDGE_CURVE('n° 3132',#2037,#2029,#2041,.T.);
#2043=ORIENTED_EDGE('',*,*,#2042,.F.);
#2044=CARTESIAN_POINT('',(-51.0,4.0,-46.0));
#2045=DIRECTION('',(0.0,0.0,1.0));
#2046=VECTOR('',#2045,1.0);
#2047=LINE('',#2044,#2046);
#2048=EDGE_CURVE('n° 3063',#2037,#2021,#2047,.T.);
#2049=ORIENTED_EDGE('',*,*,#2048,.T.);
#2050=EDGE_LOOP('',(#2027,#2035,#2043,#2049));
#2051=FACE_BOUND('',#2050,.T.);
#2052=CARTESIAN_POINT('',(51.0,4.0,-46.0));
#2053=DIRECTION('',(-0.0,-1.0,0.0));
#2054=DIRECTION('',(0.0,-0.0,-1.0));
#2055=AXIS2_PLACEMENT_3D('',#2052,#2053,#2054);
#2056=PLANE('',#2055);
#2057=ADVANCED_FACE('n° 3503',(#2017,#2051),#2056,.F.);
#2058=CARTESIAN_POINT('',(-51.0,79.0,19.5));
#2059=VERTEX_POINT('',#2058);
#2060=CARTESIAN_POINT('',(-51.0,9.0,19.5));
#2061=VERTEX_POINT('',#2060);
#2062=CARTESIAN_POINT('',(-51.0,9.0,19.5));
#2063=DIRECTION('',(0.0,-1.0,0.0));
#2064=VECTOR('',#2063,1.0);
#2065=LINE('',#2062,#2064);
#2066=EDGE_CURVE('n° 3921',#2059,#2061,#2065,.T.);
#2067=ORIENTED_EDGE('',*,*,#2066,.T.);
#2068=CARTESIAN_POINT('',(-51.0,9.0,41.5));
#2069=VERTEX_POINT('',#2068);
#2070=CARTESIAN_POINT('',(-51.0,9.0,19.5));
#2071=DIRECTION('',(0.0,0.0,1.0));
#2072=VECTOR('',#2071,1.0);
#2073=LINE('',#2070,#2072);
#2074=EDGE_CURVE('n° 3927',#2061,#2069,#2073,.T.);
#2075=ORIENTED_EDGE('',*,*,#2074,.T.);
#2076=CARTESIAN_POINT('',(-51.0,79.0,41.5));
#2077=VERTEX_POINT('',#2076);
#2078=CARTESIAN_POINT('',(-51.0,9.0,41.5));
#2079=DIRECTION('',(0.0,1.0,0.0));
#2080=VECTOR('',#2079,1.0);
#2081=LINE('',#2078,#2080);
#2082=EDGE_CURVE('n° 3925',#2069,#2077,#2081,.T.);
#2083=ORIENTED_EDGE('',*,*,#2082,.T.);
#2084=CARTESIAN_POINT('',(-51.0,79.0,19.5));
#2085=DIRECTION('',(0.0,0.0,-1.0));
#2086=VECTOR('',#2085,1.0);
#2087=LINE('',#2084,#2086);
#2088=EDGE_CURVE('n° 3923',#2077,#2059,#2087,.T.);
#2089=ORIENTED_EDGE('',*,*,#2088,.T.);
#2090=EDGE_LOOP('',(#2067,#2075,#2083,#2089));
#2091=FACE_OUTER_BOUND('',#2090,.T.);
#2092=CARTESIAN_POINT('',(-51.0,1.0,37.0));
#2093=VERTEX_POINT('',#2092);
#2094=CARTESIAN_POINT('',(-51.0,100.001,37.0));
#2095=DIRECTION('',(0.0,-1.0,0.0));
#2096=VECTOR('',#2095,1.0);
#2097=LINE('',#2094,#2096);
#2098=EDGE_CURVE('n° 458',#1777,#2093,#2097,.T.);
#2099=ORIENTED_EDGE('',*,*,#2098,.T.);
#2100=CARTESIAN_POINT('',(-51.0,1.0,17.5));
#2101=VERTEX_POINT('',#2100);
#2102=CARTESIAN_POINT('',(-51.0,1.0,-46.0));
#2103=DIRECTION('',(-0.0,0.0,-1.0));
#2104=VECTOR('',#2103,1.0);
#2105=LINE('',#2102,#2104);
#2106=EDGE_CURVE('n° 5768',#2093,#2101,#2105,.T.);
#2107=ORIENTED_EDGE('',*,*,#2106,.T.);
#2108=CARTESIAN_POINT('',(-51.0,100.001,17.5));
#2109=DIRECTION('',(0.0,-1.0,0.0));
#2110=VECTOR('',#2109,1.0);
#2111=LINE('',#2108,#2110);
#2112=EDGE_CURVE('n° 457',#1718,#2101,#2111,.T.);
#2113=ORIENTED_EDGE('',*,*,#2112,.F.);
#2114=ORIENTED_EDGE('',*,*,#1723,.F.);
#2115=CARTESIAN_POINT('',(-51.0,82.0,9.5));
#2116=VERTEX_POINT('',#2115);
#2117=CARTESIAN_POINT('',(-51.0,82.0,9.5));
#2118=DIRECTION('',(0.0,-1.0,0.0));
#2119=VECTOR('',#2118,1.0);
#2120=LINE('',#2117,#2119);
#2121=EDGE_CURVE('n° 2284',#2116,#1710,#2120,.T.);
#2122=ORIENTED_EDGE('',*,*,#2121,.F.);
#2123=CARTESIAN_POINT('',(-51.0,82.0,5.5));
#2124=VERTEX_POINT('',#2123);
#2125=CARTESIAN_POINT('',(-51.0,82.0,5.5));
#2126=DIRECTION('',(0.0,0.0,1.0));
#2127=VECTOR('',#2126,1.0);
#2128=LINE('',#2125,#2127);
#2129=EDGE_CURVE('n° 2293',#2124,#2116,#2128,.T.);
#2130=ORIENTED_EDGE('',*,*,#2129,.F.);
#2131=CARTESIAN_POINT('',(-51.0,64.0,5.5));
#2132=VERTEX_POINT('',#2131);
#2133=CARTESIAN_POINT('',(-51.0,82.0,5.5));
#2134=DIRECTION('',(0.0,-1.0,0.0));
#2135=VECTOR('',#2134,1.0);
#2136=LINE('',#2133,#2135);
#2137=EDGE_CURVE('n° 2280',#2124,#2132,#2136,.T.);
#2138=ORIENTED_EDGE('',*,*,#2137,.T.);
#2139=CARTESIAN_POINT('',(-51.0,64.0,-11.6));
#2140=VERTEX_POINT('',#2139);
#2141=CARTESIAN_POINT('',(-51.0,64.0,5.5));
#2142=DIRECTION('',(0.0,0.0,1.0));
#2143=VECTOR('',#2142,1.0);
#2144=LINE('',#2141,#2143);
#2145=EDGE_CURVE('n° 3524',#2140,#2132,#2144,.T.);
#2146=ORIENTED_EDGE('',*,*,#2145,.F.);
#2147=CARTESIAN_POINT('',(-51.0,117.3166015421,-11.6));
#2148=DIRECTION('',(0.0,-1.0,0.0));
#2149=VECTOR('',#2148,1.0);
#2150=LINE('',#2147,#2149);
#2151=EDGE_CURVE('n° 3507',#2140,#2021,#2150,.T.);
#2152=ORIENTED_EDGE('',*,*,#2151,.T.);
#2153=ORIENTED_EDGE('',*,*,#2048,.F.);
#2154=CARTESIAN_POINT('',(-51.0,64.0,-27.5));
#2155=VERTEX_POINT('',#2154);
#2156=CARTESIAN_POINT('',(-51.0,64.0,-27.5));
#2157=DIRECTION('',(0.0,-1.0,0.0));
#2158=VECTOR('',#2157,1.0);
#2159=LINE('',#2156,#2158);
#2160=EDGE_CURVE('n° 3131',#2155,#2037,#2159,.T.);
#2161=ORIENTED_EDGE('',*,*,#2160,.F.);
#2162=CARTESIAN_POINT('',(-51.0,64.0,-30.5));
#2163=VERTEX_POINT('',#2162);
#2164=CARTESIAN_POINT('',(-51.0,64.0,-30.5));
#2165=DIRECTION('',(0.0,0.0,1.0));
#2166=VECTOR('',#2165,1.0);
#2167=LINE('',#2164,#2166);
#2168=EDGE_CURVE('n° 3149',#2163,#2155,#2167,.T.);
#2169=ORIENTED_EDGE('',*,*,#2168,.F.);
#2170=CARTESIAN_POINT('',(-51.0,4.0,-30.5));
#2171=VERTEX_POINT('',#2170);
#2172=CARTESIAN_POINT('',(-51.0,64.0,-30.5));
#2173=DIRECTION('',(0.0,-1.0,0.0));
#2174=VECTOR('',#2173,1.0);
#2175=LINE('',#2172,#2174);
#2176=EDGE_CURVE('n° 3130',#2163,#2171,#2175,.T.);
#2177=ORIENTED_EDGE('',*,*,#2176,.T.);
#2178=CARTESIAN_POINT('',(-51.0,4.0,-43.0));
#2179=VERTEX_POINT('',#2178);
#2180=CARTESIAN_POINT('',(-51.0,4.0,-46.0));
#2181=DIRECTION('',(0.0,0.0,1.0));
#2182=VECTOR('',#2181,1.0);
#2183=LINE('',#2180,#2182);
#2184=EDGE_CURVE('n° 1994',#2179,#2171,#2183,.T.);
#2185=ORIENTED_EDGE('',*,*,#2184,.F.);
#2186=CARTESIAN_POINT('',(-51.0,100.0,-43.0));
#2187=VERTEX_POINT('',#2186);
#2188=CARTESIAN_POINT('',(-51.0,100.0,-43.0));
#2189=DIRECTION('',(0.0,1.0,0.0));
#2190=VECTOR('',#2189,1.0);
#2191=LINE('',#2188,#2190);
#2192=EDGE_CURVE('n° 2033',#2179,#2187,#2191,.T.);
#2193=ORIENTED_EDGE('',*,*,#2192,.T.);
#2194=CARTESIAN_POINT('',(-51.0,100.0,43.0));
#2195=VERTEX_POINT('',#2194);
#2196=CARTESIAN_POINT('',(-51.0,100.0,-46.0));
#2197=DIRECTION('',(0.0,0.0,1.0));
#2198=VECTOR('',#2197,1.0);
#2199=LINE('',#2196,#2198);
#2200=EDGE_CURVE('n° 2021',#2187,#2195,#2199,.T.);
#2201=ORIENTED_EDGE('',*,*,#2200,.T.);
#2202=CARTESIAN_POINT('',(-51.0,4.0,43.0));
#2203=DIRECTION('',(0.0,-1.0,0.0));
#2204=VECTOR('',#2203,1.0);
#2205=LINE('',#2202,#2204);
#2206=EDGE_CURVE('n° 2026',#2195,#1786,#2205,.T.);
#2207=ORIENTED_EDGE('',*,*,#2206,.T.);
#2208=ORIENTED_EDGE('',*,*,#1791,.F.);
#2209=EDGE_LOOP('',(
    #2099,#2107,#2113,#2114,#2122,#2130,#2138,#2146,#2152,#2153,
    #2161,#2169,#2177,#2185,#2193,#2201,#2207,#2208));
#2210=FACE_BOUND('',#2209,.T.);
#2211=CARTESIAN_POINT('',(-51.0,100.0,-46.0));
#2212=DIRECTION('',(1.0,0.0,-0.0));
#2213=DIRECTION('',(-0.0,0.0,-1.0));
#2214=AXIS2_PLACEMENT_3D('',#2211,#2212,#2213);
#2215=PLANE('',#2214);
#2216=ADVANCED_FACE('n° 3490',(#2091,#2210),#2215,.T.);
#2217=CARTESIAN_POINT('',(-0.5,64.0,-11.6));
#2218=VERTEX_POINT('',#2217);
#2219=CARTESIAN_POINT('',(-0.5,117.3166015421,-11.6));
#2220=DIRECTION('',(0.0,-1.0,0.0));
#2221=VECTOR('',#2220,1.0);
#2222=LINE('',#2219,#2221);
#2223=EDGE_CURVE('n° 3519',#2218,#2019,#2222,.T.);
#2224=ORIENTED_EDGE('',*,*,#2223,.F.);
#2225=CARTESIAN_POINT('',(-0.5,64.0,-27.5));
#2226=VERTEX_POINT('',#2225);
#2227=CARTESIAN_POINT('',(-0.5,64.0,5.5));
#2228=DIRECTION('',(0.0,0.0,1.0));
#2229=VECTOR('',#2228,1.0);
#2230=LINE('',#2227,#2229);
#2231=EDGE_CURVE('n° 3360',#2226,#2218,#2230,.T.);
#2232=ORIENTED_EDGE('',*,*,#2231,.F.);
#2233=CARTESIAN_POINT('',(-0.5,97.0605505096,-27.5));
#2234=DIRECTION('',(0.0,-1.0,0.0));
#2235=VECTOR('',#2234,1.0);
#2236=LINE('',#2233,#2235);
#2237=EDGE_CURVE('n° 3337',#2226,#2029,#2236,.T.);
#2238=ORIENTED_EDGE('',*,*,#2237,.T.);
#2239=ORIENTED_EDGE('',*,*,#2034,.T.);
#2240=EDGE_LOOP('',(#2224,#2232,#2238,#2239));
#2241=FACE_OUTER_BOUND('',#2240,.T.);
#2242=CARTESIAN_POINT('',(-0.5,97.0605505096,5.5));
#2243=DIRECTION('',(1.0,-0.0,0.0));
#2244=DIRECTION('',(0.0,0.0,-1.0));
#2245=AXIS2_PLACEMENT_3D('',#2242,#2243,#2244);
#2246=PLANE('',#2245);
#2247=ADVANCED_FACE('n° 3474',(#2241),#2246,.F.);
#2248=CARTESIAN_POINT('',(36.0,64.0,5.5));
#2249=VERTEX_POINT('',#2248);
#2250=CARTESIAN_POINT('',(36.0,82.0,5.5));
#2251=VERTEX_POINT('',#2250);
#2252=CARTESIAN_POINT('',(36.0,82.0,5.5));
#2253=DIRECTION('',(0.0,1.0,0.0));
#2254=VECTOR('',#2253,1.0);
#2255=LINE('',#2252,#2254);
#2256=EDGE_CURVE('n° 4332',#2249,#2251,#2255,.T.);
#2257=ORIENTED_EDGE('',*,*,#2256,.F.);
#2258=CARTESIAN_POINT('',(-0.5,64.0,5.5));
#2259=DIRECTION('',(1.0,0.0,0.0));
#2260=VECTOR('',#2259,1.0);
#2261=LINE('',#2258,#2260);
#2262=EDGE_CURVE('n° 3361',#2132,#2249,#2261,.T.);
#2263=ORIENTED_EDGE('',*,*,#2262,.F.);
#2264=ORIENTED_EDGE('',*,*,#2137,.F.);
#2265=CARTESIAN_POINT('',(-51.0,82.0,5.5));
#2266=DIRECTION('',(-1.0,0.0,0.0));
#2267=VECTOR('',#2266,1.0);
#2268=LINE('',#2265,#2267);
#2269=EDGE_CURVE('n° 2875',#2251,#2124,#2268,.T.);
#2270=ORIENTED_EDGE('',*,*,#2269,.F.);
#2271=EDGE_LOOP('',(#2257,#2263,#2264,#2270));
#2272=FACE_OUTER_BOUND('',#2271,.T.);
#2273=CARTESIAN_POINT('',(-51.0,82.0,5.5));
#2274=DIRECTION('',(0.0,0.0,1.0));
#2275=DIRECTION('',(1.0,0.0,-0.0));
#2276=AXIS2_PLACEMENT_3D('',#2273,#2274,#2275);
#2277=PLANE('',#2276);
#2278=ADVANCED_FACE('n° 3320',(#2272),#2277,.F.);
#2279=ORIENTED_EDGE('',*,*,#2237,.F.);
#2280=CARTESIAN_POINT('',(-51.0,64.0,-27.5));
#2281=DIRECTION('',(1.0,0.0,0.0));
#2282=VECTOR('',#2281,1.0);
#2283=LINE('',#2280,#2282);
#2284=EDGE_CURVE('n° 3142',#2155,#2226,#2283,.T.);
#2285=ORIENTED_EDGE('',*,*,#2284,.F.);
#2286=ORIENTED_EDGE('',*,*,#2160,.T.);
#2287=ORIENTED_EDGE('',*,*,#2042,.T.);
#2288=EDGE_LOOP('',(#2279,#2285,#2286,#2287));
#2289=FACE_OUTER_BOUND('',#2288,.T.);
#2290=CARTESIAN_POINT('',(-51.0,64.0,-27.5));
#2291=DIRECTION('',(0.0,0.0,-1.0));
#2292=DIRECTION('',(-1.0,0.0,-0.0));
#2293=AXIS2_PLACEMENT_3D('',#2290,#2291,#2292);
#2294=PLANE('',#2293);
#2295=ADVANCED_FACE('n° 3299',(#2289),#2294,.F.);
#2296=CARTESIAN_POINT('',(-1.5,4.0,-33.5));
#2297=VERTEX_POINT('',#2296);
#2298=CARTESIAN_POINT('',(-1.5,4.0,-43.0));
#2299=VERTEX_POINT('',#2298);
#2300=CARTESIAN_POINT('',(-1.5,4.0,-33.5));
#2301=DIRECTION('',(0.0,0.0,-1.0));
#2302=VECTOR('',#2301,1.0);
#2303=LINE('',#2300,#2302);
#2304=EDGE_CURVE('n° 1245',#2297,#2299,#2303,.T.);
#2305=ORIENTED_EDGE('',*,*,#2304,.F.);
#2306=CARTESIAN_POINT('',(-3.5,4.0,-31.5));
#2307=VERTEX_POINT('',#2306);
#2308=CARTESIAN_POINT('',(-3.5,4.0,-33.5));
#2309=DIRECTION('',(0.0,1.0,-0.0));
#2310=DIRECTION('',(0.0,-0.0,-1.0));
#2311=AXIS2_PLACEMENT_3D('',#2308,#2309,#2310);
#2312=CIRCLE('',#2311,2.0);
#2313=EDGE_CURVE('n° 1244',#2307,#2297,#2312,.T.);
#2314=ORIENTED_EDGE('',*,*,#2313,.F.);
#2315=CARTESIAN_POINT('',(-48.0,4.0,-31.5));
#2316=VERTEX_POINT('',#2315);
#2317=CARTESIAN_POINT('',(-48.0,4.0,-31.5));
#2318=DIRECTION('',(1.0,0.0,0.0));
#2319=VECTOR('',#2318,1.0);
#2320=LINE('',#2317,#2319);
#2321=EDGE_CURVE('n° 1243',#2316,#2307,#2320,.T.);
#2322=ORIENTED_EDGE('',*,*,#2321,.F.);
#2323=CARTESIAN_POINT('',(-50.0,4.0,-33.5));
#2324=VERTEX_POINT('',#2323);
#2325=CARTESIAN_POINT('',(-48.0,4.0,-33.5));
#2326=DIRECTION('',(0.0,1.0,-0.0));
#2327=DIRECTION('',(0.0,-0.0,-1.0));
#2328=AXIS2_PLACEMENT_3D('',#2325,#2326,#2327);
#2329=CIRCLE('',#2328,2.0);
#2330=EDGE_CURVE('n° 1250',#2324,#2316,#2329,.T.);
#2331=ORIENTED_EDGE('',*,*,#2330,.F.);
#2332=CARTESIAN_POINT('',(-50.0,4.0,-43.0));
#2333=VERTEX_POINT('',#2332);
#2334=CARTESIAN_POINT('',(-50.0,4.0,-33.5));
#2335=DIRECTION('',(0.0,0.0,1.0));
#2336=VECTOR('',#2335,1.0);
#2337=LINE('',#2334,#2336);
#2338=EDGE_CURVE('n° 1249',#2333,#2324,#2337,.T.);
#2339=ORIENTED_EDGE('',*,*,#2338,.F.);
#2340=CARTESIAN_POINT('',(-48.0,4.0,-45.0));
#2341=VERTEX_POINT('',#2340);
#2342=CARTESIAN_POINT('',(-48.0,4.0,-43.0));
#2343=DIRECTION('',(0.0,1.0,-0.0));
#2344=DIRECTION('',(0.0,-0.0,-1.0));
#2345=AXIS2_PLACEMENT_3D('',#2342,#2343,#2344);
#2346=CIRCLE('',#2345,2.0);
#2347=EDGE_CURVE('n° 1248',#2341,#2333,#2346,.T.);
#2348=ORIENTED_EDGE('',*,*,#2347,.F.);
#2349=CARTESIAN_POINT('',(-3.5,4.0,-45.0));
#2350=VERTEX_POINT('',#2349);
#2351=CARTESIAN_POINT('',(-48.0,4.0,-45.0));
#2352=DIRECTION('',(-1.0,0.0,0.0));
#2353=VECTOR('',#2352,1.0);
#2354=LINE('',#2351,#2353);
#2355=EDGE_CURVE('n° 1247',#2350,#2341,#2354,.T.);
#2356=ORIENTED_EDGE('',*,*,#2355,.F.);
#2357=CARTESIAN_POINT('',(-3.5,4.0,-43.0));
#2358=DIRECTION('',(0.0,1.0,-0.0));
#2359=DIRECTION('',(0.0,-0.0,-1.0));
#2360=AXIS2_PLACEMENT_3D('',#2357,#2358,#2359);
#2361=CIRCLE('',#2360,2.0);
#2362=EDGE_CURVE('n° 1246',#2299,#2350,#2361,.T.);
#2363=ORIENTED_EDGE('',*,*,#2362,.F.);
#2364=EDGE_LOOP('',(#2305,#2314,#2322,#2331,#2339,#2348,#2356,#2363));
#2365=FACE_OUTER_BOUND('',#2364,.T.);
#2366=CARTESIAN_POINT('',(50.0,4.0,-33.5));
#2367=VERTEX_POINT('',#2366);
#2368=CARTESIAN_POINT('',(50.0,4.0,-43.0));
#2369=VERTEX_POINT('',#2368);
#2370=CARTESIAN_POINT('',(50.0,4.0,-33.5));
#2371=DIRECTION('',(0.0,0.0,-1.0));
#2372=VECTOR('',#2371,1.0);
#2373=LINE('',#2370,#2372);
#2374=EDGE_CURVE('n° 1533',#2367,#2369,#2373,.T.);
#2375=ORIENTED_EDGE('',*,*,#2374,.F.);
#2376=CARTESIAN_POINT('',(48.0,4.0,-31.5));
#2377=VERTEX_POINT('',#2376);
#2378=CARTESIAN_POINT('',(48.0,4.0,-33.5));
#2379=DIRECTION('',(0.0,1.0,-0.0));
#2380=DIRECTION('',(0.0,-0.0,-1.0));
#2381=AXIS2_PLACEMENT_3D('',#2378,#2379,#2380);
#2382=CIRCLE('',#2381,2.0);
#2383=EDGE_CURVE('n° 1532',#2377,#2367,#2382,.T.);
#2384=ORIENTED_EDGE('',*,*,#2383,.F.);
#2385=CARTESIAN_POINT('',(3.5,4.0,-31.5));
#2386=VERTEX_POINT('',#2385);
#2387=CARTESIAN_POINT('',(3.5,4.0,-31.5));
#2388=DIRECTION('',(1.0,0.0,0.0));
#2389=VECTOR('',#2388,1.0);
#2390=LINE('',#2387,#2389);
#2391=EDGE_CURVE('n° 1531',#2386,#2377,#2390,.T.);
#2392=ORIENTED_EDGE('',*,*,#2391,.F.);
#2393=CARTESIAN_POINT('',(1.5,4.0,-33.5));
#2394=VERTEX_POINT('',#2393);
#2395=CARTESIAN_POINT('',(3.5,4.0,-33.5));
#2396=DIRECTION('',(0.0,1.0,-0.0));
#2397=DIRECTION('',(0.0,-0.0,-1.0));
#2398=AXIS2_PLACEMENT_3D('',#2395,#2396,#2397);
#2399=CIRCLE('',#2398,2.0);
#2400=EDGE_CURVE('n° 1538',#2394,#2386,#2399,.T.);
#2401=ORIENTED_EDGE('',*,*,#2400,.F.);
#2402=CARTESIAN_POINT('',(1.5,4.0,-43.0));
#2403=VERTEX_POINT('',#2402);
#2404=CARTESIAN_POINT('',(1.5,4.0,-33.5));
#2405=DIRECTION('',(-0.0,0.0,1.0));
#2406=VECTOR('',#2405,1.0);
#2407=LINE('',#2404,#2406);
#2408=EDGE_CURVE('n° 1537',#2403,#2394,#2407,.T.);
#2409=ORIENTED_EDGE('',*,*,#2408,.F.);
#2410=CARTESIAN_POINT('',(3.5,4.0,-45.0));
#2411=VERTEX_POINT('',#2410);
#2412=CARTESIAN_POINT('',(3.5,4.0,-43.0));
#2413=DIRECTION('',(0.0,1.0,-0.0));
#2414=DIRECTION('',(0.0,-0.0,-1.0));
#2415=AXIS2_PLACEMENT_3D('',#2412,#2413,#2414);
#2416=CIRCLE('',#2415,2.0);
#2417=EDGE_CURVE('n° 1536',#2411,#2403,#2416,.T.);
#2418=ORIENTED_EDGE('',*,*,#2417,.F.);
#2419=CARTESIAN_POINT('',(48.0,4.0,-45.0));
#2420=VERTEX_POINT('',#2419);
#2421=CARTESIAN_POINT('',(3.5,4.0,-45.0));
#2422=DIRECTION('',(-1.0,0.0,0.0));
#2423=VECTOR('',#2422,1.0);
#2424=LINE('',#2421,#2423);
#2425=EDGE_CURVE('n° 1535',#2420,#2411,#2424,.T.);
#2426=ORIENTED_EDGE('',*,*,#2425,.F.);
#2427=CARTESIAN_POINT('',(48.0,4.0,-43.0));
#2428=DIRECTION('',(0.0,1.0,-0.0));
#2429=DIRECTION('',(0.0,-0.0,-1.0));
#2430=AXIS2_PLACEMENT_3D('',#2427,#2428,#2429);
#2431=CIRCLE('',#2430,2.0);
#2432=EDGE_CURVE('n° 1534',#2369,#2420,#2431,.T.);
#2433=ORIENTED_EDGE('',*,*,#2432,.F.);
#2434=EDGE_LOOP('',(#2375,#2384,#2392,#2401,#2409,#2418,#2426,#2433));
#2435=FACE_BOUND('',#2434,.T.);
#2436=CARTESIAN_POINT('',(51.0,4.0,-30.5));
#2437=DIRECTION('',(-1.0,0.0,0.0));
#2438=VECTOR('',#2437,1.0);
#2439=LINE('',#2436,#2438);
#2440=EDGE_CURVE('n° 3065',#1460,#2171,#2439,.T.);
#2441=ORIENTED_EDGE('',*,*,#2440,.F.);
#2442=ORIENTED_EDGE('',*,*,#1465,.T.);
#2443=CARTESIAN_POINT('',(48.0,4.0,-46.0));
#2444=VERTEX_POINT('',#2443);
#2445=CARTESIAN_POINT('',(48.0,4.0,-43.0));
#2446=DIRECTION('',(0.0,1.0,-0.0));
#2447=DIRECTION('',(0.0,-0.0,-1.0));
#2448=AXIS2_PLACEMENT_3D('',#2445,#2446,#2447);
#2449=CIRCLE('',#2448,3.0);
#2450=EDGE_CURVE('n° 1996',#1452,#2444,#2449,.T.);
#2451=ORIENTED_EDGE('',*,*,#2450,.T.);
#2452=CARTESIAN_POINT('',(-48.0,4.0,-46.0));
#2453=VERTEX_POINT('',#2452);
#2454=CARTESIAN_POINT('',(51.0,4.0,-46.0));
#2455=DIRECTION('',(-1.0,0.0,0.0));
#2456=VECTOR('',#2455,1.0);
#2457=LINE('',#2454,#2456);
#2458=EDGE_CURVE('n° 1955',#2444,#2453,#2457,.T.);
#2459=ORIENTED_EDGE('',*,*,#2458,.T.);
#2460=CARTESIAN_POINT('',(-48.0,4.0,-43.0));
#2461=DIRECTION('',(0.0,1.0,-0.0));
#2462=DIRECTION('',(0.0,-0.0,-1.0));
#2463=AXIS2_PLACEMENT_3D('',#2460,#2461,#2462);
#2464=CIRCLE('',#2463,3.0);
#2465=EDGE_CURVE('n° 2014',#2453,#2179,#2464,.T.);
#2466=ORIENTED_EDGE('',*,*,#2465,.T.);
#2467=ORIENTED_EDGE('',*,*,#2184,.T.);
#2468=EDGE_LOOP('',(#2441,#2442,#2451,#2459,#2466,#2467));
#2469=FACE_BOUND('',#2468,.T.);
#2470=CARTESIAN_POINT('',(51.0,4.0,-46.0));
#2471=DIRECTION('',(-0.0,-1.0,0.0));
#2472=DIRECTION('',(0.0,-0.0,-1.0));
#2473=AXIS2_PLACEMENT_3D('',#2470,#2471,#2472);
#2474=PLANE('',#2473);
#2475=ADVANCED_FACE('n° 3068',(#2365,#2435,#2469),#2474,.F.);
#2476=CARTESIAN_POINT('',(25.0,82.0,9.5));
#2477=VERTEX_POINT('',#2476);
#2478=CARTESIAN_POINT('',(25.0,92.295630141,9.5));
#2479=DIRECTION('',(0.0,-1.0,0.0));
#2480=VECTOR('',#2479,1.0);
#2481=LINE('',#2478,#2480);
#2482=EDGE_CURVE('n° 2767',#2477,#1638,#2481,.T.);
#2483=ORIENTED_EDGE('',*,*,#2482,.F.);
#2484=CARTESIAN_POINT('',(10.5,82.0,9.5));
#2485=VERTEX_POINT('',#2484);
#2486=CARTESIAN_POINT('',(-51.0,82.0,9.5));
#2487=DIRECTION('',(1.0,0.0,0.0));
#2488=VECTOR('',#2487,1.0);
#2489=LINE('',#2486,#2488);
#2490=EDGE_CURVE('n° 2561',#2485,#2477,#2489,.T.);
#2491=ORIENTED_EDGE('',*,*,#2490,.F.);
#2492=CARTESIAN_POINT('',(10.5,97.0332963784,9.5));
#2493=DIRECTION('',(0.0,-1.0,0.0));
#2494=VECTOR('',#2493,1.0);
#2495=LINE('',#2492,#2494);
#2496=EDGE_CURVE('n° 2601',#2485,#1646,#2495,.T.);
#2497=ORIENTED_EDGE('',*,*,#2496,.T.);
#2498=ORIENTED_EDGE('',*,*,#1651,.T.);
#2499=EDGE_LOOP('',(#2483,#2491,#2497,#2498));
#2500=FACE_OUTER_BOUND('',#2499,.T.);
#2501=CARTESIAN_POINT('',(-51.0,82.0,9.5));
#2502=DIRECTION('',(0.0,0.0,-1.0));
#2503=DIRECTION('',(-1.0,0.0,-0.0));
#2504=AXIS2_PLACEMENT_3D('',#2501,#2502,#2503);
#2505=PLANE('',#2504);
#2506=ADVANCED_FACE('n° 2743',(#2500),#2505,.F.);
#2507=CARTESIAN_POINT('',(36.0,62.0,9.5));
#2508=VERTEX_POINT('',#2507);
#2509=CARTESIAN_POINT('',(36.0,62.0,9.5));
#2510=DIRECTION('',(1.0,0.0,0.0));
#2511=VECTOR('',#2510,1.0);
#2512=LINE('',#2509,#2511);
#2513=EDGE_CURVE('n° 2932',#2508,#1502,#2512,.T.);
#2514=ORIENTED_EDGE('',*,*,#2513,.F.);
#2515=CARTESIAN_POINT('',(36.0,82.0,9.5));
#2516=VERTEX_POINT('',#2515);
#2517=CARTESIAN_POINT('',(36.0,82.0,9.5));
#2518=DIRECTION('',(-0.0,-1.0,0.0));
#2519=VECTOR('',#2518,1.0);
#2520=LINE('',#2517,#2519);
#2521=EDGE_CURVE('n° 2931',#2516,#2508,#2520,.T.);
#2522=ORIENTED_EDGE('',*,*,#2521,.F.);
#2523=CARTESIAN_POINT('',(34.0,82.0,9.5));
#2524=VERTEX_POINT('',#2523);
#2525=CARTESIAN_POINT('',(-51.0,82.0,9.5));
#2526=DIRECTION('',(1.0,0.0,0.0));
#2527=VECTOR('',#2526,1.0);
#2528=LINE('',#2525,#2527);
#2529=EDGE_CURVE('n° 2726',#2524,#2516,#2528,.T.);
#2530=ORIENTED_EDGE('',*,*,#2529,.F.);
#2531=CARTESIAN_POINT('',(34.0,92.295630141,9.5));
#2532=DIRECTION('',(0.0,-1.0,0.0));
#2533=VECTOR('',#2532,1.0);
#2534=LINE('',#2531,#2533);
#2535=EDGE_CURVE('n° 2761',#2524,#1614,#2534,.T.);
#2536=ORIENTED_EDGE('',*,*,#2535,.T.);
#2537=ORIENTED_EDGE('',*,*,#1619,.T.);
#2538=ORIENTED_EDGE('',*,*,#1515,.F.);
#2539=EDGE_LOOP('',(#2514,#2522,#2530,#2536,#2537,#2538));
#2540=FACE_OUTER_BOUND('',#2539,.T.);
#2541=CARTESIAN_POINT('',(-51.0,82.0,9.5));
#2542=DIRECTION('',(0.0,0.0,-1.0));
#2543=DIRECTION('',(-1.0,0.0,-0.0));
#2544=AXIS2_PLACEMENT_3D('',#2541,#2542,#2543);
#2545=PLANE('',#2544);
#2546=ADVANCED_FACE('n° 2737',(#2540),#2545,.F.);
#2547=CARTESIAN_POINT('',(-4.5,82.0,9.5));
#2548=VERTEX_POINT('',#2547);
#2549=CARTESIAN_POINT('',(-4.5,97.0332963784,9.5));
#2550=DIRECTION('',(0.0,-1.0,0.0));
#2551=VECTOR('',#2550,1.0);
#2552=LINE('',#2549,#2551);
#2553=EDGE_CURVE('n° 2605',#2548,#1670,#2552,.T.);
#2554=ORIENTED_EDGE('',*,*,#2553,.F.);
#2555=CARTESIAN_POINT('',(-30.0,82.0,9.5));
#2556=VERTEX_POINT('',#2555);
#2557=CARTESIAN_POINT('',(-51.0,82.0,9.5));
#2558=DIRECTION('',(1.0,0.0,0.0));
#2559=VECTOR('',#2558,1.0);
#2560=LINE('',#2557,#2559);
#2561=EDGE_CURVE('n° 2400',#2556,#2548,#2560,.T.);
#2562=ORIENTED_EDGE('',*,*,#2561,.F.);
#2563=CARTESIAN_POINT('',(-30.0,97.0332963784,9.5));
#2564=DIRECTION('',(0.0,-1.0,0.0));
#2565=VECTOR('',#2564,1.0);
#2566=LINE('',#2563,#2565);
#2567=EDGE_CURVE('n° 2440',#2556,#1678,#2566,.T.);
#2568=ORIENTED_EDGE('',*,*,#2567,.T.);
#2569=ORIENTED_EDGE('',*,*,#1683,.T.);
#2570=EDGE_LOOP('',(#2554,#2562,#2568,#2569));
#2571=FACE_OUTER_BOUND('',#2570,.T.);
#2572=CARTESIAN_POINT('',(-51.0,82.0,9.5));
#2573=DIRECTION('',(0.0,0.0,-1.0));
#2574=DIRECTION('',(-1.0,0.0,-0.0));
#2575=AXIS2_PLACEMENT_3D('',#2572,#2573,#2574);
#2576=PLANE('',#2575);
#2577=ADVANCED_FACE('n° 2572',(#2571),#2576,.F.);
#2578=CARTESIAN_POINT('',(-45.0,82.0,9.5));
#2579=VERTEX_POINT('',#2578);
#2580=CARTESIAN_POINT('',(-45.0,97.0332963784,9.5));
#2581=DIRECTION('',(0.0,-1.0,0.0));
#2582=VECTOR('',#2581,1.0);
#2583=LINE('',#2580,#2582);
#2584=EDGE_CURVE('n° 2444',#2579,#1702,#2583,.T.);
#2585=ORIENTED_EDGE('',*,*,#2584,.F.);
#2586=CARTESIAN_POINT('',(-51.0,82.0,9.5));
#2587=DIRECTION('',(1.0,0.0,0.0));
#2588=VECTOR('',#2587,1.0);
#2589=LINE('',#2586,#2588);
#2590=EDGE_CURVE('n° 2296',#2116,#2579,#2589,.T.);
#2591=ORIENTED_EDGE('',*,*,#2590,.F.);
#2592=ORIENTED_EDGE('',*,*,#2121,.T.);
#2593=ORIENTED_EDGE('',*,*,#1715,.T.);
#2594=EDGE_LOOP('',(#2585,#2591,#2592,#2593));
#2595=FACE_OUTER_BOUND('',#2594,.T.);
#2596=CARTESIAN_POINT('',(-51.0,82.0,9.5));
#2597=DIRECTION('',(0.0,0.0,-1.0));
#2598=DIRECTION('',(-1.0,0.0,-0.0));
#2599=AXIS2_PLACEMENT_3D('',#2596,#2597,#2598);
#2600=PLANE('',#2599);
#2601=ADVANCED_FACE('n° 2411',(#2595),#2600,.F.);
#2602=CARTESIAN_POINT('',(13.2360679775,2.0,39.0));
#2603=VERTEX_POINT('',#2602);
#2604=CARTESIAN_POINT('',(14.0,2.0,37.0));
#2605=VERTEX_POINT('',#2604);
#2606=CARTESIAN_POINT('',(11.0,2.0,37.0));
#2607=DIRECTION('',(-0.0,1.0,-0.0));
#2608=DIRECTION('',(0.0,-0.0,-1.0));
#2609=AXIS2_PLACEMENT_3D('',#2606,#2607,#2608);
#2610=CIRCLE('',#2609,3.0);
#2611=EDGE_CURVE('n° 5402',#2603,#2605,#2610,.T.);
#2612=ORIENTED_EDGE('',*,*,#2611,.F.);
#2613=CARTESIAN_POINT('',(11.0,1.0,40.0));
#2614=VERTEX_POINT('',#2613);
#2615=CARTESIAN_POINT('',(13.2360679775,2.0,39.0));
#2616=CARTESIAN_POINT('',(13.1237375641,2.0,39.1255892201));
#2617=CARTESIAN_POINT('',(12.9998253349,1.9763345287,39.2422475086));
#2618=CARTESIAN_POINT('',(12.6590413335,1.8764526872,39.5142491221));
#2619=CARTESIAN_POINT('',(12.4286347007,1.775102751,39.6501822993));
#2620=CARTESIAN_POINT('',(11.8637021673,1.4955249495,39.8957077308));
#2621=CARTESIAN_POINT('',(11.5157127496,1.2971767096,39.9753768681));
#2622=CARTESIAN_POINT('',(11.1175645956,1.0678715306,39.9981834572));
#2623=CARTESIAN_POINT('',(11.063519149,1.0366725481,39.9998141338));
#2624=CARTESIAN_POINT('',(11.006324564,1.0036514893,39.999995));
#2625=CARTESIAN_POINT('',(11.0031622825,1.0018257403,40.0));
#2626=CARTESIAN_POINT('',(11.0,1.0,40.0));
#2627=B_SPLINE_CURVE_WITH_KNOTS('',3,(#2615,#2616,#2617,#2618,#2619,#2620,#2621,#2622,#2623,#2624,
    #2625,#2626),.UNSPECIFIED.,.F.,.U.,
 (4,2,2,2,2,4),(0.0,0.1849575378,0.4910226579,0.9275049244,0.9959917648,1.0),.UNSPECIFIED.);
#2628=EDGE_CURVE('n° 5487',#2603,#2614,#2627,.T.);
#2629=ORIENTED_EDGE('',*,*,#2628,.T.);
#2630=CARTESIAN_POINT('',(11.0,100.001,40.0));
#2631=DIRECTION('',(0.0,-1.0,0.0));
#2632=VECTOR('',#2631,1.0);
#2633=LINE('',#2630,#2632);
#2634=EDGE_CURVE('n° 452',#1760,#2614,#2633,.T.);
#2635=ORIENTED_EDGE('',*,*,#2634,.F.);
#2636=ORIENTED_EDGE('',*,*,#1766,.T.);
#2637=CARTESIAN_POINT('',(14.0,100.001,37.0));
#2638=DIRECTION('',(0.0,-1.0,0.0));
#2639=VECTOR('',#2638,1.0);
#2640=LINE('',#2637,#2639);
#2641=EDGE_CURVE('n° 453',#1752,#2605,#2640,.T.);
#2642=ORIENTED_EDGE('',*,*,#2641,.T.);
#2643=EDGE_LOOP('',(#2612,#2629,#2635,#2636,#2642));
#2644=FACE_OUTER_BOUND('',#2643,.T.);
#2645=CARTESIAN_POINT('',(11.0,100.001,37.0));
#2646=DIRECTION('',(-0.0,-1.0,-0.0));
#2647=DIRECTION('',(0.0,0.0,-1.0));
#2648=AXIS2_PLACEMENT_3D('',#2645,#2646,#2647);
#2649=CYLINDRICAL_SURFACE('',#2648,3.0);
#2650=ADVANCED_FACE('n° 674',(#2644),#2649,.F.);
#2651=CARTESIAN_POINT('',(14.0,2.0,17.5));
#2652=VERTEX_POINT('',#2651);
#2653=CARTESIAN_POINT('',(14.0,2.0,17.5));
#2654=DIRECTION('',(0.0,0.0,-1.0));
#2655=VECTOR('',#2654,1.0);
#2656=LINE('',#2653,#2655);
#2657=EDGE_CURVE('n° 728',#2605,#2652,#2656,.T.);
#2658=ORIENTED_EDGE('',*,*,#2657,.F.);
#2659=ORIENTED_EDGE('',*,*,#2641,.F.);
#2660=ORIENTED_EDGE('',*,*,#1757,.T.);
#2661=CARTESIAN_POINT('',(14.0,100.001,17.5));
#2662=DIRECTION('',(0.0,-1.0,0.0));
#2663=VECTOR('',#2662,1.0);
#2664=LINE('',#2661,#2663);
#2665=EDGE_CURVE('n° 454',#1743,#2652,#2664,.T.);
#2666=ORIENTED_EDGE('',*,*,#2665,.T.);
#2667=EDGE_LOOP('',(#2658,#2659,#2660,#2666));
#2668=FACE_OUTER_BOUND('',#2667,.T.);
#2669=CARTESIAN_POINT('',(14.0,100.001,37.0));
#2670=DIRECTION('',(1.0,-0.0,0.0));
#2671=DIRECTION('',(0.0,0.0,-1.0));
#2672=AXIS2_PLACEMENT_3D('',#2669,#2670,#2671);
#2673=PLANE('',#2672);
#2674=ADVANCED_FACE('n° 668',(#2668),#2673,.F.);
#2675=CARTESIAN_POINT('',(13.2360679775,2.0,15.5));
#2676=VERTEX_POINT('',#2675);
#2677=CARTESIAN_POINT('',(11.0,2.0,17.5));
#2678=DIRECTION('',(-0.0,1.0,-0.0));
#2679=DIRECTION('',(0.0,-0.0,-1.0));
#2680=AXIS2_PLACEMENT_3D('',#2677,#2678,#2679);
#2681=CIRCLE('',#2680,3.0);
#2682=EDGE_CURVE('n° 724',#2652,#2676,#2681,.T.);
#2683=ORIENTED_EDGE('',*,*,#2682,.F.);
#2684=ORIENTED_EDGE('',*,*,#2665,.F.);
#2685=ORIENTED_EDGE('',*,*,#1749,.T.);
#2686=CARTESIAN_POINT('',(11.0,1.0,14.5));
#2687=VERTEX_POINT('',#2686);
#2688=CARTESIAN_POINT('',(11.0,100.001,14.5));
#2689=DIRECTION('',(0.0,-1.0,0.0));
#2690=VECTOR('',#2689,1.0);
#2691=LINE('',#2688,#2690);
#2692=EDGE_CURVE('n° 455',#1735,#2687,#2691,.T.);
#2693=ORIENTED_EDGE('',*,*,#2692,.T.);
#2694=CARTESIAN_POINT('',(11.0,1.0,14.5));
#2695=CARTESIAN_POINT('',(11.0031622825,1.0018257403,14.5));
#2696=CARTESIAN_POINT('',(11.006324564,1.0036514893,14.500005));
#2697=CARTESIAN_POINT('',(11.063519149,1.0366725482,14.5001858662));
#2698=CARTESIAN_POINT('',(11.1175645956,1.0678715306,14.5018165428));
#2699=CARTESIAN_POINT('',(11.5157127496,1.2971767096,14.5246231319));
#2700=CARTESIAN_POINT('',(11.8637021673,1.4955249495,14.6042922692));
#2701=CARTESIAN_POINT('',(12.4286347007,1.775102751,14.8498177007));
#2702=CARTESIAN_POINT('',(12.6590413335,1.8764526872,14.9857508779));
#2703=CARTESIAN_POINT('',(12.9998253349,1.9763345287,15.2577524914));
#2704=CARTESIAN_POINT('',(13.1237375641,2.0,15.3744107799));
#2705=CARTESIAN_POINT('',(13.2360679775,2.0,15.5));
#2706=B_SPLINE_CURVE_WITH_KNOTS('',3,(#2694,#2695,#2696,#2697,#2698,#2699,#2700,#2701,#2702,#2703,
    #2704,#2705),.UNSPECIFIED.,.F.,.U.,
 (4,2,2,2,2,4),(0.0,0.0040082352,0.0724950756,0.5089773421,0.8150424622,1.0),.UNSPECIFIED.);
#2707=EDGE_CURVE('n° 5482',#2687,#2676,#2706,.T.);
#2708=ORIENTED_EDGE('',*,*,#2707,.T.);
#2709=EDGE_LOOP('',(#2683,#2684,#2685,#2693,#2708));
#2710=FACE_OUTER_BOUND('',#2709,.T.);
#2711=CARTESIAN_POINT('',(11.0,100.001,17.5));
#2712=DIRECTION('',(-0.0,-1.0,-0.0));
#2713=DIRECTION('',(0.0,0.0,-1.0));
#2714=AXIS2_PLACEMENT_3D('',#2711,#2712,#2713);
#2715=CYLINDRICAL_SURFACE('',#2714,3.0);
#2716=ADVANCED_FACE('n° 659',(#2710),#2715,.F.);
#2717=CARTESIAN_POINT('',(98.2149753842,100.0,50.4279553991));
#2718=VERTEX_POINT('',#2717);
#2719=CARTESIAN_POINT('',(98.2149753842,100.0,48.9779553991));
#2720=DIRECTION('',(-0.0,1.0,-0.0));
#2721=DIRECTION('',(0.0,0.0,1.0));
#2722=AXIS2_PLACEMENT_3D('',#2719,#2720,#2721);
#2723=CIRCLE('',#2722,1.45);
#2724=EDGE_CURVE('n° 11030',#2718,#2718,#2723,.T.);
#2725=ORIENTED_EDGE('',*,*,#2724,.F.);
#2726=EDGE_LOOP('',(#2725));
#2727=FACE_OUTER_BOUND('',#2726,.T.);
#2728=CARTESIAN_POINT('',(60.2149753842,100.0,50.4279553991));
#2729=VERTEX_POINT('',#2728);
#2730=CARTESIAN_POINT('',(60.2149753842,100.0,48.9779553991));
#2731=DIRECTION('',(-0.0,1.0,-0.0));
#2732=DIRECTION('',(0.0,0.0,1.0));
#2733=AXIS2_PLACEMENT_3D('',#2730,#2731,#2732);
#2734=CIRCLE('',#2733,1.45);
#2735=EDGE_CURVE('n° 10984',#2729,#2729,#2734,.T.);
#2736=ORIENTED_EDGE('',*,*,#2735,.F.);
#2737=EDGE_LOOP('',(#2736));
#2738=FACE_BOUND('',#2737,.T.);
#2739=CARTESIAN_POINT('',(94.391625653,100.0,-44.55));
#2740=VERTEX_POINT('',#2739);
#2741=CARTESIAN_POINT('',(94.391625653,100.0,-46.0));
#2742=DIRECTION('',(-0.0,1.0,-0.0));
#2743=DIRECTION('',(0.0,0.0,1.0));
#2744=AXIS2_PLACEMENT_3D('',#2741,#2742,#2743);
#2745=CIRCLE('',#2744,1.45);
#2746=EDGE_CURVE('n° 10938',#2740,#2740,#2745,.T.);
#2747=ORIENTED_EDGE('',*,*,#2746,.F.);
#2748=EDGE_LOOP('',(#2747));
#2749=FACE_BOUND('',#2748,.T.);
#2750=CARTESIAN_POINT('',(59.391625653,100.0,-44.55));
#2751=VERTEX_POINT('',#2750);
#2752=CARTESIAN_POINT('',(59.391625653,100.0,-46.0));
#2753=DIRECTION('',(-0.0,1.0,-0.0));
#2754=DIRECTION('',(0.0,0.0,1.0));
#2755=AXIS2_PLACEMENT_3D('',#2752,#2753,#2754);
#2756=CIRCLE('',#2755,1.45);
#2757=EDGE_CURVE('n° 10892',#2751,#2751,#2756,.T.);
#2758=ORIENTED_EDGE('',*,*,#2757,.F.);
#2759=EDGE_LOOP('',(#2758));
#2760=FACE_BOUND('',#2759,.T.);
#2761=CARTESIAN_POINT('',(-44.4680621818,100.0,51.8101486471));
#2762=VERTEX_POINT('',#2761);
#2763=CARTESIAN_POINT('',(-44.4680621818,100.0,50.3601486471));
#2764=DIRECTION('',(-0.0,1.0,-0.0));
#2765=DIRECTION('',(0.0,0.0,1.0));
#2766=AXIS2_PLACEMENT_3D('',#2763,#2764,#2765);
#2767=CIRCLE('',#2766,1.45);
#2768=EDGE_CURVE('n° 10846',#2762,#2762,#2767,.T.);
#2769=ORIENTED_EDGE('',*,*,#2768,.F.);
#2770=EDGE_LOOP('',(#2769));
#2771=FACE_BOUND('',#2770,.T.);
#2772=CARTESIAN_POINT('',(-51.5198213752,100.0,-45.4294856009));
#2773=VERTEX_POINT('',#2772);
#2774=CARTESIAN_POINT('',(-51.5198213752,100.0,-46.8794856009));
#2775=DIRECTION('',(-0.0,1.0,-0.0));
#2776=DIRECTION('',(0.0,0.0,1.0));
#2777=AXIS2_PLACEMENT_3D('',#2774,#2775,#2776);
#2778=CIRCLE('',#2777,1.45);
#2779=EDGE_CURVE('n° 10800',#2773,#2773,#2778,.T.);
#2780=ORIENTED_EDGE('',*,*,#2779,.F.);
#2781=EDGE_LOOP('',(#2780));
#2782=FACE_BOUND('',#2781,.T.);
#2783=CARTESIAN_POINT('',(62.7943236331,100.0,29.0));
#2784=VERTEX_POINT('',#2783);
#2785=CARTESIAN_POINT('',(78.1074876921,100.0,35.7756213687));
#2786=VERTEX_POINT('',#2785);
#2787=CARTESIAN_POINT('',(-0.4497200611,100.0,1.0163845796));
#2788=DIRECTION('',(0.9144802957,0.0,0.4046304349));
#2789=VECTOR('',#2788,1.0);
#2790=LINE('',#2787,#2789);
#2791=EDGE_CURVE('n° 11358',#2784,#2786,#2790,.T.);
#2792=ORIENTED_EDGE('',*,*,#2791,.F.);
#2793=CARTESIAN_POINT('',(51.0,100.0,29.0));
#2794=DIRECTION('',(-1.0,0.0,0.0));
#2795=VECTOR('',#2794,1.0);
#2796=LINE('',#2793,#2795);
#2797=EDGE_CURVE('n° 11387',#2784,#1392,#2796,.T.);
#2798=ORIENTED_EDGE('',*,*,#2797,.T.);
#2799=ORIENTED_EDGE('',*,*,#1397,.F.);
#2800=CARTESIAN_POINT('',(48.0,100.0,43.0));
#2801=DIRECTION('',(-0.0,-1.0,0.0));
#2802=DIRECTION('',(0.0,-0.0,-1.0));
#2803=AXIS2_PLACEMENT_3D('',#2800,#2801,#2802);
#2804=CIRCLE('',#2803,3.0);
#2805=EDGE_CURVE('n° 2086',#1390,#1904,#2804,.T.);
#2806=ORIENTED_EDGE('',*,*,#2805,.T.);
#2807=ORIENTED_EDGE('',*,*,#1909,.F.);
#2808=CARTESIAN_POINT('',(-48.0,100.0,43.0));
#2809=DIRECTION('',(-0.0,-1.0,0.0));
#2810=DIRECTION('',(0.0,-0.0,-1.0));
#2811=AXIS2_PLACEMENT_3D('',#2808,#2809,#2810);
#2812=CIRCLE('',#2811,3.0);
#2813=EDGE_CURVE('n° 2081',#1896,#2195,#2812,.T.);
#2814=ORIENTED_EDGE('',*,*,#2813,.T.);
#2815=ORIENTED_EDGE('',*,*,#2200,.F.);
#2816=CARTESIAN_POINT('',(-48.0,100.0,-46.0));
#2817=VERTEX_POINT('',#2816);
#2818=CARTESIAN_POINT('',(-48.0,100.0,-43.0));
#2819=DIRECTION('',(-0.0,-1.0,0.0));
#2820=DIRECTION('',(0.0,-0.0,-1.0));
#2821=AXIS2_PLACEMENT_3D('',#2818,#2819,#2820);
#2822=CIRCLE('',#2821,3.0);
#2823=EDGE_CURVE('n° 2076',#2187,#2817,#2822,.T.);
#2824=ORIENTED_EDGE('',*,*,#2823,.T.);
#2825=CARTESIAN_POINT('',(48.0,100.0,-46.0));
#2826=VERTEX_POINT('',#2825);
#2827=CARTESIAN_POINT('',(51.0,100.0,-46.0));
#2828=DIRECTION('',(-1.0,0.0,0.0));
#2829=VECTOR('',#2828,1.0);
#2830=LINE('',#2827,#2829);
#2831=EDGE_CURVE('n° 1961',#2826,#2817,#2830,.T.);
#2832=ORIENTED_EDGE('',*,*,#2831,.F.);
#2833=CARTESIAN_POINT('',(48.0,100.0,-43.0));
#2834=DIRECTION('',(-0.0,-1.0,0.0));
#2835=DIRECTION('',(0.0,-0.0,-1.0));
#2836=AXIS2_PLACEMENT_3D('',#2833,#2834,#2835);
#2837=CIRCLE('',#2836,3.0);
#2838=EDGE_CURVE('n° 2091',#2826,#1444,#2837,.T.);
#2839=ORIENTED_EDGE('',*,*,#2838,.T.);
#2840=ORIENTED_EDGE('',*,*,#1449,.F.);
#2841=CARTESIAN_POINT('',(51.0,100.0,-41.0));
#2842=DIRECTION('',(1.0,0.0,0.0));
#2843=VECTOR('',#2842,1.0);
#2844=LINE('',#2841,#2843);
#2845=EDGE_CURVE('n° 11363',#1435,#204,#2844,.T.);
#2846=ORIENTED_EDGE('',*,*,#2845,.T.);
#2847=ORIENTED_EDGE('',*,*,#846,.T.);
#2848=ORIENTED_EDGE('',*,*,#776,.F.);
#2849=CARTESIAN_POINT('',(26.0261401331,100.0,58.8200744987));
#2850=DIRECTION('',(-0.9144802957,0.0,0.4046304349));
#2851=VECTOR('',#2850,1.0);
#2852=LINE('',#2849,#2851);
#2853=EDGE_CURVE('n° 10458',#763,#2786,#2852,.T.);
#2854=ORIENTED_EDGE('',*,*,#2853,.T.);
#2855=EDGE_LOOP('',(
    #2792,#2798,#2799,#2806,#2807,#2814,#2815,#2824,#2832,#2839,
    #2840,#2846,#2847,#2848,#2854));
#2856=FACE_BOUND('',#2855,.T.);
#2857=CARTESIAN_POINT('',(35.2149753842,100.0,55.0));
#2858=VERTEX_POINT('',#2857);
#2859=CARTESIAN_POINT('',(104.2149753842,100.0,55.0));
#2860=VERTEX_POINT('',#2859);
#2861=CARTESIAN_POINT('',(105.2149753842,100.0,55.0));
#2862=DIRECTION('',(1.0,0.0,0.0));
#2863=VECTOR('',#2862,1.0);
#2864=LINE('',#2861,#2863);
#2865=EDGE_CURVE('n° 5298',#2858,#2860,#2864,.T.);
#2866=ORIENTED_EDGE('',*,*,#2865,.T.);
#2867=CARTESIAN_POINT('',(105.2149753842,100.0,54.0));
#2868=VERTEX_POINT('',#2867);
#2869=CARTESIAN_POINT('',(104.2149753842,100.0,54.0));
#2870=DIRECTION('',(0.0,1.0,-0.0));
#2871=DIRECTION('',(0.0,-0.0,-1.0));
#2872=AXIS2_PLACEMENT_3D('',#2869,#2870,#2871);
#2873=CIRCLE('',#2872,1.0);
#2874=EDGE_CURVE('n° 9614',#2860,#2868,#2873,.T.);
#2875=ORIENTED_EDGE('',*,*,#2874,.T.);
#2876=CARTESIAN_POINT('',(105.2149753842,100.0,-50.0));
#2877=VERTEX_POINT('',#2876);
#2878=CARTESIAN_POINT('',(105.2149753842,100.0,50.0));
#2879=DIRECTION('',(0.0,0.0,-1.0));
#2880=VECTOR('',#2879,1.0);
#2881=LINE('',#2878,#2880);
#2882=EDGE_CURVE('n° 9581',#2868,#2877,#2881,.T.);
#2883=ORIENTED_EDGE('',*,*,#2882,.T.);
#2884=CARTESIAN_POINT('',(-51.0,100.0,-50.0));
#2885=VERTEX_POINT('',#2884);
#2886=CARTESIAN_POINT('',(-51.0,100.0,-50.0));
#2887=DIRECTION('',(-1.0,0.0,0.0));
#2888=VECTOR('',#2887,1.0);
#2889=LINE('',#2886,#2888);
#2890=EDGE_CURVE('n° 9',#2877,#2885,#2889,.T.);
#2891=ORIENTED_EDGE('',*,*,#2890,.T.);
#2892=CARTESIAN_POINT('',(-55.0,100.0,-46.0));
#2893=VERTEX_POINT('',#2892);
#2894=CARTESIAN_POINT('',(-51.0,100.0,-46.0));
#2895=DIRECTION('',(0.0,1.0,0.0));
#2896=DIRECTION('',(0.0,-0.0,1.0));
#2897=AXIS2_PLACEMENT_3D('',#2894,#2895,#2896);
#2898=CIRCLE('',#2897,4.0);
#2899=EDGE_CURVE('n° 13',#2885,#2893,#2898,.T.);
#2900=ORIENTED_EDGE('',*,*,#2899,.T.);
#2901=CARTESIAN_POINT('',(-55.0,100.0,46.0));
#2902=VERTEX_POINT('',#2901);
#2903=CARTESIAN_POINT('',(-55.0,100.0,-46.0));
#2904=DIRECTION('',(0.0,0.0,1.0));
#2905=VECTOR('',#2904,1.0);
#2906=LINE('',#2903,#2905);
#2907=EDGE_CURVE('n° 17',#2893,#2902,#2906,.T.);
#2908=ORIENTED_EDGE('',*,*,#2907,.T.);
#2909=CARTESIAN_POINT('',(-51.0,100.0,46.0));
#2910=DIRECTION('',(0.0,1.0,0.0));
#2911=DIRECTION('',(0.0,-0.0,1.0));
#2912=AXIS2_PLACEMENT_3D('',#2909,#2910,#2911);
#2913=CIRCLE('',#2912,4.0);
#2914=EDGE_CURVE('n° 21',#2902,#1368,#2913,.T.);
#2915=ORIENTED_EDGE('',*,*,#2914,.T.);
#2916=ORIENTED_EDGE('',*,*,#1373,.T.);
#2917=CARTESIAN_POINT('',(-49.4680621818,100.0,55.0));
#2918=VERTEX_POINT('',#2917);
#2919=CARTESIAN_POINT('',(-49.4680621818,100.0,50.0));
#2920=DIRECTION('',(0.0,0.0,1.0));
#2921=VECTOR('',#2920,1.0);
#2922=LINE('',#2919,#2921);
#2923=EDGE_CURVE('n° 5196',#1360,#2918,#2922,.T.);
#2924=ORIENTED_EDGE('',*,*,#2923,.T.);
#2925=CARTESIAN_POINT('',(-39.4680621818,100.0,55.0));
#2926=VERTEX_POINT('',#2925);
#2927=CARTESIAN_POINT('',(-49.4680621818,100.0,55.0));
#2928=DIRECTION('',(1.0,0.0,0.0));
#2929=VECTOR('',#2928,1.0);
#2930=LINE('',#2927,#2929);
#2931=EDGE_CURVE('n° 5197',#2918,#2926,#2930,.T.);
#2932=ORIENTED_EDGE('',*,*,#2931,.T.);
#2933=CARTESIAN_POINT('',(-39.4680621818,100.0,50.0));
#2934=VERTEX_POINT('',#2933);
#2935=CARTESIAN_POINT('',(-39.4680621818,100.0,50.0));
#2936=DIRECTION('',(0.0,0.0,-1.0));
#2937=VECTOR('',#2936,1.0);
#2938=LINE('',#2935,#2937);
#2939=EDGE_CURVE('n° 5198',#2926,#2934,#2938,.T.);
#2940=ORIENTED_EDGE('',*,*,#2939,.T.);
#2941=CARTESIAN_POINT('',(30.2149753842,100.0,50.0));
#2942=VERTEX_POINT('',#2941);
#2943=CARTESIAN_POINT('',(-51.0,100.0,50.0));
#2944=DIRECTION('',(1.0,0.0,0.0));
#2945=VECTOR('',#2944,1.0);
#2946=LINE('',#2943,#2945);
#2947=EDGE_CURVE('n° 5163',#2934,#2942,#2946,.T.);
#2948=ORIENTED_EDGE('',*,*,#2947,.T.);
#2949=CARTESIAN_POINT('',(30.2149753842,100.0,55.0));
#2950=DIRECTION('',(-0.0,-1.0,0.0));
#2951=DIRECTION('',(0.0,-0.0,-1.0));
#2952=AXIS2_PLACEMENT_3D('',#2949,#2950,#2951);
#2953=CIRCLE('',#2952,5.0);
#2954=EDGE_CURVE('n° 9686',#2942,#2858,#2953,.T.);
#2955=ORIENTED_EDGE('',*,*,#2954,.T.);
#2956=EDGE_LOOP('',(
    #2866,#2875,#2883,#2891,#2900,#2908,#2915,#2916,#2924,#2932,
    #2940,#2948,#2955));
#2957=FACE_BOUND('',#2956,.T.);
#2958=CARTESIAN_POINT('',(51.0,100.0,-46.0));
#2959=DIRECTION('',(-0.0,-1.0,0.0));
#2960=DIRECTION('',(0.0,-0.0,-1.0));
#2961=AXIS2_PLACEMENT_3D('',#2958,#2959,#2960);
#2962=PLANE('',#2961);
#2963=ADVANCED_FACE('n° 1',(#2727,#2738,#2749,#2760,#2771,#2782,#2856,#2957),#2962,.F.);
#2964=ORIENTED_EDGE('',*,*,#1268,.T.);
#2965=CARTESIAN_POINT('',(-51.0,100.0,-50.0));
#2966=DIRECTION('',(0.0,-1.0,0.0));
#2967=VECTOR('',#2966,1.0);
#2968=LINE('',#2965,#2967);
#2969=EDGE_CURVE('n° 149',#2885,#1256,#2968,.T.);
#2970=ORIENTED_EDGE('',*,*,#2969,.F.);
#2971=ORIENTED_EDGE('',*,*,#2890,.F.);
#2972=CARTESIAN_POINT('',(105.2149753842,213.7508837588,-50.0));
#2973=DIRECTION('',(0.0,-1.0,0.0));
#2974=VECTOR('',#2973,1.0);
#2975=LINE('',#2972,#2974);
#2976=EDGE_CURVE('n° 4955',#2877,#1163,#2975,.T.);
#2977=ORIENTED_EDGE('',*,*,#2976,.T.);
#2978=EDGE_LOOP('',(#2964,#2970,#2971,#2977));
#2979=FACE_OUTER_BOUND('',#2978,.T.);
#2980=CARTESIAN_POINT('',(-51.0,100.0,-50.0));
#2981=DIRECTION('',(0.0,0.0,1.0));
#2982=DIRECTION('',(1.0,0.0,-0.0));
#2983=AXIS2_PLACEMENT_3D('',#2980,#2981,#2982);
#2984=PLANE('',#2983);
#2985=ADVANCED_FACE('n° 164',(#2979),#2984,.F.);
#2986=ORIENTED_EDGE('',*,*,#1262,.T.);
#2987=CARTESIAN_POINT('',(-55.0,100.0,-46.0));
#2988=DIRECTION('',(0.0,-1.0,0.0));
#2989=VECTOR('',#2988,1.0);
#2990=LINE('',#2987,#2989);
#2991=EDGE_CURVE('n° 148',#2893,#1248,#2990,.T.);
#2992=ORIENTED_EDGE('',*,*,#2991,.F.);
#2993=ORIENTED_EDGE('',*,*,#2899,.F.);
#2994=ORIENTED_EDGE('',*,*,#2969,.T.);
#2995=EDGE_LOOP('',(#2986,#2992,#2993,#2994));
#2996=FACE_OUTER_BOUND('',#2995,.T.);
#2997=CARTESIAN_POINT('',(-51.0,100.0,-46.0));
#2998=DIRECTION('',(-0.0,-1.0,-0.0));
#2999=DIRECTION('',(0.0,0.0,-1.0));
#3000=AXIS2_PLACEMENT_3D('',#2997,#2998,#2999);
#3001=CYLINDRICAL_SURFACE('',#3000,4.0);
#3002=ADVANCED_FACE('n° 162',(#2996),#3001,.T.);
#3003=CARTESIAN_POINT('',(-55.0,9.0,19.5));
#3004=VERTEX_POINT('',#3003);
#3005=CARTESIAN_POINT('',(-55.0,9.0,41.5));
#3006=VERTEX_POINT('',#3005);
#3007=CARTESIAN_POINT('',(-55.0,9.0,19.5));
#3008=DIRECTION('',(0.0,0.0,1.0));
#3009=VECTOR('',#3008,1.0);
#3010=LINE('',#3007,#3009);
#3011=EDGE_CURVE('n° 3932',#3004,#3006,#3010,.T.);
#3012=ORIENTED_EDGE('',*,*,#3011,.F.);
#3013=CARTESIAN_POINT('',(-55.0,79.0,19.5));
#3014=VERTEX_POINT('',#3013);
#3015=CARTESIAN_POINT('',(-55.0,9.0,19.5));
#3016=DIRECTION('',(0.0,-1.0,0.0));
#3017=VECTOR('',#3016,1.0);
#3018=LINE('',#3015,#3017);
#3019=EDGE_CURVE('n° 3929',#3014,#3004,#3018,.T.);
#3020=ORIENTED_EDGE('',*,*,#3019,.F.);
#3021=CARTESIAN_POINT('',(-55.0,79.0,41.5));
#3022=VERTEX_POINT('',#3021);
#3023=CARTESIAN_POINT('',(-55.0,79.0,19.5));
#3024=DIRECTION('',(-0.0,0.0,-1.0));
#3025=VECTOR('',#3024,1.0);
#3026=LINE('',#3023,#3025);
#3027=EDGE_CURVE('n° 3938',#3022,#3014,#3026,.T.);
#3028=ORIENTED_EDGE('',*,*,#3027,.F.);
#3029=CARTESIAN_POINT('',(-55.0,9.0,41.5));
#3030=DIRECTION('',(0.0,1.0,0.0));
#3031=VECTOR('',#3030,1.0);
#3032=LINE('',#3029,#3031);
#3033=EDGE_CURVE('n° 3935',#3006,#3022,#3032,.T.);
#3034=ORIENTED_EDGE('',*,*,#3033,.F.);
#3035=EDGE_LOOP('',(#3012,#3020,#3028,#3034));
#3036=FACE_OUTER_BOUND('',#3035,.T.);
#3037=ORIENTED_EDGE('',*,*,#1253,.T.);
#3038=CARTESIAN_POINT('',(-55.0,100.0,46.0));
#3039=DIRECTION('',(0.0,-1.0,0.0));
#3040=VECTOR('',#3039,1.0);
#3041=LINE('',#3038,#3040);
#3042=EDGE_CURVE('n° 147',#2902,#1239,#3041,.T.);
#3043=ORIENTED_EDGE('',*,*,#3042,.F.);
#3044=ORIENTED_EDGE('',*,*,#2907,.F.);
#3045=ORIENTED_EDGE('',*,*,#2991,.T.);
#3046=EDGE_LOOP('',(#3037,#3043,#3044,#3045));
#3047=FACE_BOUND('',#3046,.T.);
#3048=CARTESIAN_POINT('',(-55.0,100.0,-46.0));
#3049=DIRECTION('',(1.0,0.0,-0.0));
#3050=DIRECTION('',(-0.0,0.0,-1.0));
#3051=AXIS2_PLACEMENT_3D('',#3048,#3049,#3050);
#3052=PLANE('',#3051);
#3053=ADVANCED_FACE('n° 160',(#3036,#3047),#3052,.F.);
#3054=ORIENTED_EDGE('',*,*,#1245,.T.);
#3055=ORIENTED_EDGE('',*,*,#1379,.F.);
#3056=ORIENTED_EDGE('',*,*,#2914,.F.);
#3057=ORIENTED_EDGE('',*,*,#3042,.T.);
#3058=EDGE_LOOP('',(#3054,#3055,#3056,#3057));
#3059=FACE_OUTER_BOUND('',#3058,.T.);
#3060=CARTESIAN_POINT('',(-51.0,100.0,46.0));
#3061=DIRECTION('',(-0.0,-1.0,-0.0));
#3062=DIRECTION('',(0.0,0.0,-1.0));
#3063=AXIS2_PLACEMENT_3D('',#3060,#3061,#3062);
#3064=CYLINDRICAL_SURFACE('',#3063,4.0);
#3065=ADVANCED_FACE('n° 158',(#3059),#3064,.T.);
#3066=CARTESIAN_POINT('',(-35.0,59.0,50.0));
#3067=VERTEX_POINT('',#3066);
#3068=CARTESIAN_POINT('',(-37.0,57.0,50.0));
#3069=VERTEX_POINT('',#3068);
#3070=CARTESIAN_POINT('',(-35.0,57.0,50.0));
#3071=DIRECTION('',(0.0,0.0,1.0));
#3072=DIRECTION('',(1.0,0.0,-0.0));
#3073=AXIS2_PLACEMENT_3D('',#3070,#3071,#3072);
#3074=CIRCLE('',#3073,2.0);
#3075=EDGE_CURVE('n° 3692',#3067,#3069,#3074,.T.);
#3076=ORIENTED_EDGE('',*,*,#3075,.F.);
#3077=CARTESIAN_POINT('',(8.0,59.0,50.0));
#3078=VERTEX_POINT('',#3077);
#3079=CARTESIAN_POINT('',(-35.0,59.0,50.0));
#3080=DIRECTION('',(-1.0,0.0,0.0));
#3081=VECTOR('',#3080,1.0);
#3082=LINE('',#3079,#3081);
#3083=EDGE_CURVE('n° 3689',#3078,#3067,#3082,.T.);
#3084=ORIENTED_EDGE('',*,*,#3083,.F.);
#3085=CARTESIAN_POINT('',(10.0,57.0,50.0));
#3086=VERTEX_POINT('',#3085);
#3087=CARTESIAN_POINT('',(8.0,57.0,50.0));
#3088=DIRECTION('',(0.0,0.0,1.0));
#3089=DIRECTION('',(-1.0,0.0,0.0));
#3090=AXIS2_PLACEMENT_3D('',#3087,#3088,#3089);
#3091=CIRCLE('',#3090,2.0);
#3092=EDGE_CURVE('n° 3686',#3086,#3078,#3091,.T.);
#3093=ORIENTED_EDGE('',*,*,#3092,.F.);
#3094=CARTESIAN_POINT('',(10.0,14.0,50.0));
#3095=VERTEX_POINT('',#3094);
#3096=CARTESIAN_POINT('',(10.0,57.0,50.0));
#3097=DIRECTION('',(-0.0,1.0,0.0));
#3098=VECTOR('',#3097,1.0);
#3099=LINE('',#3096,#3098);
#3100=EDGE_CURVE('n° 3707',#3095,#3086,#3099,.T.);
#3101=ORIENTED_EDGE('',*,*,#3100,.F.);
#3102=CARTESIAN_POINT('',(8.0,12.0,50.0));
#3103=VERTEX_POINT('',#3102);
#3104=CARTESIAN_POINT('',(8.0,14.0,50.0));
#3105=DIRECTION('',(0.0,0.0,1.0));
#3106=DIRECTION('',(1.0,0.0,-0.0));
#3107=AXIS2_PLACEMENT_3D('',#3104,#3105,#3106);
#3108=CIRCLE('',#3107,2.0);
#3109=EDGE_CURVE('n° 3704',#3103,#3095,#3108,.T.);
#3110=ORIENTED_EDGE('',*,*,#3109,.F.);
#3111=CARTESIAN_POINT('',(-35.0,12.0,50.0));
#3112=VERTEX_POINT('',#3111);
#3113=CARTESIAN_POINT('',(-35.0,12.0,50.0));
#3114=DIRECTION('',(1.0,0.0,0.0));
#3115=VECTOR('',#3114,1.0);
#3116=LINE('',#3113,#3115);
#3117=EDGE_CURVE('n° 3701',#3112,#3103,#3116,.T.);
#3118=ORIENTED_EDGE('',*,*,#3117,.F.);
#3119=CARTESIAN_POINT('',(-37.0,14.0,50.0));
#3120=VERTEX_POINT('',#3119);
#3121=CARTESIAN_POINT('',(-35.0,14.0,50.0));
#3122=DIRECTION('',(0.0,0.0,1.0));
#3123=DIRECTION('',(1.0,0.0,-0.0));
#3124=AXIS2_PLACEMENT_3D('',#3121,#3122,#3123);
#3125=CIRCLE('',#3124,2.0);
#3126=EDGE_CURVE('n° 3698',#3120,#3112,#3125,.T.);
#3127=ORIENTED_EDGE('',*,*,#3126,.F.);
#3128=CARTESIAN_POINT('',(-37.0,57.0,50.0));
#3129=DIRECTION('',(0.0,-1.0,0.0));
#3130=VECTOR('',#3129,1.0);
#3131=LINE('',#3128,#3130);
#3132=EDGE_CURVE('n° 3695',#3069,#3120,#3131,.T.);
#3133=ORIENTED_EDGE('',*,*,#3132,.F.);
#3134=EDGE_LOOP('',(#3076,#3084,#3093,#3101,#3110,#3118,#3127,#3133));
#3135=FACE_OUTER_BOUND('',#3134,.T.);
#3136=ORIENTED_EDGE('',*,*,#1204,.T.);
#3137=CARTESIAN_POINT('',(30.2149753842,100.0,50.0));
#3138=DIRECTION('',(0.0,1.0,0.0));
#3139=VECTOR('',#3138,1.0);
#3140=LINE('',#3137,#3139);
#3141=EDGE_CURVE('n° 9671',#1190,#2942,#3140,.T.);
#3142=ORIENTED_EDGE('',*,*,#3141,.T.);
#3143=ORIENTED_EDGE('',*,*,#2947,.F.);
#3144=CARTESIAN_POINT('',(-39.4680621818,170.1783442381,50.0));
#3145=DIRECTION('',(0.0,-1.0,0.0));
#3146=VECTOR('',#3145,1.0);
#3147=LINE('',#3144,#3146);
#3148=EDGE_CURVE('n° 5183',#2934,#1199,#3147,.T.);
#3149=ORIENTED_EDGE('',*,*,#3148,.T.);
#3150=EDGE_LOOP('',(#3136,#3142,#3143,#3149));
#3151=FACE_BOUND('',#3150,.T.);
#3152=CARTESIAN_POINT('',(-51.0,100.0,50.0));
#3153=DIRECTION('',(0.0,0.0,-1.0));
#3154=DIRECTION('',(-1.0,0.0,-0.0));
#3155=AXIS2_PLACEMENT_3D('',#3152,#3153,#3154);
#3156=PLANE('',#3155);
#3157=ADVANCED_FACE('n° 156',(#3135,#3151),#3156,.F.);
#3158=ORIENTED_EDGE('',*,*,#2831,.T.);
#3159=CARTESIAN_POINT('',(-48.0,4.0,-46.0));
#3160=DIRECTION('',(0.0,-1.0,0.0));
#3161=VECTOR('',#3160,1.0);
#3162=LINE('',#3159,#3161);
#3163=EDGE_CURVE('n° 1972',#2817,#2453,#3162,.T.);
#3164=ORIENTED_EDGE('',*,*,#3163,.T.);
#3165=ORIENTED_EDGE('',*,*,#2458,.F.);
#3166=CARTESIAN_POINT('',(48.0,100.0,-46.0));
#3167=DIRECTION('',(0.0,1.0,0.0));
#3168=VECTOR('',#3167,1.0);
#3169=LINE('',#3166,#3168);
#3170=EDGE_CURVE('n° 1966',#2444,#2826,#3169,.T.);
#3171=ORIENTED_EDGE('',*,*,#3170,.T.);
#3172=EDGE_LOOP('',(#3158,#3164,#3165,#3171));
#3173=FACE_OUTER_BOUND('',#3172,.T.);
#3174=CARTESIAN_POINT('',(-51.0,100.0,-46.0));
#3175=DIRECTION('',(0.0,0.0,1.0));
#3176=DIRECTION('',(1.0,0.0,-0.0));
#3177=AXIS2_PLACEMENT_3D('',#3174,#3175,#3176);
#3178=PLANE('',#3177);
#3179=ADVANCED_FACE('n° 298',(#3173),#3178,.T.);
#3180=CARTESIAN_POINT('',(-48.0,1.0,14.5));
#3181=VERTEX_POINT('',#3180);
#3182=CARTESIAN_POINT('',(-48.0,100.001,14.5));
#3183=DIRECTION('',(0.0,-1.0,0.0));
#3184=VECTOR('',#3183,1.0);
#3185=LINE('',#3182,#3184);
#3186=EDGE_CURVE('n° 456',#1726,#3181,#3185,.T.);
#3187=ORIENTED_EDGE('',*,*,#3186,.T.);
#3188=CARTESIAN_POINT('',(46.0,1.0,14.5));
#3189=DIRECTION('',(1.0,0.0,0.0));
#3190=VECTOR('',#3189,1.0);
#3191=LINE('',#3188,#3190);
#3192=EDGE_CURVE('n° 5709',#3181,#2687,#3191,.T.);
#3193=ORIENTED_EDGE('',*,*,#3192,.T.);
#3194=ORIENTED_EDGE('',*,*,#2692,.F.);
#3195=ORIENTED_EDGE('',*,*,#1740,.T.);
#3196=EDGE_LOOP('',(#3187,#3193,#3194,#3195));
#3197=FACE_OUTER_BOUND('',#3196,.T.);
#3198=CARTESIAN_POINT('',(-48.0,100.001,14.5));
#3199=DIRECTION('',(0.0,0.0,-1.0));
#3200=DIRECTION('',(-1.0,0.0,-0.0));
#3201=AXIS2_PLACEMENT_3D('',#3198,#3199,#3200);
#3202=PLANE('',#3201);
#3203=ADVANCED_FACE('n° 516',(#3197),#3202,.F.);
#3204=ORIENTED_EDGE('',*,*,#2112,.T.);
#3205=CARTESIAN_POINT('',(-48.0,1.0,17.5));
#3206=DIRECTION('',(-0.0,-1.0,0.0));
#3207=DIRECTION('',(0.0,-0.0,-1.0));
#3208=AXIS2_PLACEMENT_3D('',#3205,#3206,#3207);
#3209=CIRCLE('',#3208,3.0);
#3210=EDGE_CURVE('n° 5759',#2101,#3181,#3209,.T.);
#3211=ORIENTED_EDGE('',*,*,#3210,.T.);
#3212=ORIENTED_EDGE('',*,*,#3186,.F.);
#3213=ORIENTED_EDGE('',*,*,#1732,.T.);
#3214=EDGE_LOOP('',(#3204,#3211,#3212,#3213));
#3215=FACE_OUTER_BOUND('',#3214,.T.);
#3216=CARTESIAN_POINT('',(-48.0,100.001,17.5));
#3217=DIRECTION('',(-0.0,-1.0,-0.0));
#3218=DIRECTION('',(0.0,0.0,-1.0));
#3219=AXIS2_PLACEMENT_3D('',#3216,#3217,#3218);
#3220=CYLINDRICAL_SURFACE('',#3219,3.0);
#3221=ADVANCED_FACE('n° 520',(#3215),#3220,.F.);
#3222=CARTESIAN_POINT('',(-48.0,1.0,40.0));
#3223=VERTEX_POINT('',#3222);
#3224=CARTESIAN_POINT('',(-48.0,100.001,40.0));
#3225=DIRECTION('',(0.0,-1.0,0.0));
#3226=VECTOR('',#3225,1.0);
#3227=LINE('',#3224,#3226);
#3228=EDGE_CURVE('n° 459',#1769,#3223,#3227,.T.);
#3229=ORIENTED_EDGE('',*,*,#3228,.T.);
#3230=CARTESIAN_POINT('',(-48.0,1.0,37.0));
#3231=DIRECTION('',(-0.0,-1.0,0.0));
#3232=DIRECTION('',(0.0,-0.0,-1.0));
#3233=AXIS2_PLACEMENT_3D('',#3230,#3231,#3232);
#3234=CIRCLE('',#3233,3.0);
#3235=EDGE_CURVE('n° 5778',#3223,#2093,#3234,.T.);
#3236=ORIENTED_EDGE('',*,*,#3235,.T.);
#3237=ORIENTED_EDGE('',*,*,#2098,.F.);
#3238=ORIENTED_EDGE('',*,*,#1783,.T.);
#3239=EDGE_LOOP('',(#3229,#3236,#3237,#3238));
#3240=FACE_OUTER_BOUND('',#3239,.T.);
#3241=CARTESIAN_POINT('',(-48.0,100.001,37.0));
#3242=DIRECTION('',(-0.0,-1.0,-0.0));
#3243=DIRECTION('',(0.0,0.0,-1.0));
#3244=AXIS2_PLACEMENT_3D('',#3241,#3242,#3243);
#3245=CYLINDRICAL_SURFACE('',#3244,3.0);
#3246=ADVANCED_FACE('n° 528',(#3240),#3245,.F.);
#3247=ORIENTED_EDGE('',*,*,#2634,.T.);
#3248=CARTESIAN_POINT('',(-48.0,1.0,40.0));
#3249=DIRECTION('',(-1.0,0.0,-0.0));
#3250=VECTOR('',#3249,1.0);
#3251=LINE('',#3248,#3250);
#3252=EDGE_CURVE('n° 5784',#2614,#3223,#3251,.T.);
#3253=ORIENTED_EDGE('',*,*,#3252,.T.);
#3254=ORIENTED_EDGE('',*,*,#3228,.F.);
#3255=ORIENTED_EDGE('',*,*,#1774,.T.);
#3256=EDGE_LOOP('',(#3247,#3253,#3254,#3255));
#3257=FACE_OUTER_BOUND('',#3256,.T.);
#3258=CARTESIAN_POINT('',(-48.0,100.001,40.0));
#3259=DIRECTION('',(-0.0,0.0,1.0));
#3260=DIRECTION('',(1.0,0.0,0.0));
#3261=AXIS2_PLACEMENT_3D('',#3258,#3259,#3260);
#3262=PLANE('',#3261);
#3263=ADVANCED_FACE('n° 532',(#3257),#3262,.F.);
#3264=ORIENTED_EDGE('',*,*,#2682,.T.);
#3265=CARTESIAN_POINT('',(46.0,2.0,15.5));
#3266=VERTEX_POINT('',#3265);
#3267=CARTESIAN_POINT('',(11.0,2.0,15.5));
#3268=DIRECTION('',(1.0,0.0,0.0));
#3269=VECTOR('',#3268,1.0);
#3270=LINE('',#3267,#3269);
#3271=EDGE_CURVE('n° 5424',#2676,#3266,#3270,.T.);
#3272=ORIENTED_EDGE('',*,*,#3271,.T.);
#3273=CARTESIAN_POINT('',(48.0,2.0,17.5));
#3274=VERTEX_POINT('',#3273);
#3275=CARTESIAN_POINT('',(46.0,2.0,17.5));
#3276=DIRECTION('',(0.0,-1.0,0.0));
#3277=DIRECTION('',(0.0,-0.0,-1.0));
#3278=AXIS2_PLACEMENT_3D('',#3275,#3276,#3277);
#3279=CIRCLE('',#3278,2.0);
#3280=EDGE_CURVE('n° 5411',#3266,#3274,#3279,.T.);
#3281=ORIENTED_EDGE('',*,*,#3280,.T.);
#3282=CARTESIAN_POINT('',(48.0,2.0,37.0));
#3283=VERTEX_POINT('',#3282);
#3284=CARTESIAN_POINT('',(48.0,2.0,37.0));
#3285=DIRECTION('',(-0.0,0.0,1.0));
#3286=VECTOR('',#3285,1.0);
#3287=LINE('',#3284,#3286);
#3288=EDGE_CURVE('n° 5415',#3274,#3283,#3287,.T.);
#3289=ORIENTED_EDGE('',*,*,#3288,.T.);
#3290=CARTESIAN_POINT('',(46.0,2.0,39.0));
#3291=VERTEX_POINT('',#3290);
#3292=CARTESIAN_POINT('',(46.0,2.0,37.0));
#3293=DIRECTION('',(0.0,-1.0,0.0));
#3294=DIRECTION('',(0.0,-0.0,-1.0));
#3295=AXIS2_PLACEMENT_3D('',#3292,#3293,#3294);
#3296=CIRCLE('',#3295,2.0);
#3297=EDGE_CURVE('n° 5419',#3283,#3291,#3296,.T.);
#3298=ORIENTED_EDGE('',*,*,#3297,.T.);
#3299=CARTESIAN_POINT('',(11.0,2.0,39.0));
#3300=DIRECTION('',(-1.0,0.0,-0.0));
#3301=VECTOR('',#3300,1.0);
#3302=LINE('',#3299,#3301);
#3303=EDGE_CURVE('n° 5422',#3291,#2603,#3302,.T.);
#3304=ORIENTED_EDGE('',*,*,#3303,.T.);
#3305=ORIENTED_EDGE('',*,*,#2611,.T.);
#3306=ORIENTED_EDGE('',*,*,#2657,.T.);
#3307=EDGE_LOOP('',(#3264,#3272,#3281,#3289,#3298,#3304,#3305,#3306));
#3308=FACE_OUTER_BOUND('',#3307,.T.);
#3309=CARTESIAN_POINT('',(11.0,2.0,37.0));
#3310=DIRECTION('',(0.0,-1.0,0.0));
#3311=DIRECTION('',(0.0,-0.0,-1.0));
#3312=AXIS2_PLACEMENT_3D('',#3309,#3310,#3311);
#3313=PLANE('',#3312);
#3314=ADVANCED_FACE('n° 804',(#3308),#3313,.T.);
#3315=CARTESIAN_POINT('',(50.0,1.0,-33.5));
#3316=VERTEX_POINT('',#3315);
#3317=CARTESIAN_POINT('',(50.0,100.001,-33.5));
#3318=DIRECTION('',(0.0,-1.0,0.0));
#3319=VECTOR('',#3318,1.0);
#3320=LINE('',#3317,#3319);
#3321=EDGE_CURVE('n° 1500',#2367,#3316,#3320,.T.);
#3322=ORIENTED_EDGE('',*,*,#3321,.T.);
#3323=CARTESIAN_POINT('',(48.0,1.0,-31.5));
#3324=VERTEX_POINT('',#3323);
#3325=CARTESIAN_POINT('',(48.0,1.0,-33.5));
#3326=DIRECTION('',(-0.0,-1.0,0.0));
#3327=DIRECTION('',(0.0,-0.0,-1.0));
#3328=AXIS2_PLACEMENT_3D('',#3325,#3326,#3327);
#3329=CIRCLE('',#3328,2.0);
#3330=EDGE_CURVE('n° 6193',#3316,#3324,#3329,.T.);
#3331=ORIENTED_EDGE('',*,*,#3330,.T.);
#3332=CARTESIAN_POINT('',(48.0,100.001,-31.5));
#3333=DIRECTION('',(0.0,-1.0,0.0));
#3334=VECTOR('',#3333,1.0);
#3335=LINE('',#3332,#3334);
#3336=EDGE_CURVE('n° 1499',#2377,#3324,#3335,.T.);
#3337=ORIENTED_EDGE('',*,*,#3336,.F.);
#3338=ORIENTED_EDGE('',*,*,#2383,.T.);
#3339=EDGE_LOOP('',(#3322,#3331,#3337,#3338));
#3340=FACE_OUTER_BOUND('',#3339,.T.);
#3341=CARTESIAN_POINT('',(48.0,100.001,-33.5));
#3342=DIRECTION('',(-0.0,-1.0,-0.0));
#3343=DIRECTION('',(0.0,0.0,-1.0));
#3344=AXIS2_PLACEMENT_3D('',#3341,#3342,#3343);
#3345=CYLINDRICAL_SURFACE('',#3344,2.0);
#3346=ADVANCED_FACE('n° 1555',(#3340),#3345,.F.);
#3347=CARTESIAN_POINT('',(50.0,1.0,-43.0));
#3348=VERTEX_POINT('',#3347);
#3349=CARTESIAN_POINT('',(50.0,100.001,-43.0));
#3350=DIRECTION('',(0.0,-1.0,0.0));
#3351=VECTOR('',#3350,1.0);
#3352=LINE('',#3349,#3351);
#3353=EDGE_CURVE('n° 1501',#2369,#3348,#3352,.T.);
#3354=ORIENTED_EDGE('',*,*,#3353,.T.);
#3355=CARTESIAN_POINT('',(50.0,1.0,-33.5));
#3356=DIRECTION('',(0.0,0.0,1.0));
#3357=VECTOR('',#3356,1.0);
#3358=LINE('',#3355,#3357);
#3359=EDGE_CURVE('n° 6202',#3348,#3316,#3358,.T.);
#3360=ORIENTED_EDGE('',*,*,#3359,.T.);
#3361=ORIENTED_EDGE('',*,*,#3321,.F.);
#3362=ORIENTED_EDGE('',*,*,#2374,.T.);
#3363=EDGE_LOOP('',(#3354,#3360,#3361,#3362));
#3364=FACE_OUTER_BOUND('',#3363,.T.);
#3365=CARTESIAN_POINT('',(50.0,100.001,-33.5));
#3366=DIRECTION('',(1.0,-0.0,0.0));
#3367=DIRECTION('',(0.0,0.0,-1.0));
#3368=AXIS2_PLACEMENT_3D('',#3365,#3366,#3367);
#3369=PLANE('',#3368);
#3370=ADVANCED_FACE('n° 1559',(#3364),#3369,.F.);
#3371=CARTESIAN_POINT('',(48.0,1.0,-45.0));
#3372=VERTEX_POINT('',#3371);
#3373=CARTESIAN_POINT('',(48.0,100.001,-45.0));
#3374=DIRECTION('',(0.0,-1.0,0.0));
#3375=VECTOR('',#3374,1.0);
#3376=LINE('',#3373,#3375);
#3377=EDGE_CURVE('n° 1502',#2420,#3372,#3376,.T.);
#3378=ORIENTED_EDGE('',*,*,#3377,.T.);
#3379=CARTESIAN_POINT('',(48.0,1.0,-43.0));
#3380=DIRECTION('',(-0.0,-1.0,0.0));
#3381=DIRECTION('',(0.0,-0.0,-1.0));
#3382=AXIS2_PLACEMENT_3D('',#3379,#3380,#3381);
#3383=CIRCLE('',#3382,2.0);
#3384=EDGE_CURVE('n° 6211',#3372,#3348,#3383,.T.);
#3385=ORIENTED_EDGE('',*,*,#3384,.T.);
#3386=ORIENTED_EDGE('',*,*,#3353,.F.);
#3387=ORIENTED_EDGE('',*,*,#2432,.T.);
#3388=EDGE_LOOP('',(#3378,#3385,#3386,#3387));
#3389=FACE_OUTER_BOUND('',#3388,.T.);
#3390=CARTESIAN_POINT('',(48.0,100.001,-43.0));
#3391=DIRECTION('',(-0.0,-1.0,-0.0));
#3392=DIRECTION('',(0.0,0.0,-1.0));
#3393=AXIS2_PLACEMENT_3D('',#3390,#3391,#3392);
#3394=CYLINDRICAL_SURFACE('',#3393,2.0);
#3395=ADVANCED_FACE('n° 1563',(#3389),#3394,.F.);
#3396=CARTESIAN_POINT('',(3.5,1.0,-45.0));
#3397=VERTEX_POINT('',#3396);
#3398=CARTESIAN_POINT('',(3.5,100.001,-45.0));
#3399=DIRECTION('',(0.0,-1.0,0.0));
#3400=VECTOR('',#3399,1.0);
#3401=LINE('',#3398,#3400);
#3402=EDGE_CURVE('n° 1503',#2411,#3397,#3401,.T.);
#3403=ORIENTED_EDGE('',*,*,#3402,.T.);
#3404=CARTESIAN_POINT('',(48.0,1.0,-45.0));
#3405=DIRECTION('',(1.0,0.0,-0.0));
#3406=VECTOR('',#3405,1.0);
#3407=LINE('',#3404,#3406);
#3408=EDGE_CURVE('n° 6220',#3397,#3372,#3407,.T.);
#3409=ORIENTED_EDGE('',*,*,#3408,.T.);
#3410=ORIENTED_EDGE('',*,*,#3377,.F.);
#3411=ORIENTED_EDGE('',*,*,#2425,.T.);
#3412=EDGE_LOOP('',(#3403,#3409,#3410,#3411));
#3413=FACE_OUTER_BOUND('',#3412,.T.);
#3414=CARTESIAN_POINT('',(3.5,100.001,-45.0));
#3415=DIRECTION('',(-0.0,0.0,-1.0));
#3416=DIRECTION('',(-1.0,0.0,0.0));
#3417=AXIS2_PLACEMENT_3D('',#3414,#3415,#3416);
#3418=PLANE('',#3417);
#3419=ADVANCED_FACE('n° 1567',(#3413),#3418,.F.);
#3420=CARTESIAN_POINT('',(1.5,1.0,-43.0));
#3421=VERTEX_POINT('',#3420);
#3422=CARTESIAN_POINT('',(1.5,100.001,-43.0));
#3423=DIRECTION('',(0.0,-1.0,0.0));
#3424=VECTOR('',#3423,1.0);
#3425=LINE('',#3422,#3424);
#3426=EDGE_CURVE('n° 1504',#2403,#3421,#3425,.T.);
#3427=ORIENTED_EDGE('',*,*,#3426,.T.);
#3428=CARTESIAN_POINT('',(3.5,1.0,-43.0));
#3429=DIRECTION('',(-0.0,-1.0,0.0));
#3430=DIRECTION('',(0.0,-0.0,-1.0));
#3431=AXIS2_PLACEMENT_3D('',#3428,#3429,#3430);
#3432=CIRCLE('',#3431,2.0);
#3433=EDGE_CURVE('n° 6229',#3421,#3397,#3432,.T.);
#3434=ORIENTED_EDGE('',*,*,#3433,.T.);
#3435=ORIENTED_EDGE('',*,*,#3402,.F.);
#3436=ORIENTED_EDGE('',*,*,#2417,.T.);
#3437=EDGE_LOOP('',(#3427,#3434,#3435,#3436));
#3438=FACE_OUTER_BOUND('',#3437,.T.);
#3439=CARTESIAN_POINT('',(3.5,100.001,-43.0));
#3440=DIRECTION('',(-0.0,-1.0,-0.0));
#3441=DIRECTION('',(0.0,0.0,-1.0));
#3442=AXIS2_PLACEMENT_3D('',#3439,#3440,#3441);
#3443=CYLINDRICAL_SURFACE('',#3442,2.0);
#3444=ADVANCED_FACE('n° 1571',(#3438),#3443,.F.);
#3445=CARTESIAN_POINT('',(1.5,1.0,-33.5));
#3446=VERTEX_POINT('',#3445);
#3447=CARTESIAN_POINT('',(1.5,100.001,-33.5));
#3448=DIRECTION('',(0.0,-1.0,0.0));
#3449=VECTOR('',#3448,1.0);
#3450=LINE('',#3447,#3449);
#3451=EDGE_CURVE('n° 1505',#2394,#3446,#3450,.T.);
#3452=ORIENTED_EDGE('',*,*,#3451,.T.);
#3453=CARTESIAN_POINT('',(1.5,1.0,-43.0));
#3454=DIRECTION('',(0.0,0.0,-1.0));
#3455=VECTOR('',#3454,1.0);
#3456=LINE('',#3453,#3455);
#3457=EDGE_CURVE('n° 6307',#3446,#3421,#3456,.T.);
#3458=ORIENTED_EDGE('',*,*,#3457,.T.);
#3459=ORIENTED_EDGE('',*,*,#3426,.F.);
#3460=ORIENTED_EDGE('',*,*,#2408,.T.);
#3461=EDGE_LOOP('',(#3452,#3458,#3459,#3460));
#3462=FACE_OUTER_BOUND('',#3461,.T.);
#3463=CARTESIAN_POINT('',(1.5,100.001,-33.5));
#3464=DIRECTION('',(-1.0,0.0,-0.0));
#3465=DIRECTION('',(-0.0,0.0,1.0));
#3466=AXIS2_PLACEMENT_3D('',#3463,#3464,#3465);
#3467=PLANE('',#3466);
#3468=ADVANCED_FACE('n° 1575',(#3462),#3467,.F.);
#3469=CARTESIAN_POINT('',(3.5,1.0,-31.5));
#3470=VERTEX_POINT('',#3469);
#3471=CARTESIAN_POINT('',(3.5,100.001,-31.5));
#3472=DIRECTION('',(0.0,-1.0,0.0));
#3473=VECTOR('',#3472,1.0);
#3474=LINE('',#3471,#3473);
#3475=EDGE_CURVE('n° 1506',#2386,#3470,#3474,.T.);
#3476=ORIENTED_EDGE('',*,*,#3475,.T.);
#3477=CARTESIAN_POINT('',(3.5,1.0,-33.5));
#3478=DIRECTION('',(-0.0,-1.0,0.0));
#3479=DIRECTION('',(0.0,-0.0,-1.0));
#3480=AXIS2_PLACEMENT_3D('',#3477,#3478,#3479);
#3481=CIRCLE('',#3480,2.0);
#3482=EDGE_CURVE('n° 6175',#3470,#3446,#3481,.T.);
#3483=ORIENTED_EDGE('',*,*,#3482,.T.);
#3484=ORIENTED_EDGE('',*,*,#3451,.F.);
#3485=ORIENTED_EDGE('',*,*,#2400,.T.);
#3486=EDGE_LOOP('',(#3476,#3483,#3484,#3485));
#3487=FACE_OUTER_BOUND('',#3486,.T.);
#3488=CARTESIAN_POINT('',(3.5,100.001,-33.5));
#3489=DIRECTION('',(-0.0,-1.0,-0.0));
#3490=DIRECTION('',(0.0,0.0,-1.0));
#3491=AXIS2_PLACEMENT_3D('',#3488,#3489,#3490);
#3492=CYLINDRICAL_SURFACE('',#3491,2.0);
#3493=ADVANCED_FACE('n° 1579',(#3487),#3492,.F.);
#3494=ORIENTED_EDGE('',*,*,#3336,.T.);
#3495=CARTESIAN_POINT('',(3.5,1.0,-31.5));
#3496=DIRECTION('',(-1.0,0.0,-0.0));
#3497=VECTOR('',#3496,1.0);
#3498=LINE('',#3495,#3497);
#3499=EDGE_CURVE('n° 6184',#3324,#3470,#3498,.T.);
#3500=ORIENTED_EDGE('',*,*,#3499,.T.);
#3501=ORIENTED_EDGE('',*,*,#3475,.F.);
#3502=ORIENTED_EDGE('',*,*,#2391,.T.);
#3503=EDGE_LOOP('',(#3494,#3500,#3501,#3502));
#3504=FACE_OUTER_BOUND('',#3503,.T.);
#3505=CARTESIAN_POINT('',(3.5,100.001,-31.5));
#3506=DIRECTION('',(-0.0,0.0,1.0));
#3507=DIRECTION('',(1.0,0.0,0.0));
#3508=AXIS2_PLACEMENT_3D('',#3505,#3506,#3507);
#3509=PLANE('',#3508);
#3510=ADVANCED_FACE('n° 1583',(#3504),#3509,.F.);
#3511=CARTESIAN_POINT('',(-1.5,1.0,-15.0));
#3512=VERTEX_POINT('',#3511);
#3513=CARTESIAN_POINT('',(-1.5,100.001,-15.0));
#3514=DIRECTION('',(0.0,-1.0,0.0));
#3515=VECTOR('',#3514,1.0);
#3516=LINE('',#3513,#3515);
#3517=EDGE_CURVE('n° 1404',#1949,#3512,#3516,.T.);
#3518=ORIENTED_EDGE('',*,*,#3517,.T.);
#3519=CARTESIAN_POINT('',(-3.5,1.0,-13.0));
#3520=VERTEX_POINT('',#3519);
#3521=CARTESIAN_POINT('',(-3.5,1.0,-15.0));
#3522=DIRECTION('',(-0.0,-1.0,0.0));
#3523=DIRECTION('',(0.0,-0.0,-1.0));
#3524=AXIS2_PLACEMENT_3D('',#3521,#3522,#3523);
#3525=CIRCLE('',#3524,2.0);
#3526=EDGE_CURVE('n° 6295',#3512,#3520,#3525,.T.);
#3527=ORIENTED_EDGE('',*,*,#3526,.T.);
#3528=CARTESIAN_POINT('',(-3.5,100.001,-13.0));
#3529=DIRECTION('',(0.0,-1.0,0.0));
#3530=VECTOR('',#3529,1.0);
#3531=LINE('',#3528,#3530);
#3532=EDGE_CURVE('n° 1403',#1959,#3520,#3531,.T.);
#3533=ORIENTED_EDGE('',*,*,#3532,.F.);
#3534=ORIENTED_EDGE('',*,*,#1965,.T.);
#3535=EDGE_LOOP('',(#3518,#3527,#3533,#3534));
#3536=FACE_OUTER_BOUND('',#3535,.T.);
#3537=CARTESIAN_POINT('',(-3.5,100.001,-15.0));
#3538=DIRECTION('',(-0.0,-1.0,-0.0));
#3539=DIRECTION('',(0.0,0.0,-1.0));
#3540=AXIS2_PLACEMENT_3D('',#3537,#3538,#3539);
#3541=CYLINDRICAL_SURFACE('',#3540,2.0);
#3542=ADVANCED_FACE('n° 1459',(#3536),#3541,.F.);
#3543=CARTESIAN_POINT('',(-1.5,1.0,-24.5));
#3544=VERTEX_POINT('',#3543);
#3545=CARTESIAN_POINT('',(-1.5,100.001,-24.5));
#3546=DIRECTION('',(0.0,-1.0,0.0));
#3547=VECTOR('',#3546,1.0);
#3548=LINE('',#3545,#3547);
#3549=EDGE_CURVE('n° 1405',#1951,#3544,#3548,.T.);
#3550=ORIENTED_EDGE('',*,*,#3549,.T.);
#3551=CARTESIAN_POINT('',(-1.5,1.0,-15.0));
#3552=DIRECTION('',(-0.0,0.0,1.0));
#3553=VECTOR('',#3552,1.0);
#3554=LINE('',#3551,#3553);
#3555=EDGE_CURVE('n° 6313',#3544,#3512,#3554,.T.);
#3556=ORIENTED_EDGE('',*,*,#3555,.T.);
#3557=ORIENTED_EDGE('',*,*,#3517,.F.);
#3558=ORIENTED_EDGE('',*,*,#1956,.T.);
#3559=EDGE_LOOP('',(#3550,#3556,#3557,#3558));
#3560=FACE_OUTER_BOUND('',#3559,.T.);
#3561=CARTESIAN_POINT('',(-1.5,100.001,-15.0));
#3562=DIRECTION('',(1.0,-0.0,0.0));
#3563=DIRECTION('',(0.0,0.0,-1.0));
#3564=AXIS2_PLACEMENT_3D('',#3561,#3562,#3563);
#3565=PLANE('',#3564);
#3566=ADVANCED_FACE('n° 1463',(#3560),#3565,.F.);
#3567=CARTESIAN_POINT('',(-3.5,1.0,-26.5));
#3568=VERTEX_POINT('',#3567);
#3569=CARTESIAN_POINT('',(-3.5,100.001,-26.5));
#3570=DIRECTION('',(0.0,-1.0,0.0));
#3571=VECTOR('',#3570,1.0);
#3572=LINE('',#3569,#3571);
#3573=EDGE_CURVE('n° 1406',#2002,#3568,#3572,.T.);
#3574=ORIENTED_EDGE('',*,*,#3573,.T.);
#3575=CARTESIAN_POINT('',(-3.5,1.0,-24.5));
#3576=DIRECTION('',(-0.0,-1.0,0.0));
#3577=DIRECTION('',(0.0,-0.0,-1.0));
#3578=AXIS2_PLACEMENT_3D('',#3575,#3576,#3577);
#3579=CIRCLE('',#3578,2.0);
#3580=EDGE_CURVE('n° 6241',#3568,#3544,#3579,.T.);
#3581=ORIENTED_EDGE('',*,*,#3580,.T.);
#3582=ORIENTED_EDGE('',*,*,#3549,.F.);
#3583=ORIENTED_EDGE('',*,*,#2014,.T.);
#3584=EDGE_LOOP('',(#3574,#3581,#3582,#3583));
#3585=FACE_OUTER_BOUND('',#3584,.T.);
#3586=CARTESIAN_POINT('',(-3.5,100.001,-24.5));
#3587=DIRECTION('',(-0.0,-1.0,-0.0));
#3588=DIRECTION('',(0.0,0.0,-1.0));
#3589=AXIS2_PLACEMENT_3D('',#3586,#3587,#3588);
#3590=CYLINDRICAL_SURFACE('',#3589,2.0);
#3591=ADVANCED_FACE('n° 1467',(#3585),#3590,.F.);
#3592=CARTESIAN_POINT('',(-48.0,1.0,-26.5));
#3593=VERTEX_POINT('',#3592);
#3594=CARTESIAN_POINT('',(-48.0,100.001,-26.5));
#3595=DIRECTION('',(0.0,-1.0,0.0));
#3596=VECTOR('',#3595,1.0);
#3597=LINE('',#3594,#3596);
#3598=EDGE_CURVE('n° 1407',#1993,#3593,#3597,.T.);
#3599=ORIENTED_EDGE('',*,*,#3598,.T.);
#3600=CARTESIAN_POINT('',(-3.5,1.0,-26.5));
#3601=DIRECTION('',(1.0,0.0,0.0));
#3602=VECTOR('',#3601,1.0);
#3603=LINE('',#3600,#3602);
#3604=EDGE_CURVE('n° 6250',#3593,#3568,#3603,.T.);
#3605=ORIENTED_EDGE('',*,*,#3604,.T.);
#3606=ORIENTED_EDGE('',*,*,#3573,.F.);
#3607=ORIENTED_EDGE('',*,*,#2007,.T.);
#3608=EDGE_LOOP('',(#3599,#3605,#3606,#3607));
#3609=FACE_OUTER_BOUND('',#3608,.T.);
#3610=CARTESIAN_POINT('',(-48.0,100.001,-26.5));
#3611=DIRECTION('',(0.0,0.0,-1.0));
#3612=DIRECTION('',(-1.0,0.0,-0.0));
#3613=AXIS2_PLACEMENT_3D('',#3610,#3611,#3612);
#3614=PLANE('',#3613);
#3615=ADVANCED_FACE('n° 1471',(#3609),#3614,.F.);
#3616=CARTESIAN_POINT('',(-50.0,1.0,-24.5));
#3617=VERTEX_POINT('',#3616);
#3618=CARTESIAN_POINT('',(-50.0,100.001,-24.5));
#3619=DIRECTION('',(0.0,-1.0,0.0));
#3620=VECTOR('',#3619,1.0);
#3621=LINE('',#3618,#3620);
#3622=EDGE_CURVE('n° 1408',#1985,#3617,#3621,.T.);
#3623=ORIENTED_EDGE('',*,*,#3622,.T.);
#3624=CARTESIAN_POINT('',(-48.0,1.0,-24.5));
#3625=DIRECTION('',(-0.0,-1.0,0.0));
#3626=DIRECTION('',(0.0,-0.0,-1.0));
#3627=AXIS2_PLACEMENT_3D('',#3624,#3625,#3626);
#3628=CIRCLE('',#3627,2.0);
#3629=EDGE_CURVE('n° 6259',#3617,#3593,#3628,.T.);
#3630=ORIENTED_EDGE('',*,*,#3629,.T.);
#3631=ORIENTED_EDGE('',*,*,#3598,.F.);
#3632=ORIENTED_EDGE('',*,*,#1999,.T.);
#3633=EDGE_LOOP('',(#3623,#3630,#3631,#3632));
#3634=FACE_OUTER_BOUND('',#3633,.T.);
#3635=CARTESIAN_POINT('',(-48.0,100.001,-24.5));
#3636=DIRECTION('',(-0.0,-1.0,-0.0));
#3637=DIRECTION('',(0.0,0.0,-1.0));
#3638=AXIS2_PLACEMENT_3D('',#3635,#3636,#3637);
#3639=CYLINDRICAL_SURFACE('',#3638,2.0);
#3640=ADVANCED_FACE('n° 1475',(#3634),#3639,.F.);
#3641=CARTESIAN_POINT('',(-50.0,1.0,-15.0));
#3642=VERTEX_POINT('',#3641);
#3643=CARTESIAN_POINT('',(-50.0,100.001,-15.0));
#3644=DIRECTION('',(0.0,-1.0,0.0));
#3645=VECTOR('',#3644,1.0);
#3646=LINE('',#3643,#3645);
#3647=EDGE_CURVE('n° 1409',#1976,#3642,#3646,.T.);
#3648=ORIENTED_EDGE('',*,*,#3647,.T.);
#3649=CARTESIAN_POINT('',(-50.0,1.0,-24.5));
#3650=DIRECTION('',(0.0,0.0,-1.0));
#3651=VECTOR('',#3650,1.0);
#3652=LINE('',#3649,#3651);
#3653=EDGE_CURVE('n° 6268',#3642,#3617,#3652,.T.);
#3654=ORIENTED_EDGE('',*,*,#3653,.T.);
#3655=ORIENTED_EDGE('',*,*,#3622,.F.);
#3656=ORIENTED_EDGE('',*,*,#1990,.T.);
#3657=EDGE_LOOP('',(#3648,#3654,#3655,#3656));
#3658=FACE_OUTER_BOUND('',#3657,.T.);
#3659=CARTESIAN_POINT('',(-50.0,100.001,-15.0));
#3660=DIRECTION('',(-1.0,0.0,0.0));
#3661=DIRECTION('',(0.0,0.0,1.0));
#3662=AXIS2_PLACEMENT_3D('',#3659,#3660,#3661);
#3663=PLANE('',#3662);
#3664=ADVANCED_FACE('n° 1479',(#3658),#3663,.F.);
#3665=CARTESIAN_POINT('',(-48.0,1.0,-13.0));
#3666=VERTEX_POINT('',#3665);
#3667=CARTESIAN_POINT('',(-48.0,100.001,-13.0));
#3668=DIRECTION('',(0.0,-1.0,0.0));
#3669=VECTOR('',#3668,1.0);
#3670=LINE('',#3667,#3669);
#3671=EDGE_CURVE('n° 1410',#1968,#3666,#3670,.T.);
#3672=ORIENTED_EDGE('',*,*,#3671,.T.);
#3673=CARTESIAN_POINT('',(-48.0,1.0,-15.0));
#3674=DIRECTION('',(-0.0,-1.0,0.0));
#3675=DIRECTION('',(0.0,-0.0,-1.0));
#3676=AXIS2_PLACEMENT_3D('',#3673,#3674,#3675);
#3677=CIRCLE('',#3676,2.0);
#3678=EDGE_CURVE('n° 6277',#3666,#3642,#3677,.T.);
#3679=ORIENTED_EDGE('',*,*,#3678,.T.);
#3680=ORIENTED_EDGE('',*,*,#3647,.F.);
#3681=ORIENTED_EDGE('',*,*,#1982,.T.);
#3682=EDGE_LOOP('',(#3672,#3679,#3680,#3681));
#3683=FACE_OUTER_BOUND('',#3682,.T.);
#3684=CARTESIAN_POINT('',(-48.0,100.001,-15.0));
#3685=DIRECTION('',(-0.0,-1.0,-0.0));
#3686=DIRECTION('',(0.0,0.0,-1.0));
#3687=AXIS2_PLACEMENT_3D('',#3684,#3685,#3686);
#3688=CYLINDRICAL_SURFACE('',#3687,2.0);
#3689=ADVANCED_FACE('n° 1483',(#3683),#3688,.F.);
#3690=ORIENTED_EDGE('',*,*,#3532,.T.);
#3691=CARTESIAN_POINT('',(-48.0,1.0,-13.0));
#3692=DIRECTION('',(-1.0,0.0,0.0));
#3693=VECTOR('',#3692,1.0);
#3694=LINE('',#3691,#3693);
#3695=EDGE_CURVE('n° 6286',#3520,#3666,#3694,.T.);
#3696=ORIENTED_EDGE('',*,*,#3695,.T.);
#3697=ORIENTED_EDGE('',*,*,#3671,.F.);
#3698=ORIENTED_EDGE('',*,*,#1973,.T.);
#3699=EDGE_LOOP('',(#3690,#3696,#3697,#3698));
#3700=FACE_OUTER_BOUND('',#3699,.T.);
#3701=CARTESIAN_POINT('',(-48.0,100.001,-13.0));
#3702=DIRECTION('',(0.0,0.0,1.0));
#3703=DIRECTION('',(1.0,0.0,-0.0));
#3704=AXIS2_PLACEMENT_3D('',#3701,#3702,#3703);
#3705=PLANE('',#3704);
#3706=ADVANCED_FACE('n° 1487',(#3700),#3705,.F.);
#3707=CARTESIAN_POINT('',(-1.5,1.0,-33.5));
#3708=VERTEX_POINT('',#3707);
#3709=CARTESIAN_POINT('',(-1.5,100.001,-33.5));
#3710=DIRECTION('',(0.0,-1.0,0.0));
#3711=VECTOR('',#3710,1.0);
#3712=LINE('',#3709,#3711);
#3713=EDGE_CURVE('n° 1212',#2297,#3708,#3712,.T.);
#3714=ORIENTED_EDGE('',*,*,#3713,.T.);
#3715=CARTESIAN_POINT('',(-3.5,1.0,-31.5));
#3716=VERTEX_POINT('',#3715);
#3717=CARTESIAN_POINT('',(-3.5,1.0,-33.5));
#3718=DIRECTION('',(-0.0,-1.0,0.0));
#3719=DIRECTION('',(0.0,-0.0,-1.0));
#3720=AXIS2_PLACEMENT_3D('',#3717,#3718,#3719);
#3721=CIRCLE('',#3720,2.0);
#3722=EDGE_CURVE('n° 6163',#3708,#3716,#3721,.T.);
#3723=ORIENTED_EDGE('',*,*,#3722,.T.);
#3724=CARTESIAN_POINT('',(-3.5,100.001,-31.5));
#3725=DIRECTION('',(0.0,-1.0,0.0));
#3726=VECTOR('',#3725,1.0);
#3727=LINE('',#3724,#3726);
#3728=EDGE_CURVE('n° 1211',#2307,#3716,#3727,.T.);
#3729=ORIENTED_EDGE('',*,*,#3728,.F.);
#3730=ORIENTED_EDGE('',*,*,#2313,.T.);
#3731=EDGE_LOOP('',(#3714,#3723,#3729,#3730));
#3732=FACE_OUTER_BOUND('',#3731,.T.);
#3733=CARTESIAN_POINT('',(-3.5,100.001,-33.5));
#3734=DIRECTION('',(-0.0,-1.0,-0.0));
#3735=DIRECTION('',(0.0,0.0,-1.0));
#3736=AXIS2_PLACEMENT_3D('',#3733,#3734,#3735);
#3737=CYLINDRICAL_SURFACE('',#3736,2.0);
#3738=ADVANCED_FACE('n° 1267',(#3732),#3737,.F.);
#3739=CARTESIAN_POINT('',(-1.5,1.0,-43.0));
#3740=VERTEX_POINT('',#3739);
#3741=CARTESIAN_POINT('',(-1.5,100.001,-43.0));
#3742=DIRECTION('',(0.0,-1.0,0.0));
#3743=VECTOR('',#3742,1.0);
#3744=LINE('',#3741,#3743);
#3745=EDGE_CURVE('n° 1213',#2299,#3740,#3744,.T.);
#3746=ORIENTED_EDGE('',*,*,#3745,.T.);
#3747=CARTESIAN_POINT('',(-1.5,1.0,-33.5));
#3748=DIRECTION('',(-0.0,0.0,1.0));
#3749=VECTOR('',#3748,1.0);
#3750=LINE('',#3747,#3749);
#3751=EDGE_CURVE('n° 6301',#3740,#3708,#3750,.T.);
#3752=ORIENTED_EDGE('',*,*,#3751,.T.);
#3753=ORIENTED_EDGE('',*,*,#3713,.F.);
#3754=ORIENTED_EDGE('',*,*,#2304,.T.);
#3755=EDGE_LOOP('',(#3746,#3752,#3753,#3754));
#3756=FACE_OUTER_BOUND('',#3755,.T.);
#3757=CARTESIAN_POINT('',(-1.5,100.001,-33.5));
#3758=DIRECTION('',(1.0,-0.0,0.0));
#3759=DIRECTION('',(0.0,0.0,-1.0));
#3760=AXIS2_PLACEMENT_3D('',#3757,#3758,#3759);
#3761=PLANE('',#3760);
#3762=ADVANCED_FACE('n° 1271',(#3756),#3761,.F.);
#3763=CARTESIAN_POINT('',(-3.5,1.0,-45.0));
#3764=VERTEX_POINT('',#3763);
#3765=CARTESIAN_POINT('',(-3.5,100.001,-45.0));
#3766=DIRECTION('',(0.0,-1.0,0.0));
#3767=VECTOR('',#3766,1.0);
#3768=LINE('',#3765,#3767);
#3769=EDGE_CURVE('n° 1214',#2350,#3764,#3768,.T.);
#3770=ORIENTED_EDGE('',*,*,#3769,.T.);
#3771=CARTESIAN_POINT('',(-3.5,1.0,-43.0));
#3772=DIRECTION('',(-0.0,-1.0,0.0));
#3773=DIRECTION('',(0.0,-0.0,-1.0));
#3774=AXIS2_PLACEMENT_3D('',#3771,#3772,#3773);
#3775=CIRCLE('',#3774,2.0);
#3776=EDGE_CURVE('n° 5989',#3764,#3740,#3775,.T.);
#3777=ORIENTED_EDGE('',*,*,#3776,.T.);
#3778=ORIENTED_EDGE('',*,*,#3745,.F.);
#3779=ORIENTED_EDGE('',*,*,#2362,.T.);
#3780=EDGE_LOOP('',(#3770,#3777,#3778,#3779));
#3781=FACE_OUTER_BOUND('',#3780,.T.);
#3782=CARTESIAN_POINT('',(-3.5,100.001,-43.0));
#3783=DIRECTION('',(-0.0,-1.0,-0.0));
#3784=DIRECTION('',(0.0,0.0,-1.0));
#3785=AXIS2_PLACEMENT_3D('',#3782,#3783,#3784);
#3786=CYLINDRICAL_SURFACE('',#3785,2.0);
#3787=ADVANCED_FACE('n° 1275',(#3781),#3786,.F.);
#3788=CARTESIAN_POINT('',(-48.0,1.0,-45.0));
#3789=VERTEX_POINT('',#3788);
#3790=CARTESIAN_POINT('',(-48.0,100.001,-45.0));
#3791=DIRECTION('',(0.0,-1.0,0.0));
#3792=VECTOR('',#3791,1.0);
#3793=LINE('',#3790,#3792);
#3794=EDGE_CURVE('n° 1215',#2341,#3789,#3793,.T.);
#3795=ORIENTED_EDGE('',*,*,#3794,.T.);
#3796=CARTESIAN_POINT('',(-3.5,1.0,-45.0));
#3797=DIRECTION('',(1.0,0.0,0.0));
#3798=VECTOR('',#3797,1.0);
#3799=LINE('',#3796,#3798);
#3800=EDGE_CURVE('n° 6118',#3789,#3764,#3799,.T.);
#3801=ORIENTED_EDGE('',*,*,#3800,.T.);
#3802=ORIENTED_EDGE('',*,*,#3769,.F.);
#3803=ORIENTED_EDGE('',*,*,#2355,.T.);
#3804=EDGE_LOOP('',(#3795,#3801,#3802,#3803));
#3805=FACE_OUTER_BOUND('',#3804,.T.);
#3806=CARTESIAN_POINT('',(-48.0,100.001,-45.0));
#3807=DIRECTION('',(0.0,0.0,-1.0));
#3808=DIRECTION('',(-1.0,0.0,-0.0));
#3809=AXIS2_PLACEMENT_3D('',#3806,#3807,#3808);
#3810=PLANE('',#3809);
#3811=ADVANCED_FACE('n° 1279',(#3805),#3810,.F.);
#3812=CARTESIAN_POINT('',(-50.0,1.0,-43.0));
#3813=VERTEX_POINT('',#3812);
#3814=CARTESIAN_POINT('',(-50.0,100.001,-43.0));
#3815=DIRECTION('',(0.0,-1.0,0.0));
#3816=VECTOR('',#3815,1.0);
#3817=LINE('',#3814,#3816);
#3818=EDGE_CURVE('n° 1216',#2333,#3813,#3817,.T.);
#3819=ORIENTED_EDGE('',*,*,#3818,.T.);
#3820=CARTESIAN_POINT('',(-48.0,1.0,-43.0));
#3821=DIRECTION('',(-0.0,-1.0,0.0));
#3822=DIRECTION('',(0.0,-0.0,-1.0));
#3823=AXIS2_PLACEMENT_3D('',#3820,#3821,#3822);
#3824=CIRCLE('',#3823,2.0);
#3825=EDGE_CURVE('n° 6127',#3813,#3789,#3824,.T.);
#3826=ORIENTED_EDGE('',*,*,#3825,.T.);
#3827=ORIENTED_EDGE('',*,*,#3794,.F.);
#3828=ORIENTED_EDGE('',*,*,#2347,.T.);
#3829=EDGE_LOOP('',(#3819,#3826,#3827,#3828));
#3830=FACE_OUTER_BOUND('',#3829,.T.);
#3831=CARTESIAN_POINT('',(-48.0,100.001,-43.0));
#3832=DIRECTION('',(-0.0,-1.0,-0.0));
#3833=DIRECTION('',(0.0,0.0,-1.0));
#3834=AXIS2_PLACEMENT_3D('',#3831,#3832,#3833);
#3835=CYLINDRICAL_SURFACE('',#3834,2.0);
#3836=ADVANCED_FACE('n° 1283',(#3830),#3835,.F.);
#3837=CARTESIAN_POINT('',(-50.0,1.0,-33.5));
#3838=VERTEX_POINT('',#3837);
#3839=CARTESIAN_POINT('',(-50.0,100.001,-33.5));
#3840=DIRECTION('',(0.0,-1.0,0.0));
#3841=VECTOR('',#3840,1.0);
#3842=LINE('',#3839,#3841);
#3843=EDGE_CURVE('n° 1217',#2324,#3838,#3842,.T.);
#3844=ORIENTED_EDGE('',*,*,#3843,.T.);
#3845=CARTESIAN_POINT('',(-50.0,1.0,-43.0));
#3846=DIRECTION('',(0.0,0.0,-1.0));
#3847=VECTOR('',#3846,1.0);
#3848=LINE('',#3845,#3847);
#3849=EDGE_CURVE('n° 6136',#3838,#3813,#3848,.T.);
#3850=ORIENTED_EDGE('',*,*,#3849,.T.);
#3851=ORIENTED_EDGE('',*,*,#3818,.F.);
#3852=ORIENTED_EDGE('',*,*,#2338,.T.);
#3853=EDGE_LOOP('',(#3844,#3850,#3851,#3852));
#3854=FACE_OUTER_BOUND('',#3853,.T.);
#3855=CARTESIAN_POINT('',(-50.0,100.001,-33.5));
#3856=DIRECTION('',(-1.0,0.0,0.0));
#3857=DIRECTION('',(0.0,0.0,1.0));
#3858=AXIS2_PLACEMENT_3D('',#3855,#3856,#3857);
#3859=PLANE('',#3858);
#3860=ADVANCED_FACE('n° 1287',(#3854),#3859,.F.);
#3861=CARTESIAN_POINT('',(-48.0,1.0,-31.5));
#3862=VERTEX_POINT('',#3861);
#3863=CARTESIAN_POINT('',(-48.0,100.001,-31.5));
#3864=DIRECTION('',(0.0,-1.0,0.0));
#3865=VECTOR('',#3864,1.0);
#3866=LINE('',#3863,#3865);
#3867=EDGE_CURVE('n° 1218',#2316,#3862,#3866,.T.);
#3868=ORIENTED_EDGE('',*,*,#3867,.T.);
#3869=CARTESIAN_POINT('',(-48.0,1.0,-33.5));
#3870=DIRECTION('',(-0.0,-1.0,0.0));
#3871=DIRECTION('',(0.0,-0.0,-1.0));
#3872=AXIS2_PLACEMENT_3D('',#3869,#3870,#3871);
#3873=CIRCLE('',#3872,2.0);
#3874=EDGE_CURVE('n° 6145',#3862,#3838,#3873,.T.);
#3875=ORIENTED_EDGE('',*,*,#3874,.T.);
#3876=ORIENTED_EDGE('',*,*,#3843,.F.);
#3877=ORIENTED_EDGE('',*,*,#2330,.T.);
#3878=EDGE_LOOP('',(#3868,#3875,#3876,#3877));
#3879=FACE_OUTER_BOUND('',#3878,.T.);
#3880=CARTESIAN_POINT('',(-48.0,100.001,-33.5));
#3881=DIRECTION('',(-0.0,-1.0,-0.0));
#3882=DIRECTION('',(0.0,0.0,-1.0));
#3883=AXIS2_PLACEMENT_3D('',#3880,#3881,#3882);
#3884=CYLINDRICAL_SURFACE('',#3883,2.0);
#3885=ADVANCED_FACE('n° 1291',(#3879),#3884,.F.);
#3886=ORIENTED_EDGE('',*,*,#3728,.T.);
#3887=CARTESIAN_POINT('',(-48.0,1.0,-31.5));
#3888=DIRECTION('',(-1.0,0.0,0.0));
#3889=VECTOR('',#3888,1.0);
#3890=LINE('',#3887,#3889);
#3891=EDGE_CURVE('n° 6154',#3716,#3862,#3890,.T.);
#3892=ORIENTED_EDGE('',*,*,#3891,.T.);
#3893=ORIENTED_EDGE('',*,*,#3867,.F.);
#3894=ORIENTED_EDGE('',*,*,#2321,.T.);
#3895=EDGE_LOOP('',(#3886,#3892,#3893,#3894));
#3896=FACE_OUTER_BOUND('',#3895,.T.);
#3897=CARTESIAN_POINT('',(-48.0,100.001,-31.5));
#3898=DIRECTION('',(0.0,0.0,1.0));
#3899=DIRECTION('',(1.0,0.0,-0.0));
#3900=AXIS2_PLACEMENT_3D('',#3897,#3898,#3899);
#3901=PLANE('',#3900);
#3902=ADVANCED_FACE('n° 1295',(#3896),#3901,.F.);
#3903=ORIENTED_EDGE('',*,*,#2823,.F.);
#3904=ORIENTED_EDGE('',*,*,#2192,.F.);
#3905=ORIENTED_EDGE('',*,*,#2465,.F.);
#3906=ORIENTED_EDGE('',*,*,#3163,.F.);
#3907=EDGE_LOOP('',(#3903,#3904,#3905,#3906));
#3908=FACE_OUTER_BOUND('',#3907,.T.);
#3909=CARTESIAN_POINT('',(-48.0,100.0,-43.0));
#3910=DIRECTION('',(-0.0,1.0,0.0));
#3911=DIRECTION('',(0.0,-0.0,1.0));
#3912=AXIS2_PLACEMENT_3D('',#3909,#3910,#3911);
#3913=CYLINDRICAL_SURFACE('',#3912,3.0);
#3914=ADVANCED_FACE('n° 2116',(#3908),#3913,.F.);
#3915=ORIENTED_EDGE('',*,*,#2813,.F.);
#3916=ORIENTED_EDGE('',*,*,#1901,.F.);
#3917=CARTESIAN_POINT('',(-48.0,100.0,46.0));
#3918=DIRECTION('',(0.0,1.0,0.0));
#3919=VECTOR('',#3918,1.0);
#3920=LINE('',#3917,#3919);
#3921=EDGE_CURVE('n° 2052',#1542,#1888,#3920,.T.);
#3922=ORIENTED_EDGE('',*,*,#3921,.F.);
#3923=ORIENTED_EDGE('',*,*,#1798,.F.);
#3924=ORIENTED_EDGE('',*,*,#2206,.F.);
#3925=EDGE_LOOP('',(#3915,#3916,#3922,#3923,#3924));
#3926=FACE_OUTER_BOUND('',#3925,.T.);
#3927=CARTESIAN_POINT('',(-48.0,100.0,43.0));
#3928=DIRECTION('',(0.0,1.0,0.0));
#3929=DIRECTION('',(0.0,-0.0,1.0));
#3930=AXIS2_PLACEMENT_3D('',#3927,#3928,#3929);
#3931=CYLINDRICAL_SURFACE('',#3930,3.0);
#3932=ADVANCED_FACE('n° 2137',(#3926),#3931,.F.);
#3933=ORIENTED_EDGE('',*,*,#2805,.F.);
#3934=ORIENTED_EDGE('',*,*,#1529,.F.);
#3935=ORIENTED_EDGE('',*,*,#1610,.F.);
#3936=ORIENTED_EDGE('',*,*,#1915,.F.);
#3937=EDGE_LOOP('',(#3933,#3934,#3935,#3936));
#3938=FACE_OUTER_BOUND('',#3937,.T.);
#3939=CARTESIAN_POINT('',(48.0,100.0,43.0));
#3940=DIRECTION('',(0.0,1.0,0.0));
#3941=DIRECTION('',(0.0,-0.0,1.0));
#3942=AXIS2_PLACEMENT_3D('',#3939,#3940,#3941);
#3943=CYLINDRICAL_SURFACE('',#3942,3.0);
#3944=ADVANCED_FACE('n° 2158',(#3938),#3943,.F.);
#3945=ORIENTED_EDGE('',*,*,#2838,.F.);
#3946=ORIENTED_EDGE('',*,*,#3170,.F.);
#3947=ORIENTED_EDGE('',*,*,#2450,.F.);
#3948=ORIENTED_EDGE('',*,*,#1457,.F.);
#3949=EDGE_LOOP('',(#3945,#3946,#3947,#3948));
#3950=FACE_OUTER_BOUND('',#3949,.T.);
#3951=CARTESIAN_POINT('',(48.0,100.0,-43.0));
#3952=DIRECTION('',(0.0,1.0,-0.0));
#3953=DIRECTION('',(0.0,0.0,1.0));
#3954=AXIS2_PLACEMENT_3D('',#3951,#3952,#3953);
#3955=CYLINDRICAL_SURFACE('',#3954,3.0);
#3956=ADVANCED_FACE('n° 2179',(#3950),#3955,.F.);
#3957=CARTESIAN_POINT('',(36.0,82.0,50.001));
#3958=DIRECTION('',(0.0,0.0,-1.0));
#3959=VECTOR('',#3958,1.0);
#3960=LINE('',#3957,#3959);
#3961=EDGE_CURVE('n° 2915',#2516,#2251,#3960,.T.);
#3962=ORIENTED_EDGE('',*,*,#3961,.T.);
#3963=ORIENTED_EDGE('',*,*,#2269,.T.);
#3964=ORIENTED_EDGE('',*,*,#2129,.T.);
#3965=ORIENTED_EDGE('',*,*,#2590,.T.);
#3966=CARTESIAN_POINT('',(-45.0,82.0,10.5));
#3967=VERTEX_POINT('',#3966);
#3968=CARTESIAN_POINT('',(-45.0,82.0,9.5));
#3969=DIRECTION('',(0.0,0.0,1.0));
#3970=VECTOR('',#3969,1.0);
#3971=LINE('',#3968,#3970);
#3972=EDGE_CURVE('n° 2455',#2579,#3967,#3971,.T.);
#3973=ORIENTED_EDGE('',*,*,#3972,.T.);
#3974=CARTESIAN_POINT('',(-30.0,82.0,10.5));
#3975=VERTEX_POINT('',#3974);
#3976=CARTESIAN_POINT('',(-30.0,82.0,10.5));
#3977=DIRECTION('',(1.0,0.0,0.0));
#3978=VECTOR('',#3977,1.0);
#3979=LINE('',#3976,#3978);
#3980=EDGE_CURVE('n° 2452',#3967,#3975,#3979,.T.);
#3981=ORIENTED_EDGE('',*,*,#3980,.T.);
#3982=CARTESIAN_POINT('',(-30.0,82.0,9.5));
#3983=DIRECTION('',(0.0,0.0,-1.0));
#3984=VECTOR('',#3983,1.0);
#3985=LINE('',#3982,#3984);
#3986=EDGE_CURVE('n° 2453',#3975,#2556,#3985,.T.);
#3987=ORIENTED_EDGE('',*,*,#3986,.T.);
#3988=ORIENTED_EDGE('',*,*,#2561,.T.);
#3989=CARTESIAN_POINT('',(-4.5,82.0,10.5));
#3990=VERTEX_POINT('',#3989);
#3991=CARTESIAN_POINT('',(-4.5,82.0,9.5));
#3992=DIRECTION('',(0.0,0.0,1.0));
#3993=VECTOR('',#3992,1.0);
#3994=LINE('',#3991,#3993);
#3995=EDGE_CURVE('n° 2616',#2548,#3990,#3994,.T.);
#3996=ORIENTED_EDGE('',*,*,#3995,.T.);
#3997=CARTESIAN_POINT('',(10.5,82.0,10.5));
#3998=VERTEX_POINT('',#3997);
#3999=CARTESIAN_POINT('',(10.5,82.0,10.5));
#4000=DIRECTION('',(1.0,0.0,-0.0));
#4001=VECTOR('',#4000,1.0);
#4002=LINE('',#3999,#4001);
#4003=EDGE_CURVE('n° 2613',#3990,#3998,#4002,.T.);
#4004=ORIENTED_EDGE('',*,*,#4003,.T.);
#4005=CARTESIAN_POINT('',(10.5,82.0,9.5));
#4006=DIRECTION('',(0.0,0.0,-1.0));
#4007=VECTOR('',#4006,1.0);
#4008=LINE('',#4005,#4007);
#4009=EDGE_CURVE('n° 2614',#3998,#2485,#4008,.T.);
#4010=ORIENTED_EDGE('',*,*,#4009,.T.);
#4011=ORIENTED_EDGE('',*,*,#2490,.T.);
#4012=CARTESIAN_POINT('',(25.0,82.0,14.5));
#4013=VERTEX_POINT('',#4012);
#4014=CARTESIAN_POINT('',(25.0,82.0,9.5));
#4015=DIRECTION('',(-0.0,0.0,1.0));
#4016=VECTOR('',#4015,1.0);
#4017=LINE('',#4014,#4016);
#4018=EDGE_CURVE('n° 2781',#2477,#4013,#4017,.T.);
#4019=ORIENTED_EDGE('',*,*,#4018,.T.);
#4020=CARTESIAN_POINT('',(29.0,82.0,14.5));
#4021=VERTEX_POINT('',#4020);
#4022=CARTESIAN_POINT('',(29.0,82.0,14.5));
#4023=DIRECTION('',(1.0,0.0,0.0));
#4024=VECTOR('',#4023,1.0);
#4025=LINE('',#4022,#4024);
#4026=EDGE_CURVE('n° 2782',#4013,#4021,#4025,.T.);
#4027=ORIENTED_EDGE('',*,*,#4026,.T.);
#4028=CARTESIAN_POINT('',(29.0,82.0,14.5));
#4029=DIRECTION('',(0.7071067812,0.0,-0.7071067812));
#4030=VECTOR('',#4029,1.0);
#4031=LINE('',#4028,#4030);
#4032=EDGE_CURVE('n° 2779',#4021,#2524,#4031,.T.);
#4033=ORIENTED_EDGE('',*,*,#4032,.T.);
#4034=ORIENTED_EDGE('',*,*,#2529,.T.);
#4035=EDGE_LOOP('',(
    #3962,#3963,#3964,#3965,#3973,#3981,#3987,#3988,#3996,#4004,
    #4010,#4011,#4019,#4027,#4033,#4034));
#4036=FACE_OUTER_BOUND('',#4035,.T.);
#4037=CARTESIAN_POINT('',(0.0,82.0,0.0));
#4038=DIRECTION('',(0.0,1.0,0.0));
#4039=DIRECTION('',(0.0,-0.0,1.0));
#4040=AXIS2_PLACEMENT_3D('',#4037,#4038,#4039);
#4041=PLANE('',#4040);
#4042=ADVANCED_FACE('n° 2329',(#4036),#4041,.T.);
#4043=ORIENTED_EDGE('',*,*,#3986,.F.);
#4044=CARTESIAN_POINT('',(-30.0,97.0332963784,10.5));
#4045=DIRECTION('',(0.0,-1.0,0.0));
#4046=VECTOR('',#4045,1.0);
#4047=LINE('',#4044,#4046);
#4048=EDGE_CURVE('n° 2436',#3975,#1686,#4047,.T.);
#4049=ORIENTED_EDGE('',*,*,#4048,.T.);
#4050=ORIENTED_EDGE('',*,*,#1691,.T.);
#4051=ORIENTED_EDGE('',*,*,#2567,.F.);
#4052=EDGE_LOOP('',(#4043,#4049,#4050,#4051));
#4053=FACE_OUTER_BOUND('',#4052,.T.);
#4054=CARTESIAN_POINT('',(-30.0,97.0332963784,9.5));
#4055=DIRECTION('',(-1.0,0.0,0.0));
#4056=DIRECTION('',(0.0,0.0,1.0));
#4057=AXIS2_PLACEMENT_3D('',#4054,#4055,#4056);
#4058=PLANE('',#4057);
#4059=ADVANCED_FACE('n° 2464',(#4053),#4058,.F.);
#4060=ORIENTED_EDGE('',*,*,#3972,.F.);
#4061=ORIENTED_EDGE('',*,*,#2584,.T.);
#4062=ORIENTED_EDGE('',*,*,#1707,.T.);
#4063=CARTESIAN_POINT('',(-45.0,97.0332963784,10.5));
#4064=DIRECTION('',(0.0,-1.0,0.0));
#4065=VECTOR('',#4064,1.0);
#4066=LINE('',#4063,#4065);
#4067=EDGE_CURVE('n° 2448',#3967,#1694,#4066,.T.);
#4068=ORIENTED_EDGE('',*,*,#4067,.F.);
#4069=EDGE_LOOP('',(#4060,#4061,#4062,#4068));
#4070=FACE_OUTER_BOUND('',#4069,.T.);
#4071=CARTESIAN_POINT('',(-45.0,97.0332963784,9.5));
#4072=DIRECTION('',(1.0,0.0,0.0));
#4073=DIRECTION('',(0.0,0.0,-1.0));
#4074=AXIS2_PLACEMENT_3D('',#4071,#4072,#4073);
#4075=PLANE('',#4074);
#4076=ADVANCED_FACE('n° 2472',(#4070),#4075,.F.);
#4077=ORIENTED_EDGE('',*,*,#3980,.F.);
#4078=ORIENTED_EDGE('',*,*,#4067,.T.);
#4079=ORIENTED_EDGE('',*,*,#1699,.T.);
#4080=ORIENTED_EDGE('',*,*,#4048,.F.);
#4081=EDGE_LOOP('',(#4077,#4078,#4079,#4080));
#4082=FACE_OUTER_BOUND('',#4081,.T.);
#4083=CARTESIAN_POINT('',(-30.0,97.0332963784,10.5));
#4084=DIRECTION('',(0.0,0.0,-1.0));
#4085=DIRECTION('',(-1.0,0.0,-0.0));
#4086=AXIS2_PLACEMENT_3D('',#4083,#4084,#4085);
#4087=PLANE('',#4086);
#4088=ADVANCED_FACE('n° 2476',(#4082),#4087,.F.);
#4089=ORIENTED_EDGE('',*,*,#4009,.F.);
#4090=CARTESIAN_POINT('',(10.5,97.0332963784,10.5));
#4091=DIRECTION('',(0.0,-1.0,0.0));
#4092=VECTOR('',#4091,1.0);
#4093=LINE('',#4090,#4092);
#4094=EDGE_CURVE('n° 2597',#3998,#1654,#4093,.T.);
#4095=ORIENTED_EDGE('',*,*,#4094,.T.);
#4096=ORIENTED_EDGE('',*,*,#1659,.T.);
#4097=ORIENTED_EDGE('',*,*,#2496,.F.);
#4098=EDGE_LOOP('',(#4089,#4095,#4096,#4097));
#4099=FACE_OUTER_BOUND('',#4098,.T.);
#4100=CARTESIAN_POINT('',(10.5,97.0332963784,9.5));
#4101=DIRECTION('',(-1.0,0.0,0.0));
#4102=DIRECTION('',(0.0,0.0,1.0));
#4103=AXIS2_PLACEMENT_3D('',#4100,#4101,#4102);
#4104=PLANE('',#4103);
#4105=ADVANCED_FACE('n° 2625',(#4099),#4104,.F.);
#4106=ORIENTED_EDGE('',*,*,#3995,.F.);
#4107=ORIENTED_EDGE('',*,*,#2553,.T.);
#4108=ORIENTED_EDGE('',*,*,#1675,.T.);
#4109=CARTESIAN_POINT('',(-4.5,97.0332963784,10.5));
#4110=DIRECTION('',(0.0,-1.0,0.0));
#4111=VECTOR('',#4110,1.0);
#4112=LINE('',#4109,#4111);
#4113=EDGE_CURVE('n° 2609',#3990,#1662,#4112,.T.);
#4114=ORIENTED_EDGE('',*,*,#4113,.F.);
#4115=EDGE_LOOP('',(#4106,#4107,#4108,#4114));
#4116=FACE_OUTER_BOUND('',#4115,.T.);
#4117=CARTESIAN_POINT('',(-4.5,97.0332963784,9.5));
#4118=DIRECTION('',(1.0,0.0,0.0));
#4119=DIRECTION('',(0.0,0.0,-1.0));
#4120=AXIS2_PLACEMENT_3D('',#4117,#4118,#4119);
#4121=PLANE('',#4120);
#4122=ADVANCED_FACE('n° 2633',(#4116),#4121,.F.);
#4123=ORIENTED_EDGE('',*,*,#4003,.F.);
#4124=ORIENTED_EDGE('',*,*,#4113,.T.);
#4125=ORIENTED_EDGE('',*,*,#1667,.T.);
#4126=ORIENTED_EDGE('',*,*,#4094,.F.);
#4127=EDGE_LOOP('',(#4123,#4124,#4125,#4126));
#4128=FACE_OUTER_BOUND('',#4127,.T.);
#4129=CARTESIAN_POINT('',(10.5,97.0332963784,10.5));
#4130=DIRECTION('',(-0.0,0.0,-1.0));
#4131=DIRECTION('',(-1.0,0.0,0.0));
#4132=AXIS2_PLACEMENT_3D('',#4129,#4130,#4131);
#4133=PLANE('',#4132);
#4134=ADVANCED_FACE('n° 2637',(#4128),#4133,.F.);
#4135=ORIENTED_EDGE('',*,*,#4018,.F.);
#4136=ORIENTED_EDGE('',*,*,#2482,.T.);
#4137=ORIENTED_EDGE('',*,*,#1643,.T.);
#4138=CARTESIAN_POINT('',(25.0,92.295630141,14.5));
#4139=DIRECTION('',(0.0,-1.0,0.0));
#4140=VECTOR('',#4139,1.0);
#4141=LINE('',#4138,#4140);
#4142=EDGE_CURVE('n° 2771',#4013,#1630,#4141,.T.);
#4143=ORIENTED_EDGE('',*,*,#4142,.F.);
#4144=EDGE_LOOP('',(#4135,#4136,#4137,#4143));
#4145=FACE_OUTER_BOUND('',#4144,.T.);
#4146=CARTESIAN_POINT('',(25.0,92.295630141,9.5));
#4147=DIRECTION('',(1.0,-0.0,0.0));
#4148=DIRECTION('',(0.0,0.0,-1.0));
#4149=AXIS2_PLACEMENT_3D('',#4146,#4147,#4148);
#4150=PLANE('',#4149);
#4151=ADVANCED_FACE('n° 2796',(#4145),#4150,.F.);
#4152=ORIENTED_EDGE('',*,*,#4026,.F.);
#4153=ORIENTED_EDGE('',*,*,#4142,.T.);
#4154=ORIENTED_EDGE('',*,*,#1635,.T.);
#4155=CARTESIAN_POINT('',(29.0,92.295630141,14.5));
#4156=DIRECTION('',(0.0,-1.0,0.0));
#4157=VECTOR('',#4156,1.0);
#4158=LINE('',#4155,#4157);
#4159=EDGE_CURVE('n° 2775',#4021,#1622,#4158,.T.);
#4160=ORIENTED_EDGE('',*,*,#4159,.F.);
#4161=EDGE_LOOP('',(#4152,#4153,#4154,#4160));
#4162=FACE_OUTER_BOUND('',#4161,.T.);
#4163=CARTESIAN_POINT('',(29.0,92.295630141,14.5));
#4164=DIRECTION('',(0.0,0.0,-1.0));
#4165=DIRECTION('',(-1.0,0.0,-0.0));
#4166=AXIS2_PLACEMENT_3D('',#4163,#4164,#4165);
#4167=PLANE('',#4166);
#4168=ADVANCED_FACE('n° 2800',(#4162),#4167,.F.);
#4169=ORIENTED_EDGE('',*,*,#4032,.F.);
#4170=ORIENTED_EDGE('',*,*,#4159,.T.);
#4171=ORIENTED_EDGE('',*,*,#1627,.T.);
#4172=ORIENTED_EDGE('',*,*,#2535,.F.);
#4173=EDGE_LOOP('',(#4169,#4170,#4171,#4172));
#4174=FACE_OUTER_BOUND('',#4173,.T.);
#4175=CARTESIAN_POINT('',(29.0,92.295630141,14.5));
#4176=DIRECTION('',(-0.7071067812,0.0,-0.7071067812));
#4177=DIRECTION('',(-0.7071067812,0.0,0.7071067812));
#4178=AXIS2_PLACEMENT_3D('',#4175,#4176,#4177);
#4179=PLANE('',#4178);
#4180=ADVANCED_FACE('n° 2804',(#4174),#4179,.F.);
#4181=CARTESIAN_POINT('',(36.0,62.0,8.3284271247));
#4182=VERTEX_POINT('',#4181);
#4183=CARTESIAN_POINT('',(36.0,62.0,50.001));
#4184=DIRECTION('',(0.0,0.0,-1.0));
#4185=VECTOR('',#4184,1.0);
#4186=LINE('',#4183,#4185);
#4187=EDGE_CURVE('n° 2916',#2508,#4182,#4186,.T.);
#4188=ORIENTED_EDGE('',*,*,#4187,.T.);
#4189=CARTESIAN_POINT('',(36.0,63.0,6.0923591472));
#4190=VERTEX_POINT('',#4189);
#4191=CARTESIAN_POINT('',(36.0,65.0,8.3284271247));
#4192=DIRECTION('',(1.0,-0.0,-0.0));
#4193=DIRECTION('',(-0.0,-1.0,0.0));
#4194=AXIS2_PLACEMENT_3D('',#4191,#4192,#4193);
#4195=CIRCLE('',#4194,3.0);
#4196=EDGE_CURVE('n° 4730',#4182,#4190,#4195,.T.);
#4197=ORIENTED_EDGE('',*,*,#4196,.T.);
#4198=CARTESIAN_POINT('',(36.0,64.0,3.8562911697));
#4199=VERTEX_POINT('',#4198);
#4200=CARTESIAN_POINT('',(36.0,61.0,3.8562911697));
#4201=DIRECTION('',(-1.0,0.0,0.0));
#4202=DIRECTION('',(-0.0,-1.0,0.0));
#4203=AXIS2_PLACEMENT_3D('',#4200,#4201,#4202);
#4204=CIRCLE('',#4203,3.0);
#4205=EDGE_CURVE('n° 4815',#4190,#4199,#4204,.T.);
#4206=ORIENTED_EDGE('',*,*,#4205,.T.);
#4207=CARTESIAN_POINT('',(36.0,64.0,50.001));
#4208=DIRECTION('',(0.0,0.0,-1.0));
#4209=VECTOR('',#4208,1.0);
#4210=LINE('',#4207,#4209);
#4211=EDGE_CURVE('n° 4785',#2249,#4199,#4210,.T.);
#4212=ORIENTED_EDGE('',*,*,#4211,.F.);
#4213=ORIENTED_EDGE('',*,*,#2256,.T.);
#4214=ORIENTED_EDGE('',*,*,#3961,.F.);
#4215=ORIENTED_EDGE('',*,*,#2521,.T.);
#4216=EDGE_LOOP('',(#4188,#4197,#4206,#4212,#4213,#4214,#4215));
#4217=FACE_OUTER_BOUND('',#4216,.T.);
#4218=CARTESIAN_POINT('',(36.0,82.0,50.001));
#4219=DIRECTION('',(-1.0,0.0,0.0));
#4220=DIRECTION('',(-0.0,-1.0,0.0));
#4221=AXIS2_PLACEMENT_3D('',#4218,#4219,#4220);
#4222=PLANE('',#4221);
#4223=ADVANCED_FACE('n° 2945',(#4217),#4222,.F.);
#4224=ORIENTED_EDGE('',*,*,#1507,.T.);
#4225=CARTESIAN_POINT('',(36.0,62.0,8.3284271247));
#4226=DIRECTION('',(-1.0,0.0,0.0));
#4227=VECTOR('',#4226,1.0);
#4228=LINE('',#4225,#4227);
#4229=EDGE_CURVE('n° 4724',#1493,#4182,#4228,.T.);
#4230=ORIENTED_EDGE('',*,*,#4229,.T.);
#4231=ORIENTED_EDGE('',*,*,#4187,.F.);
#4232=ORIENTED_EDGE('',*,*,#2513,.T.);
#4233=EDGE_LOOP('',(#4224,#4230,#4231,#4232));
#4234=FACE_OUTER_BOUND('',#4233,.T.);
#4235=CARTESIAN_POINT('',(36.0,62.0,50.001));
#4236=DIRECTION('',(0.0,-1.0,0.0));
#4237=DIRECTION('',(0.0,-0.0,-1.0));
#4238=AXIS2_PLACEMENT_3D('',#4235,#4236,#4237);
#4239=PLANE('',#4238);
#4240=ADVANCED_FACE('n° 2949',(#4234),#4239,.F.);
#4241=ORIENTED_EDGE('',*,*,#1473,.F.);
#4242=ORIENTED_EDGE('',*,*,#2440,.T.);
#4243=ORIENTED_EDGE('',*,*,#2176,.F.);
#4244=CARTESIAN_POINT('',(-51.0,64.0,-30.5));
#4245=DIRECTION('',(-1.0,0.0,0.0));
#4246=VECTOR('',#4245,1.0);
#4247=LINE('',#4244,#4246);
#4248=EDGE_CURVE('n° 3146',#1468,#2163,#4247,.T.);
#4249=ORIENTED_EDGE('',*,*,#4248,.F.);
#4250=EDGE_LOOP('',(#4241,#4242,#4243,#4249));
#4251=FACE_OUTER_BOUND('',#4250,.T.);
#4252=CARTESIAN_POINT('',(-51.0,64.0,-30.5));
#4253=DIRECTION('',(0.0,0.0,1.0));
#4254=DIRECTION('',(1.0,0.0,-0.0));
#4255=AXIS2_PLACEMENT_3D('',#4252,#4253,#4254);
#4256=PLANE('',#4255);
#4257=ADVANCED_FACE('n° 3190',(#4251),#4256,.F.);
#4258=CARTESIAN_POINT('',(36.9466257058,64.0,0.0));
#4259=DIRECTION('',(0.0,0.0,1.0));
#4260=VECTOR('',#4259,1.0);
#4261=LINE('',#4258,#4260);
#4262=EDGE_CURVE('n° 12191',#408,#530,#4261,.T.);
#4263=ORIENTED_EDGE('',*,*,#4262,.F.);
#4264=ORIENTED_EDGE('',*,*,#451,.F.);
#4265=CARTESIAN_POINT('',(44.9466257058,64.0,0.0));
#4266=DIRECTION('',(0.0,0.0,-1.0));
#4267=VECTOR('',#4266,1.0);
#4268=LINE('',#4265,#4267);
#4269=EDGE_CURVE('n° 12207',#505,#440,#4268,.T.);
#4270=ORIENTED_EDGE('',*,*,#4269,.F.);
#4271=ORIENTED_EDGE('',*,*,#541,.F.);
#4272=EDGE_LOOP('',(#4263,#4264,#4270,#4271));
#4273=FACE_OUTER_BOUND('',#4272,.T.);
#4274=ORIENTED_EDGE('',*,*,#4211,.T.);
#4275=CARTESIAN_POINT('',(51.0,64.0,3.8562911697));
#4276=DIRECTION('',(1.0,0.0,0.0));
#4277=VECTOR('',#4276,1.0);
#4278=LINE('',#4275,#4277);
#4279=EDGE_CURVE('n° 4788',#4199,#1476,#4278,.T.);
#4280=ORIENTED_EDGE('',*,*,#4279,.T.);
#4281=ORIENTED_EDGE('',*,*,#1481,.T.);
#4282=ORIENTED_EDGE('',*,*,#4248,.T.);
#4283=ORIENTED_EDGE('',*,*,#2168,.T.);
#4284=ORIENTED_EDGE('',*,*,#2284,.T.);
#4285=ORIENTED_EDGE('',*,*,#2231,.T.);
#4286=CARTESIAN_POINT('',(-51.0,64.0,-11.6));
#4287=DIRECTION('',(-1.0,0.0,0.0));
#4288=VECTOR('',#4287,1.0);
#4289=LINE('',#4286,#4288);
#4290=EDGE_CURVE('n° 3523',#2218,#2140,#4289,.T.);
#4291=ORIENTED_EDGE('',*,*,#4290,.T.);
#4292=ORIENTED_EDGE('',*,*,#2145,.T.);
#4293=ORIENTED_EDGE('',*,*,#2262,.T.);
#4294=EDGE_LOOP('',(#4274,#4280,#4281,#4282,#4283,#4284,#4285,#4291,#4292,#4293));
#4295=FACE_BOUND('',#4294,.T.);
#4296=CARTESIAN_POINT('',(0.0,64.0,0.0));
#4297=DIRECTION('',(0.0,1.0,0.0));
#4298=DIRECTION('',(0.0,-0.0,1.0));
#4299=AXIS2_PLACEMENT_3D('',#4296,#4297,#4298);
#4300=PLANE('',#4299);
#4301=ADVANCED_FACE('n° 3194',(#4273,#4295),#4300,.T.);
#4302=ORIENTED_EDGE('',*,*,#4290,.F.);
#4303=ORIENTED_EDGE('',*,*,#2223,.T.);
#4304=ORIENTED_EDGE('',*,*,#2026,.T.);
#4305=ORIENTED_EDGE('',*,*,#2151,.F.);
#4306=EDGE_LOOP('',(#4302,#4303,#4304,#4305));
#4307=FACE_OUTER_BOUND('',#4306,.T.);
#4308=CARTESIAN_POINT('',(-51.0,117.3166015421,-11.6));
#4309=DIRECTION('',(0.0,0.0,1.0));
#4310=DIRECTION('',(1.0,0.0,-0.0));
#4311=AXIS2_PLACEMENT_3D('',#4308,#4309,#4310);
#4312=PLANE('',#4311);
#4313=ADVANCED_FACE('n° 3547',(#4307),#4312,.F.);
#4314=CARTESIAN_POINT('',(8.0,59.0,-50.001));
#4315=DIRECTION('',(0.0,0.0,1.0));
#4316=VECTOR('',#4315,1.0);
#4317=LINE('',#4314,#4316);
#4318=EDGE_CURVE('n° 3725',#1809,#3078,#4317,.T.);
#4319=ORIENTED_EDGE('',*,*,#4318,.T.);
#4320=ORIENTED_EDGE('',*,*,#3083,.T.);
#4321=CARTESIAN_POINT('',(-35.0,59.0,-50.001));
#4322=DIRECTION('',(0.0,0.0,1.0));
#4323=VECTOR('',#4322,1.0);
#4324=LINE('',#4321,#4323);
#4325=EDGE_CURVE('n° 3711',#1811,#3067,#4324,.T.);
#4326=ORIENTED_EDGE('',*,*,#4325,.F.);
#4327=ORIENTED_EDGE('',*,*,#1816,.F.);
#4328=EDGE_LOOP('',(#4319,#4320,#4326,#4327));
#4329=FACE_OUTER_BOUND('',#4328,.T.);
#4330=CARTESIAN_POINT('',(-35.0,59.0,-50.001));
#4331=DIRECTION('',(0.0,1.0,0.0));
#4332=DIRECTION('',(-1.0,0.0,0.0));
#4333=AXIS2_PLACEMENT_3D('',#4330,#4331,#4332);
#4334=PLANE('',#4333);
#4335=ADVANCED_FACE('n° 3745',(#4329),#4334,.F.);
#4336=ORIENTED_EDGE('',*,*,#4325,.T.);
#4337=ORIENTED_EDGE('',*,*,#3075,.T.);
#4338=CARTESIAN_POINT('',(-37.0,57.0,-50.001));
#4339=DIRECTION('',(0.0,0.0,1.0));
#4340=VECTOR('',#4339,1.0);
#4341=LINE('',#4338,#4340);
#4342=EDGE_CURVE('n° 3713',#1819,#3069,#4341,.T.);
#4343=ORIENTED_EDGE('',*,*,#4342,.F.);
#4344=ORIENTED_EDGE('',*,*,#1825,.F.);
#4345=EDGE_LOOP('',(#4336,#4337,#4343,#4344));
#4346=FACE_OUTER_BOUND('',#4345,.T.);
#4347=CARTESIAN_POINT('',(-35.0,57.0,-50.001));
#4348=DIRECTION('',(-0.0,-0.0,1.0));
#4349=DIRECTION('',(1.0,0.0,0.0));
#4350=AXIS2_PLACEMENT_3D('',#4347,#4348,#4349);
#4351=CYLINDRICAL_SURFACE('',#4350,2.0);
#4352=ADVANCED_FACE('n° 3749',(#4346),#4351,.F.);
#4353=ORIENTED_EDGE('',*,*,#4342,.T.);
#4354=ORIENTED_EDGE('',*,*,#3132,.T.);
#4355=CARTESIAN_POINT('',(-37.0,14.0,-50.001));
#4356=DIRECTION('',(0.0,0.0,1.0));
#4357=VECTOR('',#4356,1.0);
#4358=LINE('',#4355,#4357);
#4359=EDGE_CURVE('n° 3715',#1828,#3120,#4358,.T.);
#4360=ORIENTED_EDGE('',*,*,#4359,.F.);
#4361=ORIENTED_EDGE('',*,*,#1833,.F.);
#4362=EDGE_LOOP('',(#4353,#4354,#4360,#4361));
#4363=FACE_OUTER_BOUND('',#4362,.T.);
#4364=CARTESIAN_POINT('',(-37.0,57.0,-50.001));
#4365=DIRECTION('',(-1.0,-0.0,-0.0));
#4366=DIRECTION('',(0.0,-1.0,0.0));
#4367=AXIS2_PLACEMENT_3D('',#4364,#4365,#4366);
#4368=PLANE('',#4367);
#4369=ADVANCED_FACE('n° 3753',(#4363),#4368,.F.);
#4370=ORIENTED_EDGE('',*,*,#4359,.T.);
#4371=ORIENTED_EDGE('',*,*,#3126,.T.);
#4372=CARTESIAN_POINT('',(-35.0,12.0,-50.001));
#4373=DIRECTION('',(0.0,0.0,1.0));
#4374=VECTOR('',#4373,1.0);
#4375=LINE('',#4372,#4374);
#4376=EDGE_CURVE('n° 3717',#1836,#3112,#4375,.T.);
#4377=ORIENTED_EDGE('',*,*,#4376,.F.);
#4378=ORIENTED_EDGE('',*,*,#1842,.F.);
#4379=EDGE_LOOP('',(#4370,#4371,#4377,#4378));
#4380=FACE_OUTER_BOUND('',#4379,.T.);
#4381=CARTESIAN_POINT('',(-35.0,14.0,-50.001));
#4382=DIRECTION('',(-0.0,-0.0,1.0));
#4383=DIRECTION('',(1.0,0.0,0.0));
#4384=AXIS2_PLACEMENT_3D('',#4381,#4382,#4383);
#4385=CYLINDRICAL_SURFACE('',#4384,2.0);
#4386=ADVANCED_FACE('n° 3757',(#4380),#4385,.F.);
#4387=ORIENTED_EDGE('',*,*,#4376,.T.);
#4388=ORIENTED_EDGE('',*,*,#3117,.T.);
#4389=CARTESIAN_POINT('',(8.0,12.0,-50.001));
#4390=DIRECTION('',(0.0,0.0,1.0));
#4391=VECTOR('',#4390,1.0);
#4392=LINE('',#4389,#4391);
#4393=EDGE_CURVE('n° 3719',#1845,#3103,#4392,.T.);
#4394=ORIENTED_EDGE('',*,*,#4393,.F.);
#4395=ORIENTED_EDGE('',*,*,#1850,.F.);
#4396=EDGE_LOOP('',(#4387,#4388,#4394,#4395));
#4397=FACE_OUTER_BOUND('',#4396,.T.);
#4398=CARTESIAN_POINT('',(-35.0,12.0,-50.001));
#4399=DIRECTION('',(0.0,-1.0,0.0));
#4400=DIRECTION('',(0.0,-0.0,-1.0));
#4401=AXIS2_PLACEMENT_3D('',#4398,#4399,#4400);
#4402=PLANE('',#4401);
#4403=ADVANCED_FACE('n° 3761',(#4397),#4402,.F.);
#4404=ORIENTED_EDGE('',*,*,#4393,.T.);
#4405=ORIENTED_EDGE('',*,*,#3109,.T.);
#4406=CARTESIAN_POINT('',(10.0,14.0,-50.001));
#4407=DIRECTION('',(0.0,0.0,1.0));
#4408=VECTOR('',#4407,1.0);
#4409=LINE('',#4406,#4408);
#4410=EDGE_CURVE('n° 3721',#1853,#3095,#4409,.T.);
#4411=ORIENTED_EDGE('',*,*,#4410,.F.);
#4412=ORIENTED_EDGE('',*,*,#1859,.F.);
#4413=EDGE_LOOP('',(#4404,#4405,#4411,#4412));
#4414=FACE_OUTER_BOUND('',#4413,.T.);
#4415=CARTESIAN_POINT('',(8.0,14.0,-50.001));
#4416=DIRECTION('',(-0.0,-0.0,1.0));
#4417=DIRECTION('',(1.0,0.0,0.0));
#4418=AXIS2_PLACEMENT_3D('',#4415,#4416,#4417);
#4419=CYLINDRICAL_SURFACE('',#4418,2.0);
#4420=ADVANCED_FACE('n° 3765',(#4414),#4419,.F.);
#4421=ORIENTED_EDGE('',*,*,#4410,.T.);
#4422=ORIENTED_EDGE('',*,*,#3100,.T.);
#4423=CARTESIAN_POINT('',(10.0,57.0,-50.001));
#4424=DIRECTION('',(0.0,0.0,1.0));
#4425=VECTOR('',#4424,1.0);
#4426=LINE('',#4423,#4425);
#4427=EDGE_CURVE('n° 3723',#1862,#3086,#4426,.T.);
#4428=ORIENTED_EDGE('',*,*,#4427,.F.);
#4429=ORIENTED_EDGE('',*,*,#1867,.F.);
#4430=EDGE_LOOP('',(#4421,#4422,#4428,#4429));
#4431=FACE_OUTER_BOUND('',#4430,.T.);
#4432=CARTESIAN_POINT('',(10.0,57.0,-50.001));
#4433=DIRECTION('',(1.0,0.0,0.0));
#4434=DIRECTION('',(-0.0,1.0,0.0));
#4435=AXIS2_PLACEMENT_3D('',#4432,#4433,#4434);
#4436=PLANE('',#4435);
#4437=ADVANCED_FACE('n° 3769',(#4431),#4436,.F.);
#4438=ORIENTED_EDGE('',*,*,#4427,.T.);
#4439=ORIENTED_EDGE('',*,*,#3092,.T.);
#4440=ORIENTED_EDGE('',*,*,#4318,.F.);
#4441=ORIENTED_EDGE('',*,*,#1874,.F.);
#4442=EDGE_LOOP('',(#4438,#4439,#4440,#4441));
#4443=FACE_OUTER_BOUND('',#4442,.T.);
#4444=CARTESIAN_POINT('',(8.0,57.0,-50.001));
#4445=DIRECTION('',(-0.0,-0.0,1.0));
#4446=DIRECTION('',(1.0,0.0,0.0));
#4447=AXIS2_PLACEMENT_3D('',#4444,#4445,#4446);
#4448=CYLINDRICAL_SURFACE('',#4447,2.0);
#4449=ADVANCED_FACE('n° 3773',(#4443),#4448,.F.);
#4450=CARTESIAN_POINT('',(55.001,79.0,19.5));
#4451=DIRECTION('',(-1.0,0.0,0.0));
#4452=VECTOR('',#4451,1.0);
#4453=LINE('',#4450,#4452);
#4454=EDGE_CURVE('n° 3924',#2059,#3014,#4453,.T.);
#4455=ORIENTED_EDGE('',*,*,#4454,.T.);
#4456=ORIENTED_EDGE('',*,*,#3019,.T.);
#4457=CARTESIAN_POINT('',(55.001,9.0,19.5));
#4458=DIRECTION('',(-1.0,0.0,0.0));
#4459=VECTOR('',#4458,1.0);
#4460=LINE('',#4457,#4459);
#4461=EDGE_CURVE('n° 3922',#2061,#3004,#4460,.T.);
#4462=ORIENTED_EDGE('',*,*,#4461,.F.);
#4463=ORIENTED_EDGE('',*,*,#2066,.F.);
#4464=EDGE_LOOP('',(#4455,#4456,#4462,#4463));
#4465=FACE_OUTER_BOUND('',#4464,.T.);
#4466=CARTESIAN_POINT('',(55.001,9.0,19.5));
#4467=DIRECTION('',(-0.0,0.0,-1.0));
#4468=DIRECTION('',(-1.0,0.0,0.0));
#4469=AXIS2_PLACEMENT_3D('',#4466,#4467,#4468);
#4470=PLANE('',#4469);
#4471=ADVANCED_FACE('n° 3949',(#4465),#4470,.F.);
#4472=CARTESIAN_POINT('',(55.001,79.0,41.5));
#4473=DIRECTION('',(-1.0,0.0,0.0));
#4474=VECTOR('',#4473,1.0);
#4475=LINE('',#4472,#4474);
#4476=EDGE_CURVE('n° 3926',#2077,#3022,#4475,.T.);
#4477=ORIENTED_EDGE('',*,*,#4476,.T.);
#4478=ORIENTED_EDGE('',*,*,#3027,.T.);
#4479=ORIENTED_EDGE('',*,*,#4454,.F.);
#4480=ORIENTED_EDGE('',*,*,#2088,.F.);
#4481=EDGE_LOOP('',(#4477,#4478,#4479,#4480));
#4482=FACE_OUTER_BOUND('',#4481,.T.);
#4483=CARTESIAN_POINT('',(55.001,79.0,19.5));
#4484=DIRECTION('',(-0.0,1.0,0.0));
#4485=DIRECTION('',(0.0,-0.0,1.0));
#4486=AXIS2_PLACEMENT_3D('',#4483,#4484,#4485);
#4487=PLANE('',#4486);
#4488=ADVANCED_FACE('n° 3953',(#4482),#4487,.F.);
#4489=CARTESIAN_POINT('',(55.001,9.0,41.5));
#4490=DIRECTION('',(-1.0,0.0,0.0));
#4491=VECTOR('',#4490,1.0);
#4492=LINE('',#4489,#4491);
#4493=EDGE_CURVE('n° 3928',#2069,#3006,#4492,.T.);
#4494=ORIENTED_EDGE('',*,*,#4493,.T.);
#4495=ORIENTED_EDGE('',*,*,#3033,.T.);
#4496=ORIENTED_EDGE('',*,*,#4476,.F.);
#4497=ORIENTED_EDGE('',*,*,#2082,.F.);
#4498=EDGE_LOOP('',(#4494,#4495,#4496,#4497));
#4499=FACE_OUTER_BOUND('',#4498,.T.);
#4500=CARTESIAN_POINT('',(55.001,9.0,41.5));
#4501=DIRECTION('',(0.0,-0.0,1.0));
#4502=DIRECTION('',(1.0,0.0,-0.0));
#4503=AXIS2_PLACEMENT_3D('',#4500,#4501,#4502);
#4504=PLANE('',#4503);
#4505=ADVANCED_FACE('n° 3957',(#4499),#4504,.F.);
#4506=ORIENTED_EDGE('',*,*,#4461,.T.);
#4507=ORIENTED_EDGE('',*,*,#3011,.T.);
#4508=ORIENTED_EDGE('',*,*,#4493,.F.);
#4509=ORIENTED_EDGE('',*,*,#2074,.F.);
#4510=EDGE_LOOP('',(#4506,#4507,#4508,#4509));
#4511=FACE_OUTER_BOUND('',#4510,.T.);
#4512=CARTESIAN_POINT('',(55.001,9.0,19.5));
#4513=DIRECTION('',(0.0,-1.0,0.0));
#4514=DIRECTION('',(0.0,-0.0,-1.0));
#4515=AXIS2_PLACEMENT_3D('',#4512,#4513,#4514);
#4516=PLANE('',#4515);
#4517=ADVANCED_FACE('n° 3961',(#4511),#4516,.F.);
#4518=CARTESIAN_POINT('',(12.1183223005,82.0,44.4));
#4519=VERTEX_POINT('',#4518);
#4520=CARTESIAN_POINT('',(12.1183223005,82.0,46.0));
#4521=DIRECTION('',(0.0,0.0,1.0));
#4522=VECTOR('',#4521,1.0);
#4523=LINE('',#4520,#4522);
#4524=EDGE_CURVE('n° 4104',#4519,#1927,#4523,.T.);
#4525=ORIENTED_EDGE('',*,*,#4524,.F.);
#4526=CARTESIAN_POINT('',(12.1183223005,88.4169869548,44.4));
#4527=DIRECTION('',(0.0,-1.0,0.0));
#4528=VECTOR('',#4527,1.0);
#4529=LINE('',#4526,#4528);
#4530=EDGE_CURVE('n° 4087',#4519,#1574,#4529,.T.);
#4531=ORIENTED_EDGE('',*,*,#4530,.T.);
#4532=ORIENTED_EDGE('',*,*,#1579,.T.);
#4533=ORIENTED_EDGE('',*,*,#1938,.F.);
#4534=EDGE_LOOP('',(#4525,#4531,#4532,#4533));
#4535=FACE_OUTER_BOUND('',#4534,.T.);
#4536=CARTESIAN_POINT('',(12.1183223005,88.4169869548,46.0));
#4537=DIRECTION('',(1.0,-0.0,0.0));
#4538=DIRECTION('',(0.0,0.0,-1.0));
#4539=AXIS2_PLACEMENT_3D('',#4536,#4537,#4538);
#4540=PLANE('',#4539);
#4541=ADVANCED_FACE('n° 4115',(#4535),#4540,.F.);
#4542=CARTESIAN_POINT('',(18.3326381582,82.0,44.4));
#4543=VERTEX_POINT('',#4542);
#4544=CARTESIAN_POINT('',(18.3326381582,82.0,46.0));
#4545=DIRECTION('',(0.0,0.0,-1.0));
#4546=VECTOR('',#4545,1.0);
#4547=LINE('',#4544,#4546);
#4548=EDGE_CURVE('n° 4106',#1919,#4543,#4547,.T.);
#4549=ORIENTED_EDGE('',*,*,#4548,.F.);
#4550=ORIENTED_EDGE('',*,*,#1924,.T.);
#4551=ORIENTED_EDGE('',*,*,#1595,.T.);
#4552=CARTESIAN_POINT('',(18.3326381582,88.4169869548,44.4));
#4553=DIRECTION('',(0.0,-1.0,0.0));
#4554=VECTOR('',#4553,1.0);
#4555=LINE('',#4552,#4554);
#4556=EDGE_CURVE('n° 4099',#4543,#1582,#4555,.T.);
#4557=ORIENTED_EDGE('',*,*,#4556,.F.);
#4558=EDGE_LOOP('',(#4549,#4550,#4551,#4557));
#4559=FACE_OUTER_BOUND('',#4558,.T.);
#4560=CARTESIAN_POINT('',(18.3326381582,88.4169869548,46.0));
#4561=DIRECTION('',(-1.0,0.0,0.0));
#4562=DIRECTION('',(0.0,0.0,1.0));
#4563=AXIS2_PLACEMENT_3D('',#4560,#4561,#4562);
#4564=PLANE('',#4563);
#4565=ADVANCED_FACE('n° 4123',(#4559),#4564,.F.);
#4566=CARTESIAN_POINT('',(12.1183223005,82.0,44.4));
#4567=DIRECTION('',(-1.0,0.0,0.0));
#4568=VECTOR('',#4567,1.0);
#4569=LINE('',#4566,#4568);
#4570=EDGE_CURVE('n° 4103',#4543,#4519,#4569,.T.);
#4571=ORIENTED_EDGE('',*,*,#4570,.F.);
#4572=ORIENTED_EDGE('',*,*,#4556,.T.);
#4573=ORIENTED_EDGE('',*,*,#1587,.T.);
#4574=ORIENTED_EDGE('',*,*,#4530,.F.);
#4575=EDGE_LOOP('',(#4571,#4572,#4573,#4574));
#4576=FACE_OUTER_BOUND('',#4575,.T.);
#4577=CARTESIAN_POINT('',(12.1183223005,88.4169869548,44.4));
#4578=DIRECTION('',(0.0,0.0,1.0));
#4579=DIRECTION('',(1.0,0.0,-0.0));
#4580=AXIS2_PLACEMENT_3D('',#4577,#4578,#4579);
#4581=PLANE('',#4580);
#4582=ADVANCED_FACE('n° 4127',(#4576),#4581,.F.);
#4583=ORIENTED_EDGE('',*,*,#4570,.T.);
#4584=ORIENTED_EDGE('',*,*,#4524,.T.);
#4585=ORIENTED_EDGE('',*,*,#1932,.T.);
#4586=ORIENTED_EDGE('',*,*,#4548,.T.);
#4587=EDGE_LOOP('',(#4583,#4584,#4585,#4586));
#4588=FACE_OUTER_BOUND('',#4587,.T.);
#4589=CARTESIAN_POINT('',(0.0,82.0,0.0));
#4590=DIRECTION('',(0.0,1.0,0.0));
#4591=DIRECTION('',(0.0,-0.0,1.0));
#4592=AXIS2_PLACEMENT_3D('',#4589,#4590,#4591);
#4593=PLANE('',#4592);
#4594=ADVANCED_FACE('n° 4134',(#4588),#4593,.T.);
#4595=CARTESIAN_POINT('',(-48.0,82.0,44.4));
#4596=VERTEX_POINT('',#4595);
#4597=CARTESIAN_POINT('',(-48.0,82.0,46.0));
#4598=DIRECTION('',(0.0,0.0,1.0));
#4599=VECTOR('',#4598,1.0);
#4600=LINE('',#4597,#4599);
#4601=EDGE_CURVE('n° 4217',#4596,#1888,#4600,.T.);
#4602=ORIENTED_EDGE('',*,*,#4601,.F.);
#4603=CARTESIAN_POINT('',(-48.0,88.4169869548,44.4));
#4604=DIRECTION('',(0.0,-1.0,0.0));
#4605=VECTOR('',#4604,1.0);
#4606=LINE('',#4603,#4605);
#4607=EDGE_CURVE('n° 4200',#4596,#1540,#4606,.T.);
#4608=ORIENTED_EDGE('',*,*,#4607,.T.);
#4609=ORIENTED_EDGE('',*,*,#1547,.T.);
#4610=ORIENTED_EDGE('',*,*,#3921,.T.);
#4611=EDGE_LOOP('',(#4602,#4608,#4609,#4610));
#4612=FACE_OUTER_BOUND('',#4611,.T.);
#4613=CARTESIAN_POINT('',(-48.0,88.4169869548,46.0));
#4614=DIRECTION('',(1.0,-0.0,0.0));
#4615=DIRECTION('',(0.0,0.0,-1.0));
#4616=AXIS2_PLACEMENT_3D('',#4613,#4614,#4615);
#4617=PLANE('',#4616);
#4618=ADVANCED_FACE('n° 4228',(#4612),#4617,.F.);
#4619=CARTESIAN_POINT('',(-43.8247694328,82.0,44.4));
#4620=VERTEX_POINT('',#4619);
#4621=CARTESIAN_POINT('',(-43.8247694328,82.0,46.0));
#4622=DIRECTION('',(0.0,0.0,-1.0));
#4623=VECTOR('',#4622,1.0);
#4624=LINE('',#4621,#4623);
#4625=EDGE_CURVE('n° 4219',#1880,#4620,#4624,.T.);
#4626=ORIENTED_EDGE('',*,*,#4625,.F.);
#4627=ORIENTED_EDGE('',*,*,#1885,.T.);
#4628=ORIENTED_EDGE('',*,*,#1563,.T.);
#4629=CARTESIAN_POINT('',(-43.8247694328,88.4169869548,44.4));
#4630=DIRECTION('',(0.0,-1.0,0.0));
#4631=VECTOR('',#4630,1.0);
#4632=LINE('',#4629,#4631);
#4633=EDGE_CURVE('n° 4212',#4620,#1550,#4632,.T.);
#4634=ORIENTED_EDGE('',*,*,#4633,.F.);
#4635=EDGE_LOOP('',(#4626,#4627,#4628,#4634));
#4636=FACE_OUTER_BOUND('',#4635,.T.);
#4637=CARTESIAN_POINT('',(-43.8247694328,88.4169869548,46.0));
#4638=DIRECTION('',(-1.0,0.0,0.0));
#4639=DIRECTION('',(0.0,0.0,1.0));
#4640=AXIS2_PLACEMENT_3D('',#4637,#4638,#4639);
#4641=PLANE('',#4640);
#4642=ADVANCED_FACE('n° 4236',(#4636),#4641,.F.);
#4643=CARTESIAN_POINT('',(-48.0,82.0,44.4));
#4644=DIRECTION('',(-1.0,0.0,0.0));
#4645=VECTOR('',#4644,1.0);
#4646=LINE('',#4643,#4645);
#4647=EDGE_CURVE('n° 4216',#4620,#4596,#4646,.T.);
#4648=ORIENTED_EDGE('',*,*,#4647,.F.);
#4649=ORIENTED_EDGE('',*,*,#4633,.T.);
#4650=ORIENTED_EDGE('',*,*,#1555,.T.);
#4651=ORIENTED_EDGE('',*,*,#4607,.F.);
#4652=EDGE_LOOP('',(#4648,#4649,#4650,#4651));
#4653=FACE_OUTER_BOUND('',#4652,.T.);
#4654=CARTESIAN_POINT('',(-48.0,88.4169869548,44.4));
#4655=DIRECTION('',(0.0,0.0,1.0));
#4656=DIRECTION('',(1.0,0.0,-0.0));
#4657=AXIS2_PLACEMENT_3D('',#4654,#4655,#4656);
#4658=PLANE('',#4657);
#4659=ADVANCED_FACE('n° 4240',(#4653),#4658,.F.);
#4660=ORIENTED_EDGE('',*,*,#4647,.T.);
#4661=ORIENTED_EDGE('',*,*,#4601,.T.);
#4662=ORIENTED_EDGE('',*,*,#1893,.T.);
#4663=ORIENTED_EDGE('',*,*,#4625,.T.);
#4664=EDGE_LOOP('',(#4660,#4661,#4662,#4663));
#4665=FACE_OUTER_BOUND('',#4664,.T.);
#4666=CARTESIAN_POINT('',(0.0,82.0,0.0));
#4667=DIRECTION('',(0.0,1.0,0.0));
#4668=DIRECTION('',(0.0,-0.0,1.0));
#4669=AXIS2_PLACEMENT_3D('',#4666,#4667,#4668);
#4670=PLANE('',#4669);
#4671=ADVANCED_FACE('n° 4247',(#4665),#4670,.T.);
#4672=ORIENTED_EDGE('',*,*,#1499,.F.);
#4673=CARTESIAN_POINT('',(0.0,63.0,6.0923591472));
#4674=DIRECTION('',(-1.0,0.0,0.0));
#4675=VECTOR('',#4674,1.0);
#4676=LINE('',#4673,#4675);
#4677=EDGE_CURVE('n° 4803',#1484,#4190,#4676,.T.);
#4678=ORIENTED_EDGE('',*,*,#4677,.T.);
#4679=ORIENTED_EDGE('',*,*,#4196,.F.);
#4680=ORIENTED_EDGE('',*,*,#4229,.F.);
#4681=EDGE_LOOP('',(#4672,#4678,#4679,#4680));
#4682=FACE_OUTER_BOUND('',#4681,.T.);
#4683=CARTESIAN_POINT('',(0.0,65.0,8.3284271247));
#4684=DIRECTION('',(1.0,-0.0,0.0));
#4685=DIRECTION('',(0.0,0.0,-1.0));
#4686=AXIS2_PLACEMENT_3D('',#4683,#4684,#4685);
#4687=CYLINDRICAL_SURFACE('',#4686,3.0);
#4688=ADVANCED_FACE('n° 4752',(#4682),#4687,.F.);
#4689=ORIENTED_EDGE('',*,*,#4205,.F.);
#4690=ORIENTED_EDGE('',*,*,#4677,.F.);
#4691=ORIENTED_EDGE('',*,*,#1490,.F.);
#4692=ORIENTED_EDGE('',*,*,#4279,.F.);
#4693=EDGE_LOOP('',(#4689,#4690,#4691,#4692));
#4694=FACE_OUTER_BOUND('',#4693,.T.);
#4695=CARTESIAN_POINT('',(0.0,61.0,3.8562911697));
#4696=DIRECTION('',(1.0,-0.0,0.0));
#4697=DIRECTION('',(0.0,0.0,-1.0));
#4698=AXIS2_PLACEMENT_3D('',#4695,#4696,#4697);
#4699=CYLINDRICAL_SURFACE('',#4698,3.0);
#4700=ADVANCED_FACE('n° 4879',(#4694),#4699,.T.);
#4701=CARTESIAN_POINT('',(105.2149753842,63.7516637033,-34.5));
#4702=VERTEX_POINT('',#4701);
#4703=CARTESIAN_POINT('',(105.2149753842,64.2516637033,-35.0));
#4704=VERTEX_POINT('',#4703);
#4705=CARTESIAN_POINT('',(105.2149753842,64.2516637033,-34.5));
#4706=DIRECTION('',(1.0,0.0,0.0));
#4707=DIRECTION('',(0.0,0.0,-1.0));
#4708=AXIS2_PLACEMENT_3D('',#4705,#4706,#4707);
#4709=CIRCLE('',#4708,0.5);
#4710=EDGE_CURVE('n° 7776',#4702,#4704,#4709,.T.);
#4711=ORIENTED_EDGE('',*,*,#4710,.F.);
#4712=CARTESIAN_POINT('',(105.2149753842,63.7516637033,-29.0));
#4713=VERTEX_POINT('',#4712);
#4714=CARTESIAN_POINT('',(105.2149753842,63.7516637033,50.0));
#4715=DIRECTION('',(0.0,0.0,-1.0));
#4716=VECTOR('',#4715,1.0);
#4717=LINE('',#4714,#4716);
#4718=EDGE_CURVE('n° 7780',#4713,#4702,#4717,.T.);
#4719=ORIENTED_EDGE('',*,*,#4718,.F.);
#4720=CARTESIAN_POINT('',(105.2149753842,64.2516637033,-28.5));
#4721=VERTEX_POINT('',#4720);
#4722=CARTESIAN_POINT('',(105.2149753842,64.2516637033,-29.0));
#4723=DIRECTION('',(1.0,0.0,0.0));
#4724=DIRECTION('',(0.0,0.0,-1.0));
#4725=AXIS2_PLACEMENT_3D('',#4722,#4723,#4724);
#4726=CIRCLE('',#4725,0.5);
#4727=EDGE_CURVE('n° 7784',#4721,#4713,#4726,.T.);
#4728=ORIENTED_EDGE('',*,*,#4727,.F.);
#4729=CARTESIAN_POINT('',(105.2149753842,77.2517145034,-28.5));
#4730=VERTEX_POINT('',#4729);
#4731=CARTESIAN_POINT('',(105.2149753842,213.7508837588,-28.5));
#4732=DIRECTION('',(0.0,-1.0,0.0));
#4733=VECTOR('',#4732,1.0);
#4734=LINE('',#4731,#4733);
#4735=EDGE_CURVE('n° 7788',#4730,#4721,#4734,.T.);
#4736=ORIENTED_EDGE('',*,*,#4735,.F.);
#4737=CARTESIAN_POINT('',(105.2149753842,77.7517145034,-29.0));
#4738=VERTEX_POINT('',#4737);
#4739=CARTESIAN_POINT('',(105.2149753842,77.2517145034,-29.0));
#4740=DIRECTION('',(1.0,0.0,0.0));
#4741=DIRECTION('',(0.0,0.0,-1.0));
#4742=AXIS2_PLACEMENT_3D('',#4739,#4740,#4741);
#4743=CIRCLE('',#4742,0.5);
#4744=EDGE_CURVE('n° 7792',#4738,#4730,#4743,.T.);
#4745=ORIENTED_EDGE('',*,*,#4744,.F.);
#4746=CARTESIAN_POINT('',(105.2149753842,77.7517145034,-34.5));
#4747=VERTEX_POINT('',#4746);
#4748=CARTESIAN_POINT('',(105.2149753842,77.7517145034,50.0));
#4749=DIRECTION('',(0.0,0.0,1.0));
#4750=VECTOR('',#4749,1.0);
#4751=LINE('',#4748,#4750);
#4752=EDGE_CURVE('n° 7796',#4747,#4738,#4751,.T.);
#4753=ORIENTED_EDGE('',*,*,#4752,.F.);
#4754=CARTESIAN_POINT('',(105.2149753842,77.2517145034,-35.0));
#4755=VERTEX_POINT('',#4754);
#4756=CARTESIAN_POINT('',(105.2149753842,77.2517145034,-34.5));
#4757=DIRECTION('',(1.0,0.0,0.0));
#4758=DIRECTION('',(0.0,0.0,-1.0));
#4759=AXIS2_PLACEMENT_3D('',#4756,#4757,#4758);
#4760=CIRCLE('',#4759,0.5);
#4761=EDGE_CURVE('n° 7800',#4755,#4747,#4760,.T.);
#4762=ORIENTED_EDGE('',*,*,#4761,.F.);
#4763=CARTESIAN_POINT('',(105.2149753842,213.7508837588,-35.0));
#4764=DIRECTION('',(0.0,1.0,0.0));
#4765=VECTOR('',#4764,1.0);
#4766=LINE('',#4763,#4765);
#4767=EDGE_CURVE('n° 7804',#4704,#4755,#4766,.T.);
#4768=ORIENTED_EDGE('',*,*,#4767,.F.);
#4769=EDGE_LOOP('',(#4711,#4719,#4728,#4736,#4745,#4753,#4762,#4768));
#4770=FACE_OUTER_BOUND('',#4769,.T.);
#4771=CARTESIAN_POINT('',(105.2149753842,43.7516129032,-34.5));
#4772=VERTEX_POINT('',#4771);
#4773=CARTESIAN_POINT('',(105.2149753842,44.2516129032,-35.0));
#4774=VERTEX_POINT('',#4773);
#4775=CARTESIAN_POINT('',(105.2149753842,44.2516129032,-34.5));
#4776=DIRECTION('',(1.0,0.0,0.0));
#4777=DIRECTION('',(0.0,0.0,-1.0));
#4778=AXIS2_PLACEMENT_3D('',#4775,#4776,#4777);
#4779=CIRCLE('',#4778,0.5);
#4780=EDGE_CURVE('n° 7999',#4772,#4774,#4779,.T.);
#4781=ORIENTED_EDGE('',*,*,#4780,.F.);
#4782=CARTESIAN_POINT('',(105.2149753842,43.7516129032,-29.0));
#4783=VERTEX_POINT('',#4782);
#4784=CARTESIAN_POINT('',(105.2149753842,43.7516129032,50.0));
#4785=DIRECTION('',(0.0,0.0,-1.0));
#4786=VECTOR('',#4785,1.0);
#4787=LINE('',#4784,#4786);
#4788=EDGE_CURVE('n° 8003',#4783,#4772,#4787,.T.);
#4789=ORIENTED_EDGE('',*,*,#4788,.F.);
#4790=CARTESIAN_POINT('',(105.2149753842,44.2516129032,-28.5));
#4791=VERTEX_POINT('',#4790);
#4792=CARTESIAN_POINT('',(105.2149753842,44.2516129032,-29.0));
#4793=DIRECTION('',(1.0,0.0,0.0));
#4794=DIRECTION('',(0.0,0.0,-1.0));
#4795=AXIS2_PLACEMENT_3D('',#4792,#4793,#4794);
#4796=CIRCLE('',#4795,0.5);
#4797=EDGE_CURVE('n° 8007',#4791,#4783,#4796,.T.);
#4798=ORIENTED_EDGE('',*,*,#4797,.F.);
#4799=CARTESIAN_POINT('',(105.2149753842,57.2516637033,-28.5));
#4800=VERTEX_POINT('',#4799);
#4801=CARTESIAN_POINT('',(105.2149753842,213.7508837588,-28.5));
#4802=DIRECTION('',(0.0,-1.0,0.0));
#4803=VECTOR('',#4802,1.0);
#4804=LINE('',#4801,#4803);
#4805=EDGE_CURVE('n° 8011',#4800,#4791,#4804,.T.);
#4806=ORIENTED_EDGE('',*,*,#4805,.F.);
#4807=CARTESIAN_POINT('',(105.2149753842,57.7516637033,-29.0));
#4808=VERTEX_POINT('',#4807);
#4809=CARTESIAN_POINT('',(105.2149753842,57.2516637033,-29.0));
#4810=DIRECTION('',(1.0,0.0,0.0));
#4811=DIRECTION('',(0.0,0.0,-1.0));
#4812=AXIS2_PLACEMENT_3D('',#4809,#4810,#4811);
#4813=CIRCLE('',#4812,0.5);
#4814=EDGE_CURVE('n° 8015',#4808,#4800,#4813,.T.);
#4815=ORIENTED_EDGE('',*,*,#4814,.F.);
#4816=CARTESIAN_POINT('',(105.2149753842,57.7516637033,-34.5));
#4817=VERTEX_POINT('',#4816);
#4818=CARTESIAN_POINT('',(105.2149753842,57.7516637033,50.0));
#4819=DIRECTION('',(0.0,0.0,1.0));
#4820=VECTOR('',#4819,1.0);
#4821=LINE('',#4818,#4820);
#4822=EDGE_CURVE('n° 8019',#4817,#4808,#4821,.T.);
#4823=ORIENTED_EDGE('',*,*,#4822,.F.);
#4824=CARTESIAN_POINT('',(105.2149753842,57.2516637033,-35.0));
#4825=VERTEX_POINT('',#4824);
#4826=CARTESIAN_POINT('',(105.2149753842,57.2516637033,-34.5));
#4827=DIRECTION('',(1.0,0.0,0.0));
#4828=DIRECTION('',(0.0,0.0,-1.0));
#4829=AXIS2_PLACEMENT_3D('',#4826,#4827,#4828);
#4830=CIRCLE('',#4829,0.5);
#4831=EDGE_CURVE('n° 8023',#4825,#4817,#4830,.T.);
#4832=ORIENTED_EDGE('',*,*,#4831,.F.);
#4833=CARTESIAN_POINT('',(105.2149753842,213.7508837588,-35.0));
#4834=DIRECTION('',(0.0,1.0,0.0));
#4835=VECTOR('',#4834,1.0);
#4836=LINE('',#4833,#4835);
#4837=EDGE_CURVE('n° 8027',#4774,#4825,#4836,.T.);
#4838=ORIENTED_EDGE('',*,*,#4837,.F.);
#4839=EDGE_LOOP('',(#4781,#4789,#4798,#4806,#4815,#4823,#4832,#4838));
#4840=FACE_BOUND('',#4839,.T.);
#4841=CARTESIAN_POINT('',(105.2149753842,23.7515875032,-34.5));
#4842=VERTEX_POINT('',#4841);
#4843=CARTESIAN_POINT('',(105.2149753842,24.2515875032,-35.0));
#4844=VERTEX_POINT('',#4843);
#4845=CARTESIAN_POINT('',(105.2149753842,24.2515875032,-34.5));
#4846=DIRECTION('',(1.0,0.0,0.0));
#4847=DIRECTION('',(0.0,0.0,-1.0));
#4848=AXIS2_PLACEMENT_3D('',#4845,#4846,#4847);
#4849=CIRCLE('',#4848,0.5);
#4850=EDGE_CURVE('n° 8222',#4842,#4844,#4849,.T.);
#4851=ORIENTED_EDGE('',*,*,#4850,.F.);
#4852=CARTESIAN_POINT('',(105.2149753842,23.7515875032,-29.0));
#4853=VERTEX_POINT('',#4852);
#4854=CARTESIAN_POINT('',(105.2149753842,23.7515875032,50.0));
#4855=DIRECTION('',(0.0,0.0,-1.0));
#4856=VECTOR('',#4855,1.0);
#4857=LINE('',#4854,#4856);
#4858=EDGE_CURVE('n° 8226',#4853,#4842,#4857,.T.);
#4859=ORIENTED_EDGE('',*,*,#4858,.F.);
#4860=CARTESIAN_POINT('',(105.2149753842,24.2515875032,-28.5));
#4861=VERTEX_POINT('',#4860);
#4862=CARTESIAN_POINT('',(105.2149753842,24.2515875032,-29.0));
#4863=DIRECTION('',(1.0,0.0,0.0));
#4864=DIRECTION('',(0.0,0.0,-1.0));
#4865=AXIS2_PLACEMENT_3D('',#4862,#4863,#4864);
#4866=CIRCLE('',#4865,0.5);
#4867=EDGE_CURVE('n° 8230',#4861,#4853,#4866,.T.);
#4868=ORIENTED_EDGE('',*,*,#4867,.F.);
#4869=CARTESIAN_POINT('',(105.2149753842,37.2516383033,-28.5));
#4870=VERTEX_POINT('',#4869);
#4871=CARTESIAN_POINT('',(105.2149753842,213.7508837588,-28.5));
#4872=DIRECTION('',(0.0,-1.0,0.0));
#4873=VECTOR('',#4872,1.0);
#4874=LINE('',#4871,#4873);
#4875=EDGE_CURVE('n° 8234',#4870,#4861,#4874,.T.);
#4876=ORIENTED_EDGE('',*,*,#4875,.F.);
#4877=CARTESIAN_POINT('',(105.2149753842,37.7516383033,-29.0));
#4878=VERTEX_POINT('',#4877);
#4879=CARTESIAN_POINT('',(105.2149753842,37.2516383033,-29.0));
#4880=DIRECTION('',(1.0,0.0,0.0));
#4881=DIRECTION('',(0.0,0.0,-1.0));
#4882=AXIS2_PLACEMENT_3D('',#4879,#4880,#4881);
#4883=CIRCLE('',#4882,0.5);
#4884=EDGE_CURVE('n° 8238',#4878,#4870,#4883,.T.);
#4885=ORIENTED_EDGE('',*,*,#4884,.F.);
#4886=CARTESIAN_POINT('',(105.2149753842,37.7516383033,-34.5));
#4887=VERTEX_POINT('',#4886);
#4888=CARTESIAN_POINT('',(105.2149753842,37.7516383033,50.0));
#4889=DIRECTION('',(0.0,0.0,1.0));
#4890=VECTOR('',#4889,1.0);
#4891=LINE('',#4888,#4890);
#4892=EDGE_CURVE('n° 8242',#4887,#4878,#4891,.T.);
#4893=ORIENTED_EDGE('',*,*,#4892,.F.);
#4894=CARTESIAN_POINT('',(105.2149753842,37.2516383033,-35.0));
#4895=VERTEX_POINT('',#4894);
#4896=CARTESIAN_POINT('',(105.2149753842,37.2516383033,-34.5));
#4897=DIRECTION('',(1.0,0.0,0.0));
#4898=DIRECTION('',(0.0,0.0,-1.0));
#4899=AXIS2_PLACEMENT_3D('',#4896,#4897,#4898);
#4900=CIRCLE('',#4899,0.5);
#4901=EDGE_CURVE('n° 8246',#4895,#4887,#4900,.T.);
#4902=ORIENTED_EDGE('',*,*,#4901,.F.);
#4903=CARTESIAN_POINT('',(105.2149753842,213.7508837588,-35.0));
#4904=DIRECTION('',(0.0,1.0,0.0));
#4905=VECTOR('',#4904,1.0);
#4906=LINE('',#4903,#4905);
#4907=EDGE_CURVE('n° 8250',#4844,#4895,#4906,.T.);
#4908=ORIENTED_EDGE('',*,*,#4907,.F.);
#4909=EDGE_LOOP('',(#4851,#4859,#4868,#4876,#4885,#4893,#4902,#4908));
#4910=FACE_BOUND('',#4909,.T.);
#4911=ORIENTED_EDGE('',*,*,#2882,.F.);
#4912=CARTESIAN_POINT('',(105.2149753842,213.7508837588,54.0));
#4913=DIRECTION('',(0.0,-1.0,0.0));
#4914=VECTOR('',#4913,1.0);
#4915=LINE('',#4912,#4914);
#4916=EDGE_CURVE('n° 9586',#2868,#1165,#4915,.T.);
#4917=ORIENTED_EDGE('',*,*,#4916,.T.);
#4918=ORIENTED_EDGE('',*,*,#1170,.F.);
#4919=ORIENTED_EDGE('',*,*,#2976,.F.);
#4920=EDGE_LOOP('',(#4911,#4917,#4918,#4919));
#4921=FACE_BOUND('',#4920,.T.);
#4922=CARTESIAN_POINT('',(105.2149753842,213.7508837588,50.0));
#4923=DIRECTION('',(1.0,0.0,0.0));
#4924=DIRECTION('',(0.0,0.0,-1.0));
#4925=AXIS2_PLACEMENT_3D('',#4922,#4923,#4924);
#4926=PLANE('',#4925);
#4927=ADVANCED_FACE('n° 5017',(#4770,#4840,#4910,#4921),#4926,.T.);
#4928=ORIENTED_EDGE('',*,*,#2923,.F.);
#4929=ORIENTED_EDGE('',*,*,#1365,.T.);
#4930=ORIENTED_EDGE('',*,*,#1228,.F.);
#4931=CARTESIAN_POINT('',(-49.4680621818,170.1783442381,55.0));
#4932=DIRECTION('',(0.0,-1.0,0.0));
#4933=VECTOR('',#4932,1.0);
#4934=LINE('',#4931,#4933);
#4935=EDGE_CURVE('n° 5181',#2918,#1215,#4934,.T.);
#4936=ORIENTED_EDGE('',*,*,#4935,.F.);
#4937=EDGE_LOOP('',(#4928,#4929,#4930,#4936));
#4938=FACE_OUTER_BOUND('',#4937,.T.);
#4939=CARTESIAN_POINT('',(-49.4680621818,170.1783442381,50.0));
#4940=DIRECTION('',(-1.0,0.0,0.0));
#4941=DIRECTION('',(0.0,0.0,1.0));
#4942=AXIS2_PLACEMENT_3D('',#4939,#4940,#4941);
#4943=PLANE('',#4942);
#4944=ADVANCED_FACE('n° 5208',(#4938),#4943,.T.);
#4945=ORIENTED_EDGE('',*,*,#2931,.F.);
#4946=ORIENTED_EDGE('',*,*,#4935,.T.);
#4947=ORIENTED_EDGE('',*,*,#1220,.F.);
#4948=CARTESIAN_POINT('',(-39.4680621818,170.1783442381,55.0));
#4949=DIRECTION('',(0.0,-1.0,0.0));
#4950=VECTOR('',#4949,1.0);
#4951=LINE('',#4948,#4950);
#4952=EDGE_CURVE('n° 5182',#2926,#1207,#4951,.T.);
#4953=ORIENTED_EDGE('',*,*,#4952,.F.);
#4954=EDGE_LOOP('',(#4945,#4946,#4947,#4953));
#4955=FACE_OUTER_BOUND('',#4954,.T.);
#4956=CARTESIAN_POINT('',(-49.4680621818,170.1783442381,55.0));
#4957=DIRECTION('',(-0.0,0.0,1.0));
#4958=DIRECTION('',(1.0,0.0,0.0));
#4959=AXIS2_PLACEMENT_3D('',#4956,#4957,#4958);
#4960=PLANE('',#4959);
#4961=ADVANCED_FACE('n° 5212',(#4955),#4960,.T.);
#4962=ORIENTED_EDGE('',*,*,#2939,.F.);
#4963=ORIENTED_EDGE('',*,*,#4952,.T.);
#4964=ORIENTED_EDGE('',*,*,#1212,.F.);
#4965=ORIENTED_EDGE('',*,*,#3148,.F.);
#4966=EDGE_LOOP('',(#4962,#4963,#4964,#4965));
#4967=FACE_OUTER_BOUND('',#4966,.T.);
#4968=CARTESIAN_POINT('',(-39.4680621818,170.1783442381,50.0));
#4969=DIRECTION('',(1.0,0.0,-0.0));
#4970=DIRECTION('',(-0.0,0.0,-1.0));
#4971=AXIS2_PLACEMENT_3D('',#4968,#4969,#4970);
#4972=PLANE('',#4971);
#4973=ADVANCED_FACE('n° 5216',(#4967),#4972,.T.);
#4974=ORIENTED_EDGE('',*,*,#1187,.F.);
#4975=CARTESIAN_POINT('',(104.2149753842,170.1783442381,55.0));
#4976=DIRECTION('',(0.0,1.0,0.0));
#4977=VECTOR('',#4976,1.0);
#4978=LINE('',#4975,#4977);
#4979=EDGE_CURVE('n° 9608',#1173,#2860,#4978,.T.);
#4980=ORIENTED_EDGE('',*,*,#4979,.T.);
#4981=ORIENTED_EDGE('',*,*,#2865,.F.);
#4982=CARTESIAN_POINT('',(35.2149753842,170.1783442381,55.0));
#4983=DIRECTION('',(0.0,-1.0,0.0));
#4984=VECTOR('',#4983,1.0);
#4985=LINE('',#4982,#4984);
#4986=EDGE_CURVE('n° 5282',#2858,#1182,#4985,.T.);
#4987=ORIENTED_EDGE('',*,*,#4986,.T.);
#4988=EDGE_LOOP('',(#4974,#4980,#4981,#4987));
#4989=FACE_OUTER_BOUND('',#4988,.T.);
#4990=CARTESIAN_POINT('',(105.2149753842,170.1783442381,55.0));
#4991=DIRECTION('',(-0.0,0.0,1.0));
#4992=DIRECTION('',(1.0,0.0,0.0));
#4993=AXIS2_PLACEMENT_3D('',#4990,#4991,#4992);
#4994=PLANE('',#4993);
#4995=ADVANCED_FACE('n° 5319',(#4989),#4994,.T.);
#4996=ORIENTED_EDGE('',*,*,#2628,.F.);
#4997=ORIENTED_EDGE('',*,*,#3303,.F.);
#4998=CARTESIAN_POINT('',(46.0,1.0,40.0));
#4999=VERTEX_POINT('',#4998);
#5000=CARTESIAN_POINT('',(46.0,1.0,39.0));
#5001=DIRECTION('',(-1.0,0.0,0.0));
#5002=DIRECTION('',(0.0,0.0,1.0));
#5003=AXIS2_PLACEMENT_3D('',#5000,#5001,#5002);
#5004=CIRCLE('',#5003,1.0);
#5005=EDGE_CURVE('n° 5622',#4999,#3291,#5004,.T.);
#5006=ORIENTED_EDGE('',*,*,#5005,.F.);
#5007=CARTESIAN_POINT('',(-48.0,1.0,40.0));
#5008=DIRECTION('',(1.0,0.0,0.0));
#5009=VECTOR('',#5008,1.0);
#5010=LINE('',#5007,#5009);
#5011=EDGE_CURVE('n° 5448',#2614,#4999,#5010,.T.);
#5012=ORIENTED_EDGE('',*,*,#5011,.F.);
#5013=EDGE_LOOP('',(#4996,#4997,#5006,#5012));
#5014=FACE_OUTER_BOUND('',#5013,.T.);
#5015=CARTESIAN_POINT('',(11.0,1.0,39.0));
#5016=DIRECTION('',(-1.0,0.0,-0.0));
#5017=DIRECTION('',(-0.0,0.0,1.0));
#5018=AXIS2_PLACEMENT_3D('',#5015,#5016,#5017);
#5019=CYLINDRICAL_SURFACE('',#5018,1.0);
#5020=ADVANCED_FACE('n° 5606',(#5014),#5019,.F.);
#5021=ORIENTED_EDGE('',*,*,#5005,.T.);
#5022=ORIENTED_EDGE('',*,*,#3297,.F.);
#5023=CARTESIAN_POINT('',(49.0,1.0,37.0));
#5024=VERTEX_POINT('',#5023);
#5025=CARTESIAN_POINT('',(48.0,1.0,37.0));
#5026=DIRECTION('',(0.0,0.0,1.0));
#5027=DIRECTION('',(1.0,0.0,-0.0));
#5028=AXIS2_PLACEMENT_3D('',#5025,#5026,#5027);
#5029=CIRCLE('',#5028,1.0);
#5030=EDGE_CURVE('n° 5625',#5024,#3283,#5029,.T.);
#5031=ORIENTED_EDGE('',*,*,#5030,.F.);
#5032=CARTESIAN_POINT('',(46.0,1.0,37.0));
#5033=DIRECTION('',(-0.0,1.0,-0.0));
#5034=DIRECTION('',(0.0,-0.0,-1.0));
#5035=AXIS2_PLACEMENT_3D('',#5032,#5033,#5034);
#5036=CIRCLE('',#5035,3.0);
#5037=EDGE_CURVE('n° 5461',#4999,#5024,#5036,.T.);
#5038=ORIENTED_EDGE('',*,*,#5037,.F.);
#5039=EDGE_LOOP('',(#5021,#5022,#5031,#5038));
#5040=FACE_OUTER_BOUND('',#5039,.T.);
#5041=CARTESIAN_POINT('',(46.0,1.0,37.0));
#5042=DIRECTION('',(0.0,-1.0,0.0));
#5043=DIRECTION('',(0.0,-0.0,-1.0));
#5044=AXIS2_PLACEMENT_3D('',#5041,#5042,#5043);
#5045=TOROIDAL_SURFACE('',#5044,2.0,1.0);
#5046=ADVANCED_FACE('n° 5608',(#5040),#5045,.F.);
#5047=ORIENTED_EDGE('',*,*,#5030,.T.);
#5048=ORIENTED_EDGE('',*,*,#3288,.F.);
#5049=CARTESIAN_POINT('',(49.0,1.0,17.5));
#5050=VERTEX_POINT('',#5049);
#5051=CARTESIAN_POINT('',(48.0,1.0,17.5));
#5052=DIRECTION('',(0.0,0.0,1.0));
#5053=DIRECTION('',(1.0,0.0,-0.0));
#5054=AXIS2_PLACEMENT_3D('',#5051,#5052,#5053);
#5055=CIRCLE('',#5054,1.0);
#5056=EDGE_CURVE('n° 5628',#5050,#3274,#5055,.T.);
#5057=ORIENTED_EDGE('',*,*,#5056,.F.);
#5058=CARTESIAN_POINT('',(49.0,1.0,37.0));
#5059=DIRECTION('',(0.0,0.0,-1.0));
#5060=VECTOR('',#5059,1.0);
#5061=LINE('',#5058,#5060);
#5062=EDGE_CURVE('n° 5470',#5024,#5050,#5061,.T.);
#5063=ORIENTED_EDGE('',*,*,#5062,.F.);
#5064=EDGE_LOOP('',(#5047,#5048,#5057,#5063));
#5065=FACE_OUTER_BOUND('',#5064,.T.);
#5066=CARTESIAN_POINT('',(48.0,1.0,37.0));
#5067=DIRECTION('',(-0.0,0.0,1.0));
#5068=DIRECTION('',(1.0,0.0,0.0));
#5069=AXIS2_PLACEMENT_3D('',#5066,#5067,#5068);
#5070=CYLINDRICAL_SURFACE('',#5069,1.0);
#5071=ADVANCED_FACE('n° 5610',(#5065),#5070,.F.);
#5072=ORIENTED_EDGE('',*,*,#5056,.T.);
#5073=ORIENTED_EDGE('',*,*,#3280,.F.);
#5074=CARTESIAN_POINT('',(46.0,1.0,14.5));
#5075=VERTEX_POINT('',#5074);
#5076=CARTESIAN_POINT('',(46.0,1.0,15.5));
#5077=DIRECTION('',(1.0,-0.0,0.0));
#5078=DIRECTION('',(0.0,0.0,-1.0));
#5079=AXIS2_PLACEMENT_3D('',#5076,#5077,#5078);
#5080=CIRCLE('',#5079,1.0);
#5081=EDGE_CURVE('n° 5633',#5075,#3266,#5080,.T.);
#5082=ORIENTED_EDGE('',*,*,#5081,.F.);
#5083=CARTESIAN_POINT('',(46.0,1.0,17.5));
#5084=DIRECTION('',(-0.0,1.0,-0.0));
#5085=DIRECTION('',(0.0,-0.0,-1.0));
#5086=AXIS2_PLACEMENT_3D('',#5083,#5084,#5085);
#5087=CIRCLE('',#5086,3.0);
#5088=EDGE_CURVE('n° 5476',#5050,#5075,#5087,.T.);
#5089=ORIENTED_EDGE('',*,*,#5088,.F.);
#5090=EDGE_LOOP('',(#5072,#5073,#5082,#5089));
#5091=FACE_OUTER_BOUND('',#5090,.T.);
#5092=CARTESIAN_POINT('',(46.0,1.0,17.5));
#5093=DIRECTION('',(0.0,-1.0,0.0));
#5094=DIRECTION('',(0.0,-0.0,-1.0));
#5095=AXIS2_PLACEMENT_3D('',#5092,#5093,#5094);
#5096=TOROIDAL_SURFACE('',#5095,2.0,1.0);
#5097=ADVANCED_FACE('n° 5612',(#5091),#5096,.F.);
#5098=ORIENTED_EDGE('',*,*,#2707,.F.);
#5099=CARTESIAN_POINT('',(-48.0,1.0,14.5));
#5100=DIRECTION('',(-1.0,0.0,0.0));
#5101=VECTOR('',#5100,1.0);
#5102=LINE('',#5099,#5101);
#5103=EDGE_CURVE('n° 5437',#5075,#2687,#5102,.T.);
#5104=ORIENTED_EDGE('',*,*,#5103,.F.);
#5105=ORIENTED_EDGE('',*,*,#5081,.T.);
#5106=ORIENTED_EDGE('',*,*,#3271,.F.);
#5107=EDGE_LOOP('',(#5098,#5104,#5105,#5106));
#5108=FACE_OUTER_BOUND('',#5107,.T.);
#5109=CARTESIAN_POINT('',(11.0,1.0,15.5));
#5110=DIRECTION('',(1.0,0.0,0.0));
#5111=DIRECTION('',(0.0,0.0,-1.0));
#5112=AXIS2_PLACEMENT_3D('',#5109,#5110,#5111);
#5113=CYLINDRICAL_SURFACE('',#5112,1.0);
#5114=ADVANCED_FACE('n° 5614',(#5108),#5113,.F.);
#5115=CARTESIAN_POINT('',(46.0,1.0,41.0));
#5116=DIRECTION('',(1.0,0.0,0.0));
#5117=DIRECTION('',(0.0,0.0,-1.0));
#5118=AXIS2_PLACEMENT_3D('',#5115,#5116,#5117);
#5119=CIRCLE('',#5118,1.0);
#5120=EDGE_CURVE('n° 5838',#1138,#4999,#5119,.T.);
#5121=ORIENTED_EDGE('',*,*,#5120,.F.);
#5122=ORIENTED_EDGE('',*,*,#1143,.F.);
#5123=CARTESIAN_POINT('',(-48.0,1.0,41.0));
#5124=DIRECTION('',(-1.0,-0.0,-0.0));
#5125=DIRECTION('',(-0.0,0.0,1.0));
#5126=AXIS2_PLACEMENT_3D('',#5123,#5124,#5125);
#5127=CIRCLE('',#5126,1.0);
#5128=EDGE_CURVE('n° 5835',#3223,#1129,#5127,.T.);
#5129=ORIENTED_EDGE('',*,*,#5128,.F.);
#5130=ORIENTED_EDGE('',*,*,#3252,.F.);
#5131=ORIENTED_EDGE('',*,*,#5011,.T.);
#5132=EDGE_LOOP('',(#5121,#5122,#5129,#5130,#5131));
#5133=FACE_OUTER_BOUND('',#5132,.T.);
#5134=CARTESIAN_POINT('',(-48.0,1.0,41.0));
#5135=DIRECTION('',(1.0,0.0,0.0));
#5136=DIRECTION('',(0.0,0.0,-1.0));
#5137=AXIS2_PLACEMENT_3D('',#5134,#5135,#5136);
#5138=CYLINDRICAL_SURFACE('',#5137,1.0);
#5139=ADVANCED_FACE('n° 5813',(#5133),#5138,.T.);
#5140=ORIENTED_EDGE('',*,*,#5128,.T.);
#5141=ORIENTED_EDGE('',*,*,#1135,.F.);
#5142=CARTESIAN_POINT('',(-52.0,1.0,37.0));
#5143=DIRECTION('',(0.0,0.0,-1.0));
#5144=DIRECTION('',(-1.0,0.0,-0.0));
#5145=AXIS2_PLACEMENT_3D('',#5142,#5143,#5144);
#5146=CIRCLE('',#5145,1.0);
#5147=EDGE_CURVE('n° 5841',#2093,#1121,#5146,.T.);
#5148=ORIENTED_EDGE('',*,*,#5147,.F.);
#5149=ORIENTED_EDGE('',*,*,#3235,.F.);
#5150=EDGE_LOOP('',(#5140,#5141,#5148,#5149));
#5151=FACE_OUTER_BOUND('',#5150,.T.);
#5152=CARTESIAN_POINT('',(-48.0,1.0,37.0));
#5153=DIRECTION('',(-0.0,-1.0,0.0));
#5154=DIRECTION('',(0.0,-0.0,-1.0));
#5155=AXIS2_PLACEMENT_3D('',#5152,#5153,#5154);
#5156=TOROIDAL_SURFACE('',#5155,4.0,1.0);
#5157=ADVANCED_FACE('n° 5815',(#5151),#5156,.T.);
#5158=ORIENTED_EDGE('',*,*,#5120,.T.);
#5159=ORIENTED_EDGE('',*,*,#5037,.T.);
#5160=CARTESIAN_POINT('',(50.0,1.0,37.0));
#5161=DIRECTION('',(-0.0,-0.0,-1.0));
#5162=DIRECTION('',(-1.0,0.0,0.0));
#5163=AXIS2_PLACEMENT_3D('',#5160,#5161,#5162);
#5164=CIRCLE('',#5163,1.0);
#5165=EDGE_CURVE('n° 5844',#1146,#5024,#5164,.T.);
#5166=ORIENTED_EDGE('',*,*,#5165,.F.);
#5167=ORIENTED_EDGE('',*,*,#1152,.F.);
#5168=EDGE_LOOP('',(#5158,#5159,#5166,#5167));
#5169=FACE_OUTER_BOUND('',#5168,.T.);
#5170=CARTESIAN_POINT('',(46.0,1.0,37.0));
#5171=DIRECTION('',(-0.0,-1.0,0.0));
#5172=DIRECTION('',(0.0,-0.0,-1.0));
#5173=AXIS2_PLACEMENT_3D('',#5170,#5171,#5172);
#5174=TOROIDAL_SURFACE('',#5173,4.0,1.0);
#5175=ADVANCED_FACE('n° 5817',(#5169),#5174,.T.);
#5176=ORIENTED_EDGE('',*,*,#5147,.T.);
#5177=ORIENTED_EDGE('',*,*,#1126,.F.);
#5178=CARTESIAN_POINT('',(-52.0,1.0,17.5));
#5179=DIRECTION('',(0.0,0.0,-1.0));
#5180=DIRECTION('',(-1.0,0.0,-0.0));
#5181=AXIS2_PLACEMENT_3D('',#5178,#5179,#5180);
#5182=CIRCLE('',#5181,1.0);
#5183=EDGE_CURVE('n° 5847',#2101,#1112,#5182,.T.);
#5184=ORIENTED_EDGE('',*,*,#5183,.F.);
#5185=ORIENTED_EDGE('',*,*,#2106,.F.);
#5186=EDGE_LOOP('',(#5176,#5177,#5184,#5185));
#5187=FACE_OUTER_BOUND('',#5186,.T.);
#5188=CARTESIAN_POINT('',(-52.0,1.0,-46.0));
#5189=DIRECTION('',(-0.0,0.0,-1.0));
#5190=DIRECTION('',(-1.0,0.0,0.0));
#5191=AXIS2_PLACEMENT_3D('',#5188,#5189,#5190);
#5192=CYLINDRICAL_SURFACE('',#5191,1.0);
#5193=ADVANCED_FACE('n° 5819',(#5187),#5192,.T.);
#5194=ORIENTED_EDGE('',*,*,#5165,.T.);
#5195=ORIENTED_EDGE('',*,*,#5062,.T.);
#5196=CARTESIAN_POINT('',(50.0,1.0,17.5));
#5197=DIRECTION('',(-0.0,-0.0,-1.0));
#5198=DIRECTION('',(-1.0,0.0,0.0));
#5199=AXIS2_PLACEMENT_3D('',#5196,#5197,#5198);
#5200=CIRCLE('',#5199,1.0);
#5201=EDGE_CURVE('n° 5850',#1093,#5050,#5200,.T.);
#5202=ORIENTED_EDGE('',*,*,#5201,.F.);
#5203=ORIENTED_EDGE('',*,*,#1158,.F.);
#5204=EDGE_LOOP('',(#5194,#5195,#5202,#5203));
#5205=FACE_OUTER_BOUND('',#5204,.T.);
#5206=CARTESIAN_POINT('',(50.0,1.0,37.0));
#5207=DIRECTION('',(0.0,0.0,-1.0));
#5208=DIRECTION('',(-1.0,0.0,-0.0));
#5209=AXIS2_PLACEMENT_3D('',#5206,#5207,#5208);
#5210=CYLINDRICAL_SURFACE('',#5209,1.0);
#5211=ADVANCED_FACE('n° 5821',(#5205),#5210,.T.);
#5212=ORIENTED_EDGE('',*,*,#5183,.T.);
#5213=ORIENTED_EDGE('',*,*,#1118,.F.);
#5214=CARTESIAN_POINT('',(-48.0,1.0,13.5));
#5215=DIRECTION('',(1.0,0.0,-0.0));
#5216=DIRECTION('',(-0.0,0.0,-1.0));
#5217=AXIS2_PLACEMENT_3D('',#5214,#5215,#5216);
#5218=CIRCLE('',#5217,1.0);
#5219=EDGE_CURVE('n° 5853',#3181,#1104,#5218,.T.);
#5220=ORIENTED_EDGE('',*,*,#5219,.F.);
#5221=ORIENTED_EDGE('',*,*,#3210,.F.);
#5222=EDGE_LOOP('',(#5212,#5213,#5220,#5221));
#5223=FACE_OUTER_BOUND('',#5222,.T.);
#5224=CARTESIAN_POINT('',(-48.0,1.0,17.5));
#5225=DIRECTION('',(-0.0,-1.0,0.0));
#5226=DIRECTION('',(0.0,-0.0,-1.0));
#5227=AXIS2_PLACEMENT_3D('',#5224,#5225,#5226);
#5228=TOROIDAL_SURFACE('',#5227,4.0,1.0);
#5229=ADVANCED_FACE('n° 5823',(#5223),#5228,.T.);
#5230=ORIENTED_EDGE('',*,*,#5201,.T.);
#5231=ORIENTED_EDGE('',*,*,#5088,.T.);
#5232=CARTESIAN_POINT('',(46.0,1.0,13.5));
#5233=DIRECTION('',(-1.0,0.0,0.0));
#5234=DIRECTION('',(0.0,0.0,1.0));
#5235=AXIS2_PLACEMENT_3D('',#5232,#5233,#5234);
#5236=CIRCLE('',#5235,1.0);
#5237=EDGE_CURVE('n° 5856',#1095,#5075,#5236,.T.);
#5238=ORIENTED_EDGE('',*,*,#5237,.F.);
#5239=ORIENTED_EDGE('',*,*,#1101,.F.);
#5240=EDGE_LOOP('',(#5230,#5231,#5238,#5239));
#5241=FACE_OUTER_BOUND('',#5240,.T.);
#5242=CARTESIAN_POINT('',(46.0,1.0,17.5));
#5243=DIRECTION('',(-0.0,-1.0,0.0));
#5244=DIRECTION('',(0.0,-0.0,-1.0));
#5245=AXIS2_PLACEMENT_3D('',#5242,#5243,#5244);
#5246=TOROIDAL_SURFACE('',#5245,4.0,1.0);
#5247=ADVANCED_FACE('n° 5825',(#5241),#5246,.T.);
#5248=ORIENTED_EDGE('',*,*,#5219,.T.);
#5249=ORIENTED_EDGE('',*,*,#1109,.F.);
#5250=ORIENTED_EDGE('',*,*,#5237,.T.);
#5251=ORIENTED_EDGE('',*,*,#5103,.T.);
#5252=ORIENTED_EDGE('',*,*,#3192,.F.);
#5253=EDGE_LOOP('',(#5248,#5249,#5250,#5251,#5252));
#5254=FACE_OUTER_BOUND('',#5253,.T.);
#5255=CARTESIAN_POINT('',(-48.0,1.0,13.5));
#5256=DIRECTION('',(-1.0,0.0,0.0));
#5257=DIRECTION('',(0.0,0.0,1.0));
#5258=AXIS2_PLACEMENT_3D('',#5255,#5256,#5257);
#5259=CYLINDRICAL_SURFACE('',#5258,1.0);
#5260=ADVANCED_FACE('n° 5827',(#5254),#5259,.T.);
#5261=CARTESIAN_POINT('',(-48.0,1.0,-30.5));
#5262=DIRECTION('',(1.0,0.0,0.0));
#5263=DIRECTION('',(0.0,0.0,-1.0));
#5264=AXIS2_PLACEMENT_3D('',#5261,#5262,#5263);
#5265=CIRCLE('',#5264,1.0);
#5266=EDGE_CURVE('n° 6393',#927,#3862,#5265,.T.);
#5267=ORIENTED_EDGE('',*,*,#5266,.F.);
#5268=ORIENTED_EDGE('',*,*,#933,.F.);
#5269=CARTESIAN_POINT('',(-51.0,1.0,-33.5));
#5270=DIRECTION('',(0.0,0.0,-1.0));
#5271=DIRECTION('',(-1.0,0.0,-0.0));
#5272=AXIS2_PLACEMENT_3D('',#5269,#5270,#5271);
#5273=CIRCLE('',#5272,1.0);
#5274=EDGE_CURVE('n° 6390',#3838,#919,#5273,.T.);
#5275=ORIENTED_EDGE('',*,*,#5274,.F.);
#5276=ORIENTED_EDGE('',*,*,#3874,.F.);
#5277=EDGE_LOOP('',(#5267,#5268,#5275,#5276));
#5278=FACE_OUTER_BOUND('',#5277,.T.);
#5279=CARTESIAN_POINT('',(-48.0,1.0,-33.5));
#5280=DIRECTION('',(-0.0,-1.0,0.0));
#5281=DIRECTION('',(0.0,-0.0,-1.0));
#5282=AXIS2_PLACEMENT_3D('',#5279,#5280,#5281);
#5283=TOROIDAL_SURFACE('',#5282,3.0,1.0);
#5284=ADVANCED_FACE('n° 6369',(#5278),#5283,.T.);
#5285=ORIENTED_EDGE('',*,*,#5274,.T.);
#5286=ORIENTED_EDGE('',*,*,#924,.F.);
#5287=CARTESIAN_POINT('',(-51.0,1.0,-43.0));
#5288=DIRECTION('',(0.0,0.0,-1.0));
#5289=DIRECTION('',(-1.0,0.0,-0.0));
#5290=AXIS2_PLACEMENT_3D('',#5287,#5288,#5289);
#5291=CIRCLE('',#5290,1.0);
#5292=EDGE_CURVE('n° 6396',#3813,#910,#5291,.T.);
#5293=ORIENTED_EDGE('',*,*,#5292,.F.);
#5294=ORIENTED_EDGE('',*,*,#3849,.F.);
#5295=EDGE_LOOP('',(#5285,#5286,#5293,#5294));
#5296=FACE_OUTER_BOUND('',#5295,.T.);
#5297=CARTESIAN_POINT('',(-51.0,1.0,-33.5));
#5298=DIRECTION('',(0.0,0.0,1.0));
#5299=DIRECTION('',(1.0,0.0,-0.0));
#5300=AXIS2_PLACEMENT_3D('',#5297,#5298,#5299);
#5301=CYLINDRICAL_SURFACE('',#5300,1.0);
#5302=ADVANCED_FACE('n° 6371',(#5296),#5301,.T.);
#5303=ORIENTED_EDGE('',*,*,#5266,.T.);
#5304=ORIENTED_EDGE('',*,*,#3891,.F.);
#5305=CARTESIAN_POINT('',(-3.5,1.0,-30.5));
#5306=DIRECTION('',(1.0,0.0,0.0));
#5307=DIRECTION('',(0.0,0.0,-1.0));
#5308=AXIS2_PLACEMENT_3D('',#5305,#5306,#5307);
#5309=CIRCLE('',#5308,1.0);
#5310=EDGE_CURVE('n° 6399',#936,#3716,#5309,.T.);
#5311=ORIENTED_EDGE('',*,*,#5310,.F.);
#5312=ORIENTED_EDGE('',*,*,#941,.F.);
#5313=EDGE_LOOP('',(#5303,#5304,#5311,#5312));
#5314=FACE_OUTER_BOUND('',#5313,.T.);
#5315=CARTESIAN_POINT('',(-48.0,1.0,-30.5));
#5316=DIRECTION('',(1.0,0.0,0.0));
#5317=DIRECTION('',(0.0,0.0,-1.0));
#5318=AXIS2_PLACEMENT_3D('',#5315,#5316,#5317);
#5319=CYLINDRICAL_SURFACE('',#5318,1.0);
#5320=ADVANCED_FACE('n° 6373',(#5314),#5319,.T.);
#5321=ORIENTED_EDGE('',*,*,#5292,.T.);
#5322=ORIENTED_EDGE('',*,*,#916,.F.);
#5323=CARTESIAN_POINT('',(-48.0,1.0,-46.0));
#5324=DIRECTION('',(1.0,0.0,-0.0));
#5325=DIRECTION('',(-0.0,0.0,-1.0));
#5326=AXIS2_PLACEMENT_3D('',#5323,#5324,#5325);
#5327=CIRCLE('',#5326,1.0);
#5328=EDGE_CURVE('n° 6402',#3789,#902,#5327,.T.);
#5329=ORIENTED_EDGE('',*,*,#5328,.F.);
#5330=ORIENTED_EDGE('',*,*,#3825,.F.);
#5331=EDGE_LOOP('',(#5321,#5322,#5329,#5330));
#5332=FACE_OUTER_BOUND('',#5331,.T.);
#5333=CARTESIAN_POINT('',(-48.0,1.0,-43.0));
#5334=DIRECTION('',(-0.0,-1.0,0.0));
#5335=DIRECTION('',(0.0,-0.0,-1.0));
#5336=AXIS2_PLACEMENT_3D('',#5333,#5334,#5335);
#5337=TOROIDAL_SURFACE('',#5336,3.0,1.0);
#5338=ADVANCED_FACE('n° 6375',(#5332),#5337,.T.);
#5339=ORIENTED_EDGE('',*,*,#5310,.T.);
#5340=ORIENTED_EDGE('',*,*,#3722,.F.);
#5341=CARTESIAN_POINT('',(-0.5,1.0,-33.5));
#5342=DIRECTION('',(-0.0,-0.0,-1.0));
#5343=DIRECTION('',(-1.0,0.0,0.0));
#5344=AXIS2_PLACEMENT_3D('',#5341,#5342,#5343);
#5345=CIRCLE('',#5344,1.0);
#5346=EDGE_CURVE('n° 6405',#883,#3708,#5345,.T.);
#5347=ORIENTED_EDGE('',*,*,#5346,.F.);
#5348=ORIENTED_EDGE('',*,*,#948,.F.);
#5349=EDGE_LOOP('',(#5339,#5340,#5347,#5348));
#5350=FACE_OUTER_BOUND('',#5349,.T.);
#5351=CARTESIAN_POINT('',(-3.5,1.0,-33.5));
#5352=DIRECTION('',(-0.0,-1.0,0.0));
#5353=DIRECTION('',(0.0,-0.0,-1.0));
#5354=AXIS2_PLACEMENT_3D('',#5351,#5352,#5353);
#5355=TOROIDAL_SURFACE('',#5354,3.0,1.0);
#5356=ADVANCED_FACE('n° 6377',(#5350),#5355,.T.);
#5357=ORIENTED_EDGE('',*,*,#5328,.T.);
#5358=ORIENTED_EDGE('',*,*,#907,.F.);
#5359=CARTESIAN_POINT('',(-3.5,1.0,-46.0));
#5360=DIRECTION('',(1.0,0.0,-0.0));
#5361=DIRECTION('',(-0.0,0.0,-1.0));
#5362=AXIS2_PLACEMENT_3D('',#5359,#5360,#5361);
#5363=CIRCLE('',#5362,1.0);
#5364=EDGE_CURVE('n° 6408',#3764,#893,#5363,.T.);
#5365=ORIENTED_EDGE('',*,*,#5364,.F.);
#5366=ORIENTED_EDGE('',*,*,#3800,.F.);
#5367=EDGE_LOOP('',(#5357,#5358,#5365,#5366));
#5368=FACE_OUTER_BOUND('',#5367,.T.);
#5369=CARTESIAN_POINT('',(-48.0,1.0,-46.0));
#5370=DIRECTION('',(-1.0,0.0,0.0));
#5371=DIRECTION('',(0.0,0.0,1.0));
#5372=AXIS2_PLACEMENT_3D('',#5369,#5370,#5371);
#5373=CYLINDRICAL_SURFACE('',#5372,1.0);
#5374=ADVANCED_FACE('n° 6379',(#5368),#5373,.T.);
#5375=ORIENTED_EDGE('',*,*,#5346,.T.);
#5376=ORIENTED_EDGE('',*,*,#3751,.F.);
#5377=CARTESIAN_POINT('',(-0.5,1.0,-43.0));
#5378=DIRECTION('',(-0.0,-0.0,-1.0));
#5379=DIRECTION('',(-1.0,0.0,0.0));
#5380=AXIS2_PLACEMENT_3D('',#5377,#5378,#5379);
#5381=CIRCLE('',#5380,1.0);
#5382=EDGE_CURVE('n° 6410',#885,#3740,#5381,.T.);
#5383=ORIENTED_EDGE('',*,*,#5382,.F.);
#5384=ORIENTED_EDGE('',*,*,#890,.F.);
#5385=EDGE_LOOP('',(#5375,#5376,#5383,#5384));
#5386=FACE_OUTER_BOUND('',#5385,.T.);
#5387=CARTESIAN_POINT('',(-0.5,1.0,-33.5));
#5388=DIRECTION('',(0.0,0.0,-1.0));
#5389=DIRECTION('',(-1.0,0.0,-0.0));
#5390=AXIS2_PLACEMENT_3D('',#5387,#5388,#5389);
#5391=CYLINDRICAL_SURFACE('',#5390,1.0);
#5392=ADVANCED_FACE('n° 6381',(#5386),#5391,.T.);
#5393=ORIENTED_EDGE('',*,*,#5364,.T.);
#5394=ORIENTED_EDGE('',*,*,#899,.F.);
#5395=ORIENTED_EDGE('',*,*,#5382,.T.);
#5396=ORIENTED_EDGE('',*,*,#3776,.F.);
#5397=EDGE_LOOP('',(#5393,#5394,#5395,#5396));
#5398=FACE_OUTER_BOUND('',#5397,.T.);
#5399=CARTESIAN_POINT('',(-3.5,1.0,-43.0));
#5400=DIRECTION('',(-0.0,-1.0,0.0));
#5401=DIRECTION('',(0.0,-0.0,-1.0));
#5402=AXIS2_PLACEMENT_3D('',#5399,#5400,#5401);
#5403=TOROIDAL_SURFACE('',#5402,3.0,1.0);
#5404=ADVANCED_FACE('n° 6383',(#5398),#5403,.T.);
#5405=CARTESIAN_POINT('',(48.0,1.0,-46.0));
#5406=DIRECTION('',(-1.0,0.0,0.0));
#5407=DIRECTION('',(0.0,0.0,1.0));
#5408=AXIS2_PLACEMENT_3D('',#5405,#5406,#5407);
#5409=CIRCLE('',#5408,1.0);
#5410=EDGE_CURVE('n° 6490',#997,#3372,#5409,.T.);
#5411=ORIENTED_EDGE('',*,*,#5410,.F.);
#5412=ORIENTED_EDGE('',*,*,#1003,.F.);
#5413=CARTESIAN_POINT('',(51.0,1.0,-43.0));
#5414=DIRECTION('',(0.0,0.0,1.0));
#5415=DIRECTION('',(1.0,0.0,-0.0));
#5416=AXIS2_PLACEMENT_3D('',#5413,#5414,#5415);
#5417=CIRCLE('',#5416,1.0);
#5418=EDGE_CURVE('n° 6487',#3348,#989,#5417,.T.);
#5419=ORIENTED_EDGE('',*,*,#5418,.F.);
#5420=ORIENTED_EDGE('',*,*,#3384,.F.);
#5421=EDGE_LOOP('',(#5411,#5412,#5419,#5420));
#5422=FACE_OUTER_BOUND('',#5421,.T.);
#5423=CARTESIAN_POINT('',(48.0,1.0,-43.0));
#5424=DIRECTION('',(-0.0,-1.0,0.0));
#5425=DIRECTION('',(0.0,-0.0,-1.0));
#5426=AXIS2_PLACEMENT_3D('',#5423,#5424,#5425);
#5427=TOROIDAL_SURFACE('',#5426,3.0,1.0);
#5428=ADVANCED_FACE('n° 6466',(#5422),#5427,.T.);
#5429=ORIENTED_EDGE('',*,*,#5418,.T.);
#5430=ORIENTED_EDGE('',*,*,#994,.F.);
#5431=CARTESIAN_POINT('',(51.0,1.0,-33.5));
#5432=DIRECTION('',(0.0,0.0,1.0));
#5433=DIRECTION('',(1.0,0.0,-0.0));
#5434=AXIS2_PLACEMENT_3D('',#5431,#5432,#5433);
#5435=CIRCLE('',#5434,1.0);
#5436=EDGE_CURVE('n° 6493',#3316,#980,#5435,.T.);
#5437=ORIENTED_EDGE('',*,*,#5436,.F.);
#5438=ORIENTED_EDGE('',*,*,#3359,.F.);
#5439=EDGE_LOOP('',(#5429,#5430,#5437,#5438));
#5440=FACE_OUTER_BOUND('',#5439,.T.);
#5441=CARTESIAN_POINT('',(51.0,1.0,-33.5));
#5442=DIRECTION('',(0.0,0.0,-1.0));
#5443=DIRECTION('',(-1.0,0.0,-0.0));
#5444=AXIS2_PLACEMENT_3D('',#5441,#5442,#5443);
#5445=CYLINDRICAL_SURFACE('',#5444,1.0);
#5446=ADVANCED_FACE('n° 6468',(#5440),#5445,.T.);
#5447=ORIENTED_EDGE('',*,*,#5410,.T.);
#5448=ORIENTED_EDGE('',*,*,#3408,.F.);
#5449=CARTESIAN_POINT('',(3.5,1.0,-46.0));
#5450=DIRECTION('',(-1.0,0.0,0.0));
#5451=DIRECTION('',(0.0,0.0,1.0));
#5452=AXIS2_PLACEMENT_3D('',#5449,#5450,#5451);
#5453=CIRCLE('',#5452,1.0);
#5454=EDGE_CURVE('n° 6496',#1006,#3397,#5453,.T.);
#5455=ORIENTED_EDGE('',*,*,#5454,.F.);
#5456=ORIENTED_EDGE('',*,*,#1011,.F.);
#5457=EDGE_LOOP('',(#5447,#5448,#5455,#5456));
#5458=FACE_OUTER_BOUND('',#5457,.T.);
#5459=CARTESIAN_POINT('',(3.5,1.0,-46.0));
#5460=DIRECTION('',(-1.0,0.0,0.0));
#5461=DIRECTION('',(0.0,0.0,1.0));
#5462=AXIS2_PLACEMENT_3D('',#5459,#5460,#5461);
#5463=CYLINDRICAL_SURFACE('',#5462,1.0);
#5464=ADVANCED_FACE('n° 6470',(#5458),#5463,.T.);
#5465=ORIENTED_EDGE('',*,*,#5436,.T.);
#5466=ORIENTED_EDGE('',*,*,#986,.F.);
#5467=CARTESIAN_POINT('',(48.0,1.0,-30.5));
#5468=DIRECTION('',(-1.0,-0.0,-0.0));
#5469=DIRECTION('',(-0.0,0.0,1.0));
#5470=AXIS2_PLACEMENT_3D('',#5467,#5468,#5469);
#5471=CIRCLE('',#5470,1.0);
#5472=EDGE_CURVE('n° 6499',#3324,#972,#5471,.T.);
#5473=ORIENTED_EDGE('',*,*,#5472,.F.);
#5474=ORIENTED_EDGE('',*,*,#3330,.F.);
#5475=EDGE_LOOP('',(#5465,#5466,#5473,#5474));
#5476=FACE_OUTER_BOUND('',#5475,.T.);
#5477=CARTESIAN_POINT('',(48.0,1.0,-33.5));
#5478=DIRECTION('',(-0.0,-1.0,0.0));
#5479=DIRECTION('',(0.0,-0.0,-1.0));
#5480=AXIS2_PLACEMENT_3D('',#5477,#5478,#5479);
#5481=TOROIDAL_SURFACE('',#5480,3.0,1.0);
#5482=ADVANCED_FACE('n° 6472',(#5476),#5481,.T.);
#5483=ORIENTED_EDGE('',*,*,#5454,.T.);
#5484=ORIENTED_EDGE('',*,*,#3433,.F.);
#5485=CARTESIAN_POINT('',(0.5,1.0,-43.0));
#5486=DIRECTION('',(-0.0,0.0,1.0));
#5487=DIRECTION('',(1.0,0.0,0.0));
#5488=AXIS2_PLACEMENT_3D('',#5485,#5486,#5487);
#5489=CIRCLE('',#5488,1.0);
#5490=EDGE_CURVE('n° 6502',#953,#3421,#5489,.T.);
#5491=ORIENTED_EDGE('',*,*,#5490,.F.);
#5492=ORIENTED_EDGE('',*,*,#1018,.F.);
#5493=EDGE_LOOP('',(#5483,#5484,#5491,#5492));
#5494=FACE_OUTER_BOUND('',#5493,.T.);
#5495=CARTESIAN_POINT('',(3.5,1.0,-43.0));
#5496=DIRECTION('',(-0.0,-1.0,0.0));
#5497=DIRECTION('',(0.0,-0.0,-1.0));
#5498=AXIS2_PLACEMENT_3D('',#5495,#5496,#5497);
#5499=TOROIDAL_SURFACE('',#5498,3.0,1.0);
#5500=ADVANCED_FACE('n° 6474',(#5494),#5499,.T.);
#5501=ORIENTED_EDGE('',*,*,#5472,.T.);
#5502=ORIENTED_EDGE('',*,*,#977,.F.);
#5503=CARTESIAN_POINT('',(3.5,1.0,-30.5));
#5504=DIRECTION('',(-1.0,-0.0,-0.0));
#5505=DIRECTION('',(-0.0,0.0,1.0));
#5506=AXIS2_PLACEMENT_3D('',#5503,#5504,#5505);
#5507=CIRCLE('',#5506,1.0);
#5508=EDGE_CURVE('n° 6505',#3470,#963,#5507,.T.);
#5509=ORIENTED_EDGE('',*,*,#5508,.F.);
#5510=ORIENTED_EDGE('',*,*,#3499,.F.);
#5511=EDGE_LOOP('',(#5501,#5502,#5509,#5510));
#5512=FACE_OUTER_BOUND('',#5511,.T.);
#5513=CARTESIAN_POINT('',(3.5,1.0,-30.5));
#5514=DIRECTION('',(1.0,0.0,0.0));
#5515=DIRECTION('',(0.0,0.0,-1.0));
#5516=AXIS2_PLACEMENT_3D('',#5513,#5514,#5515);
#5517=CYLINDRICAL_SURFACE('',#5516,1.0);
#5518=ADVANCED_FACE('n° 6476',(#5512),#5517,.T.);
#5519=ORIENTED_EDGE('',*,*,#5490,.T.);
#5520=ORIENTED_EDGE('',*,*,#3457,.F.);
#5521=CARTESIAN_POINT('',(0.5,1.0,-33.5));
#5522=DIRECTION('',(-0.0,0.0,1.0));
#5523=DIRECTION('',(1.0,0.0,0.0));
#5524=AXIS2_PLACEMENT_3D('',#5521,#5522,#5523);
#5525=CIRCLE('',#5524,1.0);
#5526=EDGE_CURVE('n° 6507',#955,#3446,#5525,.T.);
#5527=ORIENTED_EDGE('',*,*,#5526,.F.);
#5528=ORIENTED_EDGE('',*,*,#960,.F.);
#5529=EDGE_LOOP('',(#5519,#5520,#5527,#5528));
#5530=FACE_OUTER_BOUND('',#5529,.T.);
#5531=CARTESIAN_POINT('',(0.5,1.0,-33.5));
#5532=DIRECTION('',(-0.0,0.0,1.0));
#5533=DIRECTION('',(1.0,0.0,0.0));
#5534=AXIS2_PLACEMENT_3D('',#5531,#5532,#5533);
#5535=CYLINDRICAL_SURFACE('',#5534,1.0);
#5536=ADVANCED_FACE('n° 6478',(#5530),#5535,.T.);
#5537=ORIENTED_EDGE('',*,*,#5508,.T.);
#5538=ORIENTED_EDGE('',*,*,#969,.F.);
#5539=ORIENTED_EDGE('',*,*,#5526,.T.);
#5540=ORIENTED_EDGE('',*,*,#3482,.F.);
#5541=EDGE_LOOP('',(#5537,#5538,#5539,#5540));
#5542=FACE_OUTER_BOUND('',#5541,.T.);
#5543=CARTESIAN_POINT('',(3.5,1.0,-33.5));
#5544=DIRECTION('',(-0.0,-1.0,0.0));
#5545=DIRECTION('',(0.0,-0.0,-1.0));
#5546=AXIS2_PLACEMENT_3D('',#5543,#5544,#5545);
#5547=TOROIDAL_SURFACE('',#5546,3.0,1.0);
#5548=ADVANCED_FACE('n° 6480',(#5542),#5547,.T.);
#5549=CARTESIAN_POINT('',(-48.0,1.0,-12.0));
#5550=DIRECTION('',(1.0,0.0,0.0));
#5551=DIRECTION('',(0.0,0.0,-1.0));
#5552=AXIS2_PLACEMENT_3D('',#5549,#5550,#5551);
#5553=CIRCLE('',#5552,1.0);
#5554=EDGE_CURVE('n° 6587',#1067,#3666,#5553,.T.);
#5555=ORIENTED_EDGE('',*,*,#5554,.F.);
#5556=ORIENTED_EDGE('',*,*,#1073,.F.);
#5557=CARTESIAN_POINT('',(-51.0,1.0,-15.0));
#5558=DIRECTION('',(0.0,0.0,-1.0));
#5559=DIRECTION('',(-1.0,0.0,-0.0));
#5560=AXIS2_PLACEMENT_3D('',#5557,#5558,#5559);
#5561=CIRCLE('',#5560,1.0);
#5562=EDGE_CURVE('n° 6584',#3642,#1059,#5561,.T.);
#5563=ORIENTED_EDGE('',*,*,#5562,.F.);
#5564=ORIENTED_EDGE('',*,*,#3678,.F.);
#5565=EDGE_LOOP('',(#5555,#5556,#5563,#5564));
#5566=FACE_OUTER_BOUND('',#5565,.T.);
#5567=CARTESIAN_POINT('',(-48.0,1.0,-15.0));
#5568=DIRECTION('',(-0.0,-1.0,0.0));
#5569=DIRECTION('',(0.0,-0.0,-1.0));
#5570=AXIS2_PLACEMENT_3D('',#5567,#5568,#5569);
#5571=TOROIDAL_SURFACE('',#5570,3.0,1.0);
#5572=ADVANCED_FACE('n° 6563',(#5566),#5571,.T.);
#5573=ORIENTED_EDGE('',*,*,#5562,.T.);
#5574=ORIENTED_EDGE('',*,*,#1064,.F.);
#5575=CARTESIAN_POINT('',(-51.0,1.0,-24.5));
#5576=DIRECTION('',(0.0,0.0,-1.0));
#5577=DIRECTION('',(-1.0,0.0,-0.0));
#5578=AXIS2_PLACEMENT_3D('',#5575,#5576,#5577);
#5579=CIRCLE('',#5578,1.0);
#5580=EDGE_CURVE('n° 6590',#3617,#1050,#5579,.T.);
#5581=ORIENTED_EDGE('',*,*,#5580,.F.);
#5582=ORIENTED_EDGE('',*,*,#3653,.F.);
#5583=EDGE_LOOP('',(#5573,#5574,#5581,#5582));
#5584=FACE_OUTER_BOUND('',#5583,.T.);
#5585=CARTESIAN_POINT('',(-51.0,1.0,-15.0));
#5586=DIRECTION('',(0.0,0.0,1.0));
#5587=DIRECTION('',(1.0,0.0,-0.0));
#5588=AXIS2_PLACEMENT_3D('',#5585,#5586,#5587);
#5589=CYLINDRICAL_SURFACE('',#5588,1.0);
#5590=ADVANCED_FACE('n° 6565',(#5584),#5589,.T.);
#5591=ORIENTED_EDGE('',*,*,#5554,.T.);
#5592=ORIENTED_EDGE('',*,*,#3695,.F.);
#5593=CARTESIAN_POINT('',(-3.5,1.0,-12.0));
#5594=DIRECTION('',(1.0,0.0,0.0));
#5595=DIRECTION('',(0.0,0.0,-1.0));
#5596=AXIS2_PLACEMENT_3D('',#5593,#5594,#5595);
#5597=CIRCLE('',#5596,1.0);
#5598=EDGE_CURVE('n° 6593',#1076,#3520,#5597,.T.);
#5599=ORIENTED_EDGE('',*,*,#5598,.F.);
#5600=ORIENTED_EDGE('',*,*,#1081,.F.);
#5601=EDGE_LOOP('',(#5591,#5592,#5599,#5600));
#5602=FACE_OUTER_BOUND('',#5601,.T.);
#5603=CARTESIAN_POINT('',(-48.0,1.0,-12.0));
#5604=DIRECTION('',(1.0,0.0,0.0));
#5605=DIRECTION('',(0.0,0.0,-1.0));
#5606=AXIS2_PLACEMENT_3D('',#5603,#5604,#5605);
#5607=CYLINDRICAL_SURFACE('',#5606,1.0);
#5608=ADVANCED_FACE('n° 6567',(#5602),#5607,.T.);
#5609=ORIENTED_EDGE('',*,*,#5580,.T.);
#5610=ORIENTED_EDGE('',*,*,#1056,.F.);
#5611=CARTESIAN_POINT('',(-48.0,1.0,-27.5));
#5612=DIRECTION('',(1.0,0.0,-0.0));
#5613=DIRECTION('',(-0.0,0.0,-1.0));
#5614=AXIS2_PLACEMENT_3D('',#5611,#5612,#5613);
#5615=CIRCLE('',#5614,1.0);
#5616=EDGE_CURVE('n° 6596',#3593,#1042,#5615,.T.);
#5617=ORIENTED_EDGE('',*,*,#5616,.F.);
#5618=ORIENTED_EDGE('',*,*,#3629,.F.);
#5619=EDGE_LOOP('',(#5609,#5610,#5617,#5618));
#5620=FACE_OUTER_BOUND('',#5619,.T.);
#5621=CARTESIAN_POINT('',(-48.0,1.0,-24.5));
#5622=DIRECTION('',(-0.0,-1.0,0.0));
#5623=DIRECTION('',(0.0,-0.0,-1.0));
#5624=AXIS2_PLACEMENT_3D('',#5621,#5622,#5623);
#5625=TOROIDAL_SURFACE('',#5624,3.0,1.0);
#5626=ADVANCED_FACE('n° 6569',(#5620),#5625,.T.);
#5627=ORIENTED_EDGE('',*,*,#5598,.T.);
#5628=ORIENTED_EDGE('',*,*,#3526,.F.);
#5629=CARTESIAN_POINT('',(-0.5,1.0,-15.0));
#5630=DIRECTION('',(-0.0,-0.0,-1.0));
#5631=DIRECTION('',(-1.0,0.0,0.0));
#5632=AXIS2_PLACEMENT_3D('',#5629,#5630,#5631);
#5633=CIRCLE('',#5632,1.0);
#5634=EDGE_CURVE('n° 6599',#1023,#3512,#5633,.T.);
#5635=ORIENTED_EDGE('',*,*,#5634,.F.);
#5636=ORIENTED_EDGE('',*,*,#1088,.F.);
#5637=EDGE_LOOP('',(#5627,#5628,#5635,#5636));
#5638=FACE_OUTER_BOUND('',#5637,.T.);
#5639=CARTESIAN_POINT('',(-3.5,1.0,-15.0));
#5640=DIRECTION('',(-0.0,-1.0,0.0));
#5641=DIRECTION('',(0.0,-0.0,-1.0));
#5642=AXIS2_PLACEMENT_3D('',#5639,#5640,#5641);
#5643=TOROIDAL_SURFACE('',#5642,3.0,1.0);
#5644=ADVANCED_FACE('n° 6571',(#5638),#5643,.T.);
#5645=ORIENTED_EDGE('',*,*,#5616,.T.);
#5646=ORIENTED_EDGE('',*,*,#1047,.F.);
#5647=CARTESIAN_POINT('',(-3.5,1.0,-27.5));
#5648=DIRECTION('',(1.0,0.0,-0.0));
#5649=DIRECTION('',(-0.0,0.0,-1.0));
#5650=AXIS2_PLACEMENT_3D('',#5647,#5648,#5649);
#5651=CIRCLE('',#5650,1.0);
#5652=EDGE_CURVE('n° 6602',#3568,#1033,#5651,.T.);
#5653=ORIENTED_EDGE('',*,*,#5652,.F.);
#5654=ORIENTED_EDGE('',*,*,#3604,.F.);
#5655=EDGE_LOOP('',(#5645,#5646,#5653,#5654));
#5656=FACE_OUTER_BOUND('',#5655,.T.);
#5657=CARTESIAN_POINT('',(-48.0,1.0,-27.5));
#5658=DIRECTION('',(-1.0,0.0,0.0));
#5659=DIRECTION('',(0.0,0.0,1.0));
#5660=AXIS2_PLACEMENT_3D('',#5657,#5658,#5659);
#5661=CYLINDRICAL_SURFACE('',#5660,1.0);
#5662=ADVANCED_FACE('n° 6573',(#5656),#5661,.T.);
#5663=ORIENTED_EDGE('',*,*,#5634,.T.);
#5664=ORIENTED_EDGE('',*,*,#3555,.F.);
#5665=CARTESIAN_POINT('',(-0.5,1.0,-24.5));
#5666=DIRECTION('',(-0.0,-0.0,-1.0));
#5667=DIRECTION('',(-1.0,0.0,0.0));
#5668=AXIS2_PLACEMENT_3D('',#5665,#5666,#5667);
#5669=CIRCLE('',#5668,1.0);
#5670=EDGE_CURVE('n° 6604',#1025,#3544,#5669,.T.);
#5671=ORIENTED_EDGE('',*,*,#5670,.F.);
#5672=ORIENTED_EDGE('',*,*,#1030,.F.);
#5673=EDGE_LOOP('',(#5663,#5664,#5671,#5672));
#5674=FACE_OUTER_BOUND('',#5673,.T.);
#5675=CARTESIAN_POINT('',(-0.5,1.0,-15.0));
#5676=DIRECTION('',(0.0,0.0,-1.0));
#5677=DIRECTION('',(-1.0,0.0,-0.0));
#5678=AXIS2_PLACEMENT_3D('',#5675,#5676,#5677);
#5679=CYLINDRICAL_SURFACE('',#5678,1.0);
#5680=ADVANCED_FACE('n° 6575',(#5674),#5679,.T.);
#5681=ORIENTED_EDGE('',*,*,#5652,.T.);
#5682=ORIENTED_EDGE('',*,*,#1039,.F.);
#5683=ORIENTED_EDGE('',*,*,#5670,.T.);
#5684=ORIENTED_EDGE('',*,*,#3580,.F.);
#5685=EDGE_LOOP('',(#5681,#5682,#5683,#5684));
#5686=FACE_OUTER_BOUND('',#5685,.T.);
#5687=CARTESIAN_POINT('',(-3.5,1.0,-24.5));
#5688=DIRECTION('',(-0.0,-1.0,0.0));
#5689=DIRECTION('',(0.0,-0.0,-1.0));
#5690=AXIS2_PLACEMENT_3D('',#5687,#5688,#5689);
#5691=TOROIDAL_SURFACE('',#5690,3.0,1.0);
#5692=ADVANCED_FACE('n° 6577',(#5686),#5691,.T.);
#5693=CARTESIAN_POINT('',(75.7953665449,-38.0,-29.0));
#5694=DIRECTION('',(0.0,1.0,0.0));
#5695=VECTOR('',#5694,1.0);
#5696=LINE('',#5693,#5695);
#5697=EDGE_CURVE('n° 7147',#1285,#86,#5696,.T.);
#5698=ORIENTED_EDGE('',*,*,#5697,.T.);
#5699=ORIENTED_EDGE('',*,*,#94,.T.);
#5700=CARTESIAN_POINT('',(76.2953665449,-38.0,-28.5));
#5701=DIRECTION('',(0.0,1.0,0.0));
#5702=VECTOR('',#5701,1.0);
#5703=LINE('',#5700,#5702);
#5704=EDGE_CURVE('n° 7144',#1293,#88,#5703,.T.);
#5705=ORIENTED_EDGE('',*,*,#5704,.F.);
#5706=ORIENTED_EDGE('',*,*,#1299,.F.);
#5707=EDGE_LOOP('',(#5698,#5699,#5705,#5706));
#5708=FACE_OUTER_BOUND('',#5707,.T.);
#5709=CARTESIAN_POINT('',(76.2953665449,-38.0,-29.0));
#5710=DIRECTION('',(0.0,1.0,0.0));
#5711=DIRECTION('',(0.0,-0.0,1.0));
#5712=AXIS2_PLACEMENT_3D('',#5709,#5710,#5711);
#5713=CYLINDRICAL_SURFACE('',#5712,0.5);
#5714=ADVANCED_FACE('n° 7266',(#5708),#5713,.F.);
#5715=CARTESIAN_POINT('',(75.7953665449,-38.0,-34.5));
#5716=DIRECTION('',(0.0,1.0,0.0));
#5717=VECTOR('',#5716,1.0);
#5718=LINE('',#5715,#5717);
#5719=EDGE_CURVE('n° 7150',#1283,#97,#5718,.T.);
#5720=ORIENTED_EDGE('',*,*,#5719,.T.);
#5721=ORIENTED_EDGE('',*,*,#102,.T.);
#5722=ORIENTED_EDGE('',*,*,#5697,.F.);
#5723=ORIENTED_EDGE('',*,*,#1290,.F.);
#5724=EDGE_LOOP('',(#5720,#5721,#5722,#5723));
#5725=FACE_OUTER_BOUND('',#5724,.T.);
#5726=CARTESIAN_POINT('',(75.7953665449,-38.0,-34.5));
#5727=DIRECTION('',(1.0,0.0,0.0));
#5728=DIRECTION('',(0.0,0.0,-1.0));
#5729=AXIS2_PLACEMENT_3D('',#5726,#5727,#5728);
#5730=PLANE('',#5729);
#5731=ADVANCED_FACE('n° 7274',(#5725),#5730,.T.);
#5732=CARTESIAN_POINT('',(76.2953665449,-38.0,-35.0));
#5733=DIRECTION('',(0.0,1.0,0.0));
#5734=VECTOR('',#5733,1.0);
#5735=LINE('',#5732,#5734);
#5736=EDGE_CURVE('n° 7153',#1336,#105,#5735,.T.);
#5737=ORIENTED_EDGE('',*,*,#5736,.T.);
#5738=ORIENTED_EDGE('',*,*,#111,.T.);
#5739=ORIENTED_EDGE('',*,*,#5719,.F.);
#5740=ORIENTED_EDGE('',*,*,#1348,.F.);
#5741=EDGE_LOOP('',(#5737,#5738,#5739,#5740));
#5742=FACE_OUTER_BOUND('',#5741,.T.);
#5743=CARTESIAN_POINT('',(76.2953665449,-38.0,-34.5));
#5744=DIRECTION('',(0.0,1.0,0.0));
#5745=DIRECTION('',(0.0,-0.0,1.0));
#5746=AXIS2_PLACEMENT_3D('',#5743,#5744,#5745);
#5747=CYLINDRICAL_SURFACE('',#5746,0.5);
#5748=ADVANCED_FACE('n° 7282',(#5742),#5747,.F.);
#5749=CARTESIAN_POINT('',(89.295417345,-38.0,-35.0));
#5750=DIRECTION('',(0.0,1.0,0.0));
#5751=VECTOR('',#5750,1.0);
#5752=LINE('',#5749,#5751);
#5753=EDGE_CURVE('n° 7156',#1327,#114,#5752,.T.);
#5754=ORIENTED_EDGE('',*,*,#5753,.T.);
#5755=ORIENTED_EDGE('',*,*,#119,.T.);
#5756=ORIENTED_EDGE('',*,*,#5736,.F.);
#5757=ORIENTED_EDGE('',*,*,#1341,.F.);
#5758=EDGE_LOOP('',(#5754,#5755,#5756,#5757));
#5759=FACE_OUTER_BOUND('',#5758,.T.);
#5760=CARTESIAN_POINT('',(89.295417345,-38.0,-35.0));
#5761=DIRECTION('',(0.0,-0.0,1.0));
#5762=DIRECTION('',(1.0,0.0,-0.0));
#5763=AXIS2_PLACEMENT_3D('',#5760,#5761,#5762);
#5764=PLANE('',#5763);
#5765=ADVANCED_FACE('n° 7290',(#5759),#5764,.T.);
#5766=CARTESIAN_POINT('',(89.795417345,-38.0,-34.5));
#5767=DIRECTION('',(0.0,1.0,0.0));
#5768=VECTOR('',#5767,1.0);
#5769=LINE('',#5766,#5768);
#5770=EDGE_CURVE('n° 7159',#1319,#122,#5769,.T.);
#5771=ORIENTED_EDGE('',*,*,#5770,.T.);
#5772=ORIENTED_EDGE('',*,*,#128,.T.);
#5773=ORIENTED_EDGE('',*,*,#5753,.F.);
#5774=ORIENTED_EDGE('',*,*,#1333,.F.);
#5775=EDGE_LOOP('',(#5771,#5772,#5773,#5774));
#5776=FACE_OUTER_BOUND('',#5775,.T.);
#5777=CARTESIAN_POINT('',(89.295417345,-38.0,-34.5));
#5778=DIRECTION('',(0.0,1.0,0.0));
#5779=DIRECTION('',(0.0,-0.0,1.0));
#5780=AXIS2_PLACEMENT_3D('',#5777,#5778,#5779);
#5781=CYLINDRICAL_SURFACE('',#5780,0.5);
#5782=ADVANCED_FACE('n° 7298',(#5776),#5781,.F.);
#5783=CARTESIAN_POINT('',(89.795417345,-38.0,-29.0));
#5784=DIRECTION('',(0.0,1.0,0.0));
#5785=VECTOR('',#5784,1.0);
#5786=LINE('',#5783,#5785);
#5787=EDGE_CURVE('n° 7162',#1310,#131,#5786,.T.);
#5788=ORIENTED_EDGE('',*,*,#5787,.T.);
#5789=ORIENTED_EDGE('',*,*,#136,.T.);
#5790=ORIENTED_EDGE('',*,*,#5770,.F.);
#5791=ORIENTED_EDGE('',*,*,#1324,.F.);
#5792=EDGE_LOOP('',(#5788,#5789,#5790,#5791));
#5793=FACE_OUTER_BOUND('',#5792,.T.);
#5794=CARTESIAN_POINT('',(89.795417345,-38.0,-29.0));
#5795=DIRECTION('',(-1.0,0.0,0.0));
#5796=DIRECTION('',(0.0,0.0,1.0));
#5797=AXIS2_PLACEMENT_3D('',#5794,#5795,#5796);
#5798=PLANE('',#5797);
#5799=ADVANCED_FACE('n° 7306',(#5793),#5798,.T.);
#5800=CARTESIAN_POINT('',(89.295417345,-38.0,-28.5));
#5801=DIRECTION('',(0.0,1.0,0.0));
#5802=VECTOR('',#5801,1.0);
#5803=LINE('',#5800,#5802);
#5804=EDGE_CURVE('n° 7165',#1302,#139,#5803,.T.);
#5805=ORIENTED_EDGE('',*,*,#5804,.T.);
#5806=ORIENTED_EDGE('',*,*,#145,.T.);
#5807=ORIENTED_EDGE('',*,*,#5787,.F.);
#5808=ORIENTED_EDGE('',*,*,#1316,.F.);
#5809=EDGE_LOOP('',(#5805,#5806,#5807,#5808));
#5810=FACE_OUTER_BOUND('',#5809,.T.);
#5811=CARTESIAN_POINT('',(89.295417345,-38.0,-29.0));
#5812=DIRECTION('',(0.0,1.0,0.0));
#5813=DIRECTION('',(0.0,-0.0,1.0));
#5814=AXIS2_PLACEMENT_3D('',#5811,#5812,#5813);
#5815=CYLINDRICAL_SURFACE('',#5814,0.5);
#5816=ADVANCED_FACE('n° 7314',(#5810),#5815,.F.);
#5817=ORIENTED_EDGE('',*,*,#5704,.T.);
#5818=ORIENTED_EDGE('',*,*,#151,.T.);
#5819=ORIENTED_EDGE('',*,*,#5804,.F.);
#5820=ORIENTED_EDGE('',*,*,#1307,.F.);
#5821=EDGE_LOOP('',(#5817,#5818,#5819,#5820));
#5822=FACE_OUTER_BOUND('',#5821,.T.);
#5823=CARTESIAN_POINT('',(76.2953665449,-38.0,-28.5));
#5824=DIRECTION('',(0.0,0.0,-1.0));
#5825=DIRECTION('',(-1.0,0.0,-0.0));
#5826=AXIS2_PLACEMENT_3D('',#5823,#5824,#5825);
#5827=PLANE('',#5826);
#5828=ADVANCED_FACE('n° 7322',(#5822),#5827,.T.);
#5829=ORIENTED_EDGE('',*,*,#4850,.T.);
#5830=CARTESIAN_POINT('',(76.2149753842,24.2515875032,-35.0));
#5831=DIRECTION('',(1.0,0.0,0.0));
#5832=VECTOR('',#5831,1.0);
#5833=LINE('',#5830,#5832);
#5834=EDGE_CURVE('n° 8225',#562,#4844,#5833,.T.);
#5835=ORIENTED_EDGE('',*,*,#5834,.F.);
#5836=ORIENTED_EDGE('',*,*,#568,.F.);
#5837=CARTESIAN_POINT('',(76.2149753842,23.7515875032,-34.5));
#5838=DIRECTION('',(1.0,0.0,0.0));
#5839=VECTOR('',#5838,1.0);
#5840=LINE('',#5837,#5839);
#5841=EDGE_CURVE('n° 8229',#554,#4842,#5840,.T.);
#5842=ORIENTED_EDGE('',*,*,#5841,.T.);
#5843=EDGE_LOOP('',(#5829,#5835,#5836,#5842));
#5844=FACE_OUTER_BOUND('',#5843,.T.);
#5845=CARTESIAN_POINT('',(76.2149753842,24.2515875032,-34.5));
#5846=DIRECTION('',(1.0,-0.0,-0.0));
#5847=DIRECTION('',(-0.0,0.0,-1.0));
#5848=AXIS2_PLACEMENT_3D('',#5845,#5846,#5847);
#5849=CYLINDRICAL_SURFACE('',#5848,0.5);
#5850=ADVANCED_FACE('n° 8346',(#5844),#5849,.F.);
#5851=ORIENTED_EDGE('',*,*,#4858,.T.);
#5852=ORIENTED_EDGE('',*,*,#5841,.F.);
#5853=ORIENTED_EDGE('',*,*,#559,.F.);
#5854=CARTESIAN_POINT('',(76.2149753842,23.7515875032,-29.0));
#5855=DIRECTION('',(1.0,0.0,0.0));
#5856=VECTOR('',#5855,1.0);
#5857=LINE('',#5854,#5856);
#5858=EDGE_CURVE('n° 8233',#552,#4853,#5857,.T.);
#5859=ORIENTED_EDGE('',*,*,#5858,.T.);
#5860=EDGE_LOOP('',(#5851,#5852,#5853,#5859));
#5861=FACE_OUTER_BOUND('',#5860,.T.);
#5862=CARTESIAN_POINT('',(76.2149753842,23.7515875032,-34.5));
#5863=DIRECTION('',(-0.0,-1.0,-0.0));
#5864=DIRECTION('',(0.0,0.0,-1.0));
#5865=AXIS2_PLACEMENT_3D('',#5862,#5863,#5864);
#5866=PLANE('',#5865);
#5867=ADVANCED_FACE('n° 8354',(#5861),#5866,.F.);
#5868=ORIENTED_EDGE('',*,*,#4867,.T.);
#5869=ORIENTED_EDGE('',*,*,#5858,.F.);
#5870=ORIENTED_EDGE('',*,*,#617,.F.);
#5871=CARTESIAN_POINT('',(76.2149753842,24.2515875032,-28.5));
#5872=DIRECTION('',(1.0,0.0,0.0));
#5873=VECTOR('',#5872,1.0);
#5874=LINE('',#5871,#5873);
#5875=EDGE_CURVE('n° 8237',#605,#4861,#5874,.T.);
#5876=ORIENTED_EDGE('',*,*,#5875,.T.);
#5877=EDGE_LOOP('',(#5868,#5869,#5870,#5876));
#5878=FACE_OUTER_BOUND('',#5877,.T.);
#5879=CARTESIAN_POINT('',(76.2149753842,24.2515875032,-29.0));
#5880=DIRECTION('',(1.0,-0.0,-0.0));
#5881=DIRECTION('',(-0.0,0.0,-1.0));
#5882=AXIS2_PLACEMENT_3D('',#5879,#5880,#5881);
#5883=CYLINDRICAL_SURFACE('',#5882,0.5);
#5884=ADVANCED_FACE('n° 8362',(#5878),#5883,.F.);
#5885=ORIENTED_EDGE('',*,*,#4875,.T.);
#5886=ORIENTED_EDGE('',*,*,#5875,.F.);
#5887=ORIENTED_EDGE('',*,*,#610,.F.);
#5888=CARTESIAN_POINT('',(76.2149753842,37.2516383033,-28.5));
#5889=DIRECTION('',(1.0,0.0,0.0));
#5890=VECTOR('',#5889,1.0);
#5891=LINE('',#5888,#5890);
#5892=EDGE_CURVE('n° 8241',#596,#4870,#5891,.T.);
#5893=ORIENTED_EDGE('',*,*,#5892,.T.);
#5894=EDGE_LOOP('',(#5885,#5886,#5887,#5893));
#5895=FACE_OUTER_BOUND('',#5894,.T.);
#5896=CARTESIAN_POINT('',(76.2149753842,24.2515875032,-28.5));
#5897=DIRECTION('',(0.0,-0.0,1.0));
#5898=DIRECTION('',(1.0,0.0,-0.0));
#5899=AXIS2_PLACEMENT_3D('',#5896,#5897,#5898);
#5900=PLANE('',#5899);
#5901=ADVANCED_FACE('n° 8370',(#5895),#5900,.F.);
#5902=ORIENTED_EDGE('',*,*,#4884,.T.);
#5903=ORIENTED_EDGE('',*,*,#5892,.F.);
#5904=ORIENTED_EDGE('',*,*,#602,.F.);
#5905=CARTESIAN_POINT('',(76.2149753842,37.7516383033,-29.0));
#5906=DIRECTION('',(1.0,0.0,0.0));
#5907=VECTOR('',#5906,1.0);
#5908=LINE('',#5905,#5907);
#5909=EDGE_CURVE('n° 8245',#588,#4878,#5908,.T.);
#5910=ORIENTED_EDGE('',*,*,#5909,.T.);
#5911=EDGE_LOOP('',(#5902,#5903,#5904,#5910));
#5912=FACE_OUTER_BOUND('',#5911,.T.);
#5913=CARTESIAN_POINT('',(76.2149753842,37.2516383033,-29.0));
#5914=DIRECTION('',(1.0,-0.0,-0.0));
#5915=DIRECTION('',(-0.0,0.0,-1.0));
#5916=AXIS2_PLACEMENT_3D('',#5913,#5914,#5915);
#5917=CYLINDRICAL_SURFACE('',#5916,0.5);
#5918=ADVANCED_FACE('n° 8378',(#5912),#5917,.F.);
#5919=ORIENTED_EDGE('',*,*,#4892,.T.);
#5920=ORIENTED_EDGE('',*,*,#5909,.F.);
#5921=ORIENTED_EDGE('',*,*,#593,.F.);
#5922=CARTESIAN_POINT('',(76.2149753842,37.7516383033,-34.5));
#5923=DIRECTION('',(1.0,0.0,0.0));
#5924=VECTOR('',#5923,1.0);
#5925=LINE('',#5922,#5924);
#5926=EDGE_CURVE('n° 8249',#579,#4887,#5925,.T.);
#5927=ORIENTED_EDGE('',*,*,#5926,.T.);
#5928=EDGE_LOOP('',(#5919,#5920,#5921,#5927));
#5929=FACE_OUTER_BOUND('',#5928,.T.);
#5930=CARTESIAN_POINT('',(76.2149753842,37.7516383033,-34.5));
#5931=DIRECTION('',(0.0,1.0,-0.0));
#5932=DIRECTION('',(0.0,0.0,1.0));
#5933=AXIS2_PLACEMENT_3D('',#5930,#5931,#5932);
#5934=PLANE('',#5933);
#5935=ADVANCED_FACE('n° 8386',(#5929),#5934,.F.);
#5936=ORIENTED_EDGE('',*,*,#4901,.T.);
#5937=ORIENTED_EDGE('',*,*,#5926,.F.);
#5938=ORIENTED_EDGE('',*,*,#585,.F.);
#5939=CARTESIAN_POINT('',(76.2149753842,37.2516383033,-35.0));
#5940=DIRECTION('',(1.0,0.0,0.0));
#5941=VECTOR('',#5940,1.0);
#5942=LINE('',#5939,#5941);
#5943=EDGE_CURVE('n° 8253',#571,#4895,#5942,.T.);
#5944=ORIENTED_EDGE('',*,*,#5943,.T.);
#5945=EDGE_LOOP('',(#5936,#5937,#5938,#5944));
#5946=FACE_OUTER_BOUND('',#5945,.T.);
#5947=CARTESIAN_POINT('',(76.2149753842,37.2516383033,-34.5));
#5948=DIRECTION('',(1.0,-0.0,-0.0));
#5949=DIRECTION('',(-0.0,0.0,-1.0));
#5950=AXIS2_PLACEMENT_3D('',#5947,#5948,#5949);
#5951=CYLINDRICAL_SURFACE('',#5950,0.5);
#5952=ADVANCED_FACE('n° 8394',(#5946),#5951,.F.);
#5953=ORIENTED_EDGE('',*,*,#4907,.T.);
#5954=ORIENTED_EDGE('',*,*,#5943,.F.);
#5955=ORIENTED_EDGE('',*,*,#576,.F.);
#5956=ORIENTED_EDGE('',*,*,#5834,.T.);
#5957=EDGE_LOOP('',(#5953,#5954,#5955,#5956));
#5958=FACE_OUTER_BOUND('',#5957,.T.);
#5959=CARTESIAN_POINT('',(76.2149753842,24.2515875032,-35.0));
#5960=DIRECTION('',(0.0,0.0,-1.0));
#5961=DIRECTION('',(-1.0,0.0,-0.0));
#5962=AXIS2_PLACEMENT_3D('',#5959,#5960,#5961);
#5963=PLANE('',#5962);
#5964=ADVANCED_FACE('n° 8402',(#5958),#5963,.F.);
#5965=ORIENTED_EDGE('',*,*,#4780,.T.);
#5966=CARTESIAN_POINT('',(76.2149753842,44.2516129032,-35.0));
#5967=DIRECTION('',(1.0,0.0,0.0));
#5968=VECTOR('',#5967,1.0);
#5969=LINE('',#5966,#5968);
#5970=EDGE_CURVE('n° 8002',#632,#4774,#5969,.T.);
#5971=ORIENTED_EDGE('',*,*,#5970,.F.);
#5972=ORIENTED_EDGE('',*,*,#638,.F.);
#5973=CARTESIAN_POINT('',(76.2149753842,43.7516129032,-34.5));
#5974=DIRECTION('',(1.0,0.0,0.0));
#5975=VECTOR('',#5974,1.0);
#5976=LINE('',#5973,#5975);
#5977=EDGE_CURVE('n° 8006',#624,#4772,#5976,.T.);
#5978=ORIENTED_EDGE('',*,*,#5977,.T.);
#5979=EDGE_LOOP('',(#5965,#5971,#5972,#5978));
#5980=FACE_OUTER_BOUND('',#5979,.T.);
#5981=CARTESIAN_POINT('',(76.2149753842,44.2516129032,-34.5));
#5982=DIRECTION('',(1.0,-0.0,-0.0));
#5983=DIRECTION('',(-0.0,0.0,-1.0));
#5984=AXIS2_PLACEMENT_3D('',#5981,#5982,#5983);
#5985=CYLINDRICAL_SURFACE('',#5984,0.5);
#5986=ADVANCED_FACE('n° 8123',(#5980),#5985,.F.);
#5987=ORIENTED_EDGE('',*,*,#4788,.T.);
#5988=ORIENTED_EDGE('',*,*,#5977,.F.);
#5989=ORIENTED_EDGE('',*,*,#629,.F.);
#5990=CARTESIAN_POINT('',(76.2149753842,43.7516129032,-29.0));
#5991=DIRECTION('',(1.0,0.0,0.0));
#5992=VECTOR('',#5991,1.0);
#5993=LINE('',#5990,#5992);
#5994=EDGE_CURVE('n° 8010',#622,#4783,#5993,.T.);
#5995=ORIENTED_EDGE('',*,*,#5994,.T.);
#5996=EDGE_LOOP('',(#5987,#5988,#5989,#5995));
#5997=FACE_OUTER_BOUND('',#5996,.T.);
#5998=CARTESIAN_POINT('',(76.2149753842,43.7516129032,-34.5));
#5999=DIRECTION('',(0.0,-1.0,0.0));
#6000=DIRECTION('',(0.0,-0.0,-1.0));
#6001=AXIS2_PLACEMENT_3D('',#5998,#5999,#6000);
#6002=PLANE('',#6001);
#6003=ADVANCED_FACE('n° 8131',(#5997),#6002,.F.);
#6004=ORIENTED_EDGE('',*,*,#4797,.T.);
#6005=ORIENTED_EDGE('',*,*,#5994,.F.);
#6006=ORIENTED_EDGE('',*,*,#687,.F.);
#6007=CARTESIAN_POINT('',(76.2149753842,44.2516129032,-28.5));
#6008=DIRECTION('',(1.0,0.0,0.0));
#6009=VECTOR('',#6008,1.0);
#6010=LINE('',#6007,#6009);
#6011=EDGE_CURVE('n° 8014',#675,#4791,#6010,.T.);
#6012=ORIENTED_EDGE('',*,*,#6011,.T.);
#6013=EDGE_LOOP('',(#6004,#6005,#6006,#6012));
#6014=FACE_OUTER_BOUND('',#6013,.T.);
#6015=CARTESIAN_POINT('',(76.2149753842,44.2516129032,-29.0));
#6016=DIRECTION('',(1.0,-0.0,-0.0));
#6017=DIRECTION('',(-0.0,0.0,-1.0));
#6018=AXIS2_PLACEMENT_3D('',#6015,#6016,#6017);
#6019=CYLINDRICAL_SURFACE('',#6018,0.5);
#6020=ADVANCED_FACE('n° 8139',(#6014),#6019,.F.);
#6021=ORIENTED_EDGE('',*,*,#4805,.T.);
#6022=ORIENTED_EDGE('',*,*,#6011,.F.);
#6023=ORIENTED_EDGE('',*,*,#680,.F.);
#6024=CARTESIAN_POINT('',(76.2149753842,57.2516637033,-28.5));
#6025=DIRECTION('',(1.0,0.0,0.0));
#6026=VECTOR('',#6025,1.0);
#6027=LINE('',#6024,#6026);
#6028=EDGE_CURVE('n° 8018',#666,#4800,#6027,.T.);
#6029=ORIENTED_EDGE('',*,*,#6028,.T.);
#6030=EDGE_LOOP('',(#6021,#6022,#6023,#6029));
#6031=FACE_OUTER_BOUND('',#6030,.T.);
#6032=CARTESIAN_POINT('',(76.2149753842,44.2516129032,-28.5));
#6033=DIRECTION('',(0.0,-0.0,1.0));
#6034=DIRECTION('',(1.0,0.0,-0.0));
#6035=AXIS2_PLACEMENT_3D('',#6032,#6033,#6034);
#6036=PLANE('',#6035);
#6037=ADVANCED_FACE('n° 8147',(#6031),#6036,.F.);
#6038=ORIENTED_EDGE('',*,*,#4814,.T.);
#6039=ORIENTED_EDGE('',*,*,#6028,.F.);
#6040=ORIENTED_EDGE('',*,*,#672,.F.);
#6041=CARTESIAN_POINT('',(76.2149753842,57.7516637033,-29.0));
#6042=DIRECTION('',(1.0,0.0,0.0));
#6043=VECTOR('',#6042,1.0);
#6044=LINE('',#6041,#6043);
#6045=EDGE_CURVE('n° 8022',#658,#4808,#6044,.T.);
#6046=ORIENTED_EDGE('',*,*,#6045,.T.);
#6047=EDGE_LOOP('',(#6038,#6039,#6040,#6046));
#6048=FACE_OUTER_BOUND('',#6047,.T.);
#6049=CARTESIAN_POINT('',(76.2149753842,57.2516637033,-29.0));
#6050=DIRECTION('',(1.0,-0.0,-0.0));
#6051=DIRECTION('',(-0.0,0.0,-1.0));
#6052=AXIS2_PLACEMENT_3D('',#6049,#6050,#6051);
#6053=CYLINDRICAL_SURFACE('',#6052,0.5);
#6054=ADVANCED_FACE('n° 8155',(#6048),#6053,.F.);
#6055=ORIENTED_EDGE('',*,*,#4822,.T.);
#6056=ORIENTED_EDGE('',*,*,#6045,.F.);
#6057=ORIENTED_EDGE('',*,*,#663,.F.);
#6058=CARTESIAN_POINT('',(76.2149753842,57.7516637033,-34.5));
#6059=DIRECTION('',(1.0,0.0,0.0));
#6060=VECTOR('',#6059,1.0);
#6061=LINE('',#6058,#6060);
#6062=EDGE_CURVE('n° 8026',#649,#4817,#6061,.T.);
#6063=ORIENTED_EDGE('',*,*,#6062,.T.);
#6064=EDGE_LOOP('',(#6055,#6056,#6057,#6063));
#6065=FACE_OUTER_BOUND('',#6064,.T.);
#6066=CARTESIAN_POINT('',(76.2149753842,57.7516637033,-34.5));
#6067=DIRECTION('',(0.0,1.0,-0.0));
#6068=DIRECTION('',(0.0,0.0,1.0));
#6069=AXIS2_PLACEMENT_3D('',#6066,#6067,#6068);
#6070=PLANE('',#6069);
#6071=ADVANCED_FACE('n° 8163',(#6065),#6070,.F.);
#6072=ORIENTED_EDGE('',*,*,#4831,.T.);
#6073=ORIENTED_EDGE('',*,*,#6062,.F.);
#6074=ORIENTED_EDGE('',*,*,#655,.F.);
#6075=CARTESIAN_POINT('',(76.2149753842,57.2516637033,-35.0));
#6076=DIRECTION('',(1.0,0.0,0.0));
#6077=VECTOR('',#6076,1.0);
#6078=LINE('',#6075,#6077);
#6079=EDGE_CURVE('n° 8030',#641,#4825,#6078,.T.);
#6080=ORIENTED_EDGE('',*,*,#6079,.T.);
#6081=EDGE_LOOP('',(#6072,#6073,#6074,#6080));
#6082=FACE_OUTER_BOUND('',#6081,.T.);
#6083=CARTESIAN_POINT('',(76.2149753842,57.2516637033,-34.5));
#6084=DIRECTION('',(1.0,-0.0,-0.0));
#6085=DIRECTION('',(-0.0,0.0,-1.0));
#6086=AXIS2_PLACEMENT_3D('',#6083,#6084,#6085);
#6087=CYLINDRICAL_SURFACE('',#6086,0.5);
#6088=ADVANCED_FACE('n° 8171',(#6082),#6087,.F.);
#6089=ORIENTED_EDGE('',*,*,#4837,.T.);
#6090=ORIENTED_EDGE('',*,*,#6079,.F.);
#6091=ORIENTED_EDGE('',*,*,#646,.F.);
#6092=ORIENTED_EDGE('',*,*,#5970,.T.);
#6093=EDGE_LOOP('',(#6089,#6090,#6091,#6092));
#6094=FACE_OUTER_BOUND('',#6093,.T.);
#6095=CARTESIAN_POINT('',(76.2149753842,44.2516129032,-35.0));
#6096=DIRECTION('',(0.0,0.0,-1.0));
#6097=DIRECTION('',(-1.0,0.0,-0.0));
#6098=AXIS2_PLACEMENT_3D('',#6095,#6096,#6097);
#6099=PLANE('',#6098);
#6100=ADVANCED_FACE('n° 8179',(#6094),#6099,.F.);
#6101=ORIENTED_EDGE('',*,*,#4710,.T.);
#6102=CARTESIAN_POINT('',(76.2149753842,64.2516637033,-35.0));
#6103=DIRECTION('',(1.0,0.0,0.0));
#6104=VECTOR('',#6103,1.0);
#6105=LINE('',#6102,#6104);
#6106=EDGE_CURVE('n° 7779',#702,#4704,#6105,.T.);
#6107=ORIENTED_EDGE('',*,*,#6106,.F.);
#6108=ORIENTED_EDGE('',*,*,#708,.F.);
#6109=CARTESIAN_POINT('',(76.2149753842,63.7516637033,-34.5));
#6110=DIRECTION('',(1.0,0.0,0.0));
#6111=VECTOR('',#6110,1.0);
#6112=LINE('',#6109,#6111);
#6113=EDGE_CURVE('n° 7783',#694,#4702,#6112,.T.);
#6114=ORIENTED_EDGE('',*,*,#6113,.T.);
#6115=EDGE_LOOP('',(#6101,#6107,#6108,#6114));
#6116=FACE_OUTER_BOUND('',#6115,.T.);
#6117=CARTESIAN_POINT('',(76.2149753842,64.2516637033,-34.5));
#6118=DIRECTION('',(1.0,-0.0,-0.0));
#6119=DIRECTION('',(-0.0,0.0,-1.0));
#6120=AXIS2_PLACEMENT_3D('',#6117,#6118,#6119);
#6121=CYLINDRICAL_SURFACE('',#6120,0.5);
#6122=ADVANCED_FACE('n° 7900',(#6116),#6121,.F.);
#6123=ORIENTED_EDGE('',*,*,#4718,.T.);
#6124=ORIENTED_EDGE('',*,*,#6113,.F.);
#6125=ORIENTED_EDGE('',*,*,#699,.F.);
#6126=CARTESIAN_POINT('',(76.2149753842,63.7516637033,-29.0));
#6127=DIRECTION('',(1.0,0.0,0.0));
#6128=VECTOR('',#6127,1.0);
#6129=LINE('',#6126,#6128);
#6130=EDGE_CURVE('n° 7787',#692,#4713,#6129,.T.);
#6131=ORIENTED_EDGE('',*,*,#6130,.T.);
#6132=EDGE_LOOP('',(#6123,#6124,#6125,#6131));
#6133=FACE_OUTER_BOUND('',#6132,.T.);
#6134=CARTESIAN_POINT('',(76.2149753842,63.7516637033,-34.5));
#6135=DIRECTION('',(0.0,-1.0,0.0));
#6136=DIRECTION('',(0.0,-0.0,-1.0));
#6137=AXIS2_PLACEMENT_3D('',#6134,#6135,#6136);
#6138=PLANE('',#6137);
#6139=ADVANCED_FACE('n° 7908',(#6133),#6138,.F.);
#6140=ORIENTED_EDGE('',*,*,#4727,.T.);
#6141=ORIENTED_EDGE('',*,*,#6130,.F.);
#6142=ORIENTED_EDGE('',*,*,#757,.F.);
#6143=CARTESIAN_POINT('',(76.2149753842,64.2516637033,-28.5));
#6144=DIRECTION('',(1.0,0.0,0.0));
#6145=VECTOR('',#6144,1.0);
#6146=LINE('',#6143,#6145);
#6147=EDGE_CURVE('n° 7791',#745,#4721,#6146,.T.);
#6148=ORIENTED_EDGE('',*,*,#6147,.T.);
#6149=EDGE_LOOP('',(#6140,#6141,#6142,#6148));
#6150=FACE_OUTER_BOUND('',#6149,.T.);
#6151=CARTESIAN_POINT('',(76.2149753842,64.2516637033,-29.0));
#6152=DIRECTION('',(1.0,-0.0,-0.0));
#6153=DIRECTION('',(-0.0,0.0,-1.0));
#6154=AXIS2_PLACEMENT_3D('',#6151,#6152,#6153);
#6155=CYLINDRICAL_SURFACE('',#6154,0.5);
#6156=ADVANCED_FACE('n° 7916',(#6150),#6155,.F.);
#6157=ORIENTED_EDGE('',*,*,#4735,.T.);
#6158=ORIENTED_EDGE('',*,*,#6147,.F.);
#6159=ORIENTED_EDGE('',*,*,#750,.F.);
#6160=CARTESIAN_POINT('',(76.2149753842,77.2517145034,-28.5));
#6161=DIRECTION('',(1.0,0.0,0.0));
#6162=VECTOR('',#6161,1.0);
#6163=LINE('',#6160,#6162);
#6164=EDGE_CURVE('n° 7795',#736,#4730,#6163,.T.);
#6165=ORIENTED_EDGE('',*,*,#6164,.T.);
#6166=EDGE_LOOP('',(#6157,#6158,#6159,#6165));
#6167=FACE_OUTER_BOUND('',#6166,.T.);
#6168=CARTESIAN_POINT('',(76.2149753842,64.2516637033,-28.5));
#6169=DIRECTION('',(0.0,-0.0,1.0));
#6170=DIRECTION('',(1.0,0.0,-0.0));
#6171=AXIS2_PLACEMENT_3D('',#6168,#6169,#6170);
#6172=PLANE('',#6171);
#6173=ADVANCED_FACE('n° 7924',(#6167),#6172,.F.);
#6174=ORIENTED_EDGE('',*,*,#4744,.T.);
#6175=ORIENTED_EDGE('',*,*,#6164,.F.);
#6176=ORIENTED_EDGE('',*,*,#742,.F.);
#6177=CARTESIAN_POINT('',(76.2149753842,77.7517145034,-29.0));
#6178=DIRECTION('',(1.0,0.0,0.0));
#6179=VECTOR('',#6178,1.0);
#6180=LINE('',#6177,#6179);
#6181=EDGE_CURVE('n° 7799',#728,#4738,#6180,.T.);
#6182=ORIENTED_EDGE('',*,*,#6181,.T.);
#6183=EDGE_LOOP('',(#6174,#6175,#6176,#6182));
#6184=FACE_OUTER_BOUND('',#6183,.T.);
#6185=CARTESIAN_POINT('',(76.2149753842,77.2517145034,-29.0));
#6186=DIRECTION('',(1.0,-0.0,-0.0));
#6187=DIRECTION('',(-0.0,0.0,-1.0));
#6188=AXIS2_PLACEMENT_3D('',#6185,#6186,#6187);
#6189=CYLINDRICAL_SURFACE('',#6188,0.5);
#6190=ADVANCED_FACE('n° 7932',(#6184),#6189,.F.);
#6191=ORIENTED_EDGE('',*,*,#4752,.T.);
#6192=ORIENTED_EDGE('',*,*,#6181,.F.);
#6193=ORIENTED_EDGE('',*,*,#733,.F.);
#6194=CARTESIAN_POINT('',(76.2149753842,77.7517145034,-34.5));
#6195=DIRECTION('',(1.0,0.0,0.0));
#6196=VECTOR('',#6195,1.0);
#6197=LINE('',#6194,#6196);
#6198=EDGE_CURVE('n° 7803',#719,#4747,#6197,.T.);
#6199=ORIENTED_EDGE('',*,*,#6198,.T.);
#6200=EDGE_LOOP('',(#6191,#6192,#6193,#6199));
#6201=FACE_OUTER_BOUND('',#6200,.T.);
#6202=CARTESIAN_POINT('',(76.2149753842,77.7517145034,-34.5));
#6203=DIRECTION('',(0.0,1.0,-0.0));
#6204=DIRECTION('',(0.0,0.0,1.0));
#6205=AXIS2_PLACEMENT_3D('',#6202,#6203,#6204);
#6206=PLANE('',#6205);
#6207=ADVANCED_FACE('n° 7940',(#6201),#6206,.F.);
#6208=ORIENTED_EDGE('',*,*,#4761,.T.);
#6209=ORIENTED_EDGE('',*,*,#6198,.F.);
#6210=ORIENTED_EDGE('',*,*,#725,.F.);
#6211=CARTESIAN_POINT('',(76.2149753842,77.2517145034,-35.0));
#6212=DIRECTION('',(1.0,0.0,0.0));
#6213=VECTOR('',#6212,1.0);
#6214=LINE('',#6211,#6213);
#6215=EDGE_CURVE('n° 7807',#711,#4755,#6214,.T.);
#6216=ORIENTED_EDGE('',*,*,#6215,.T.);
#6217=EDGE_LOOP('',(#6208,#6209,#6210,#6216));
#6218=FACE_OUTER_BOUND('',#6217,.T.);
#6219=CARTESIAN_POINT('',(76.2149753842,77.2517145034,-34.5));
#6220=DIRECTION('',(1.0,-0.0,-0.0));
#6221=DIRECTION('',(-0.0,0.0,-1.0));
#6222=AXIS2_PLACEMENT_3D('',#6219,#6220,#6221);
#6223=CYLINDRICAL_SURFACE('',#6222,0.5);
#6224=ADVANCED_FACE('n° 7948',(#6218),#6223,.F.);
#6225=ORIENTED_EDGE('',*,*,#4767,.T.);
#6226=ORIENTED_EDGE('',*,*,#6215,.F.);
#6227=ORIENTED_EDGE('',*,*,#716,.F.);
#6228=ORIENTED_EDGE('',*,*,#6106,.T.);
#6229=EDGE_LOOP('',(#6225,#6226,#6227,#6228));
#6230=FACE_OUTER_BOUND('',#6229,.T.);
#6231=CARTESIAN_POINT('',(76.2149753842,64.2516637033,-35.0));
#6232=DIRECTION('',(0.0,0.0,-1.0));
#6233=DIRECTION('',(-1.0,0.0,-0.0));
#6234=AXIS2_PLACEMENT_3D('',#6231,#6232,#6233);
#6235=PLANE('',#6234);
#6236=ADVANCED_FACE('n° 7956',(#6230),#6235,.F.);
#6237=CARTESIAN_POINT('',(74.1953665449,12.1515621031,-39.0));
#6238=VERTEX_POINT('',#6237);
#6239=CARTESIAN_POINT('',(74.1953665449,9.3515621031,-39.0));
#6240=DIRECTION('',(-0.0,0.0,1.0));
#6241=DIRECTION('',(0.0,1.0,-0.0));
#6242=AXIS2_PLACEMENT_3D('',#6239,#6240,#6241);
#6243=CIRCLE('',#6242,2.8);
#6244=EDGE_CURVE('n° 9479',#6238,#6238,#6243,.T.);
#6245=ORIENTED_EDGE('',*,*,#6244,.F.);
#6246=EDGE_LOOP('',(#6245));
#6247=FACE_OUTER_BOUND('',#6246,.T.);
#6248=CARTESIAN_POINT('',(95.195417345,12.1515621031,-39.0));
#6249=VERTEX_POINT('',#6248);
#6250=CARTESIAN_POINT('',(95.195417345,9.3515621031,-39.0));
#6251=DIRECTION('',(-0.0,0.0,1.0));
#6252=DIRECTION('',(0.0,1.0,-0.0));
#6253=AXIS2_PLACEMENT_3D('',#6250,#6251,#6252);
#6254=CIRCLE('',#6253,2.8);
#6255=EDGE_CURVE('n° 9418',#6249,#6249,#6254,.T.);
#6256=ORIENTED_EDGE('',*,*,#6255,.F.);
#6257=EDGE_LOOP('',(#6256));
#6258=FACE_BOUND('',#6257,.T.);
#6259=CARTESIAN_POINT('',(95.7143665449,61.7105621031,-39.0));
#6260=VERTEX_POINT('',#6259);
#6261=CARTESIAN_POINT('',(95.7143665449,58.8105621031,-39.0));
#6262=DIRECTION('',(-0.0,0.0,1.0));
#6263=DIRECTION('',(0.0,1.0,-0.0));
#6264=AXIS2_PLACEMENT_3D('',#6261,#6262,#6263);
#6265=CIRCLE('',#6264,2.9);
#6266=EDGE_CURVE('n° 9358',#6260,#6260,#6265,.T.);
#6267=ORIENTED_EDGE('',*,*,#6266,.F.);
#6268=EDGE_LOOP('',(#6267));
#6269=FACE_BOUND('',#6268,.T.);
#6270=CARTESIAN_POINT('',(74.1953665449,72.9177621031,-39.0));
#6271=VERTEX_POINT('',#6270);
#6272=CARTESIAN_POINT('',(74.1953665449,70.1177621031,-39.0));
#6273=DIRECTION('',(-0.0,0.0,1.0));
#6274=DIRECTION('',(0.0,1.0,-0.0));
#6275=AXIS2_PLACEMENT_3D('',#6272,#6273,#6274);
#6276=CIRCLE('',#6275,2.8);
#6277=EDGE_CURVE('n° 9297',#6271,#6271,#6276,.T.);
#6278=ORIENTED_EDGE('',*,*,#6277,.F.);
#6279=EDGE_LOOP('',(#6278));
#6280=FACE_BOUND('',#6279,.T.);
#6281=CARTESIAN_POINT('',(70.2837567074,4.0081335296,-39.0));
#6282=VERTEX_POINT('',#6281);
#6283=CARTESIAN_POINT('',(70.2837567074,4.0081335296,-39.0));
#6284=DIRECTION('',(-1.0,0.0,0.0));
#6285=VECTOR('',#6284,1.0);
#6286=LINE('',#6283,#6285);
#6287=EDGE_CURVE('n° 9110',#795,#6282,#6286,.T.);
#6288=ORIENTED_EDGE('',*,*,#6287,.F.);
#6289=ORIENTED_EDGE('',*,*,#800,.T.);
#6290=CARTESIAN_POINT('',(98.3230784728,80.1856997714,-39.0));
#6291=VERTEX_POINT('',#6290);
#6292=CARTESIAN_POINT('',(98.3230784728,77.2856997714,-39.0));
#6293=DIRECTION('',(0.0,-0.0,-1.0));
#6294=DIRECTION('',(0.0,1.0,-0.0));
#6295=AXIS2_PLACEMENT_3D('',#6292,#6293,#6294);
#6296=CIRCLE('',#6295,2.9);
#6297=EDGE_CURVE('n° 9101',#6291,#787,#6296,.T.);
#6298=ORIENTED_EDGE('',*,*,#6297,.F.);
#6299=CARTESIAN_POINT('',(73.1837567074,80.1856997714,-39.0));
#6300=VERTEX_POINT('',#6299);
#6301=CARTESIAN_POINT('',(73.1837567074,80.1856997714,-39.0));
#6302=DIRECTION('',(1.0,0.0,0.0));
#6303=VECTOR('',#6302,1.0);
#6304=LINE('',#6301,#6303);
#6305=EDGE_CURVE('n° 9123',#6300,#6291,#6304,.T.);
#6306=ORIENTED_EDGE('',*,*,#6305,.F.);
#6307=CARTESIAN_POINT('',(70.2837567074,77.2856997714,-39.0));
#6308=VERTEX_POINT('',#6307);
#6309=CARTESIAN_POINT('',(73.1837567074,77.2856997714,-39.0));
#6310=DIRECTION('',(0.0,-0.0,-1.0));
#6311=DIRECTION('',(0.0,1.0,-0.0));
#6312=AXIS2_PLACEMENT_3D('',#6309,#6310,#6311);
#6313=CIRCLE('',#6312,2.9);
#6314=EDGE_CURVE('n° 9118',#6308,#6300,#6313,.T.);
#6315=ORIENTED_EDGE('',*,*,#6314,.F.);
#6316=CARTESIAN_POINT('',(70.2837567074,77.2856997714,-39.0));
#6317=DIRECTION('',(-0.0,1.0,-0.0));
#6318=VECTOR('',#6317,1.0);
#6319=LINE('',#6316,#6318);
#6320=EDGE_CURVE('n° 9113',#6282,#6308,#6319,.T.);
#6321=ORIENTED_EDGE('',*,*,#6320,.F.);
#6322=EDGE_LOOP('',(#6288,#6289,#6298,#6306,#6315,#6321));
#6323=FACE_BOUND('',#6322,.T.);
#6324=CARTESIAN_POINT('',(98.3149753842,6.9,-39.0));
#6325=DIRECTION('',(0.0,-0.0,-1.0));
#6326=DIRECTION('',(-1.0,0.0,-0.0));
#6327=AXIS2_PLACEMENT_3D('',#6324,#6325,#6326);
#6328=PLANE('',#6327);
#6329=ADVANCED_FACE('n° 9161',(#6247,#6258,#6269,#6280,#6323),#6328,.F.);
#6330=ORIENTED_EDGE('',*,*,#6297,.T.);
#6331=ORIENTED_EDGE('',*,*,#792,.T.);
#6332=ORIENTED_EDGE('',*,*,#839,.F.);
#6333=CARTESIAN_POINT('',(98.3230784728,80.1856997714,43.2208199292));
#6334=DIRECTION('',(0.0,0.0,-1.0));
#6335=VECTOR('',#6334,1.0);
#6336=LINE('',#6333,#6335);
#6337=EDGE_CURVE('n° 9124',#6291,#825,#6336,.T.);
#6338=ORIENTED_EDGE('',*,*,#6337,.F.);
#6339=EDGE_LOOP('',(#6330,#6331,#6332,#6338));
#6340=FACE_OUTER_BOUND('',#6339,.T.);
#6341=CARTESIAN_POINT('',(98.3230784728,77.2856997714,43.2208199292));
#6342=DIRECTION('',(-0.0,-0.0,-1.0));
#6343=DIRECTION('',(-1.0,0.0,0.0));
#6344=AXIS2_PLACEMENT_3D('',#6341,#6342,#6343);
#6345=CYLINDRICAL_SURFACE('',#6344,2.9);
#6346=ADVANCED_FACE('n° 9166',(#6340),#6345,.T.);
#6347=ORIENTED_EDGE('',*,*,#857,.T.);
#6348=ORIENTED_EDGE('',*,*,#808,.T.);
#6349=ORIENTED_EDGE('',*,*,#6287,.T.);
#6350=CARTESIAN_POINT('',(70.2837567074,4.0081335296,43.2208199292));
#6351=DIRECTION('',(0.0,0.0,-1.0));
#6352=VECTOR('',#6351,1.0);
#6353=LINE('',#6350,#6352);
#6354=EDGE_CURVE('n° 9111',#6282,#852,#6353,.T.);
#6355=ORIENTED_EDGE('',*,*,#6354,.T.);
#6356=EDGE_LOOP('',(#6347,#6348,#6349,#6355));
#6357=FACE_OUTER_BOUND('',#6356,.T.);
#6358=CARTESIAN_POINT('',(70.2837567074,4.0081335296,43.2208199292));
#6359=DIRECTION('',(0.0,1.0,0.0));
#6360=DIRECTION('',(0.0,-0.0,1.0));
#6361=AXIS2_PLACEMENT_3D('',#6358,#6359,#6360);
#6362=PLANE('',#6361);
#6363=ADVANCED_FACE('n° 9170',(#6357),#6362,.F.);
#6364=ORIENTED_EDGE('',*,*,#6354,.F.);
#6365=ORIENTED_EDGE('',*,*,#6320,.T.);
#6366=CARTESIAN_POINT('',(70.2837567074,77.2856997714,43.2208199292));
#6367=DIRECTION('',(0.0,0.0,-1.0));
#6368=VECTOR('',#6367,1.0);
#6369=LINE('',#6366,#6368);
#6370=EDGE_CURVE('n° 9114',#6308,#860,#6369,.T.);
#6371=ORIENTED_EDGE('',*,*,#6370,.T.);
#6372=ORIENTED_EDGE('',*,*,#865,.T.);
#6373=EDGE_LOOP('',(#6364,#6365,#6371,#6372));
#6374=FACE_OUTER_BOUND('',#6373,.T.);
#6375=CARTESIAN_POINT('',(70.2837567074,77.2856997714,43.2208199292));
#6376=DIRECTION('',(1.0,0.0,-0.0));
#6377=DIRECTION('',(-0.0,1.0,0.0));
#6378=AXIS2_PLACEMENT_3D('',#6375,#6376,#6377);
#6379=PLANE('',#6378);
#6380=ADVANCED_FACE('n° 9177',(#6374),#6379,.F.);
#6381=ORIENTED_EDGE('',*,*,#6370,.F.);
#6382=ORIENTED_EDGE('',*,*,#6314,.T.);
#6383=CARTESIAN_POINT('',(73.1837567074,80.1856997714,43.2208199292));
#6384=DIRECTION('',(0.0,0.0,-1.0));
#6385=VECTOR('',#6384,1.0);
#6386=LINE('',#6383,#6385);
#6387=EDGE_CURVE('n° 9119',#6300,#827,#6386,.T.);
#6388=ORIENTED_EDGE('',*,*,#6387,.T.);
#6389=ORIENTED_EDGE('',*,*,#872,.T.);
#6390=EDGE_LOOP('',(#6381,#6382,#6388,#6389));
#6391=FACE_OUTER_BOUND('',#6390,.T.);
#6392=CARTESIAN_POINT('',(73.1837567074,77.2856997714,43.2208199292));
#6393=DIRECTION('',(-0.0,-0.0,-1.0));
#6394=DIRECTION('',(-1.0,0.0,0.0));
#6395=AXIS2_PLACEMENT_3D('',#6392,#6393,#6394);
#6396=CYLINDRICAL_SURFACE('',#6395,2.9);
#6397=ADVANCED_FACE('n° 9181',(#6391),#6396,.T.);
#6398=ORIENTED_EDGE('',*,*,#6387,.F.);
#6399=ORIENTED_EDGE('',*,*,#6305,.T.);
#6400=ORIENTED_EDGE('',*,*,#6337,.T.);
#6401=ORIENTED_EDGE('',*,*,#832,.T.);
#6402=EDGE_LOOP('',(#6398,#6399,#6400,#6401));
#6403=FACE_OUTER_BOUND('',#6402,.T.);
#6404=CARTESIAN_POINT('',(73.1837567074,80.1856997714,43.2208199292));
#6405=DIRECTION('',(0.0,-1.0,0.0));
#6406=DIRECTION('',(0.0,-0.0,-1.0));
#6407=AXIS2_PLACEMENT_3D('',#6404,#6405,#6406);
#6408=PLANE('',#6407);
#6409=ADVANCED_FACE('n° 9185',(#6403),#6408,.F.);
#6410=CARTESIAN_POINT('',(74.1953665449,72.9177621031,-37.0));
#6411=VERTEX_POINT('',#6410);
#6412=CARTESIAN_POINT('',(74.1953665449,70.1177621031,-37.0));
#6413=DIRECTION('',(0.0,-0.0,-1.0));
#6414=DIRECTION('',(0.0,1.0,-0.0));
#6415=AXIS2_PLACEMENT_3D('',#6412,#6413,#6414);
#6416=CIRCLE('',#6415,2.8);
#6417=EDGE_CURVE('n° 9308',#6411,#6411,#6416,.T.);
#6418=ORIENTED_EDGE('',*,*,#6417,.T.);
#6419=EDGE_LOOP('',(#6418));
#6420=FACE_OUTER_BOUND('',#6419,.T.);
#6421=ORIENTED_EDGE('',*,*,#6277,.T.);
#6422=EDGE_LOOP('',(#6421));
#6423=FACE_BOUND('',#6422,.T.);
#6424=CARTESIAN_POINT('',(74.1953665449,70.1177621031,-28.7975613382));
#6425=DIRECTION('',(-0.0,-0.0,-1.0));
#6426=DIRECTION('',(-1.0,0.0,0.0));
#6427=AXIS2_PLACEMENT_3D('',#6424,#6425,#6426);
#6428=CYLINDRICAL_SURFACE('',#6427,2.8);
#6429=ADVANCED_FACE('n° 9317',(#6420,#6423),#6428,.T.);
#6430=CARTESIAN_POINT('',(74.1953665449,71.8177621031,-37.0));
#6431=VERTEX_POINT('',#6430);
#6432=CARTESIAN_POINT('',(74.1953665449,70.1177621031,-37.0));
#6433=DIRECTION('',(0.0,-0.0,-1.0));
#6434=DIRECTION('',(0.0,1.0,-0.0));
#6435=AXIS2_PLACEMENT_3D('',#6432,#6433,#6434);
#6436=CIRCLE('',#6435,1.7);
#6437=EDGE_CURVE('n° 9312',#6431,#6431,#6436,.T.);
#6438=ORIENTED_EDGE('',*,*,#6437,.F.);
#6439=EDGE_LOOP('',(#6438));
#6440=FACE_OUTER_BOUND('',#6439,.T.);
#6441=CARTESIAN_POINT('',(75.8953665449,70.1177621031,-39.0));
#6442=VERTEX_POINT('',#6441);
#6443=CARTESIAN_POINT('',(74.1953665449,70.1177621031,-39.0));
#6444=DIRECTION('',(0.0,0.0,1.0));
#6445=DIRECTION('',(1.0,0.0,-0.0));
#6446=AXIS2_PLACEMENT_3D('',#6443,#6444,#6445);
#6447=CIRCLE('',#6446,1.7);
#6448=EDGE_CURVE('n° 9305',#6442,#6442,#6447,.T.);
#6449=ORIENTED_EDGE('',*,*,#6448,.F.);
#6450=EDGE_LOOP('',(#6449));
#6451=FACE_BOUND('',#6450,.T.);
#6452=CARTESIAN_POINT('',(74.1953665449,70.1177621031,-28.7975613382));
#6453=DIRECTION('',(-0.0,-0.0,-1.0));
#6454=DIRECTION('',(-1.0,0.0,0.0));
#6455=AXIS2_PLACEMENT_3D('',#6452,#6453,#6454);
#6456=CYLINDRICAL_SURFACE('',#6455,1.7);
#6457=ADVANCED_FACE('n° 9322',(#6440,#6451),#6456,.F.);
#6458=ORIENTED_EDGE('',*,*,#6437,.T.);
#6459=EDGE_LOOP('',(#6458));
#6460=FACE_OUTER_BOUND('',#6459,.T.);
#6461=ORIENTED_EDGE('',*,*,#6417,.F.);
#6462=EDGE_LOOP('',(#6461));
#6463=FACE_BOUND('',#6462,.T.);
#6464=CARTESIAN_POINT('',(95.7143665449,58.8105621031,-37.0));
#6465=DIRECTION('',(0.0,-0.0,-1.0));
#6466=DIRECTION('',(-1.0,0.0,-0.0));
#6467=AXIS2_PLACEMENT_3D('',#6464,#6465,#6466);
#6468=PLANE('',#6467);
#6469=ADVANCED_FACE('n° 9327',(#6460,#6463),#6468,.F.);
#6470=ORIENTED_EDGE('',*,*,#6448,.T.);
#6471=EDGE_LOOP('',(#6470));
#6472=FACE_OUTER_BOUND('',#6471,.T.);
#6473=CARTESIAN_POINT('',(98.3149753842,6.9,-39.0));
#6474=DIRECTION('',(0.0,-0.0,-1.0));
#6475=DIRECTION('',(-1.0,0.0,-0.0));
#6476=AXIS2_PLACEMENT_3D('',#6473,#6474,#6475);
#6477=PLANE('',#6476);
#6478=ADVANCED_FACE('n° 9294',(#6472),#6477,.F.);
#6479=CARTESIAN_POINT('',(92.8143665449,58.8105621031,-37.0));
#6480=VERTEX_POINT('',#6479);
#6481=CARTESIAN_POINT('',(95.7143665449,58.8105621031,-37.0));
#6482=DIRECTION('',(0.0,-0.0,-1.0));
#6483=DIRECTION('',(-1.0,0.0,-0.0));
#6484=AXIS2_PLACEMENT_3D('',#6481,#6482,#6483);
#6485=CIRCLE('',#6484,2.9);
#6486=EDGE_CURVE('n° 9369',#6480,#6480,#6485,.T.);
#6487=ORIENTED_EDGE('',*,*,#6486,.T.);
#6488=EDGE_LOOP('',(#6487));
#6489=FACE_OUTER_BOUND('',#6488,.T.);
#6490=ORIENTED_EDGE('',*,*,#6266,.T.);
#6491=EDGE_LOOP('',(#6490));
#6492=FACE_BOUND('',#6491,.T.);
#6493=CARTESIAN_POINT('',(95.7143665449,58.8105621031,-28.7975613382));
#6494=DIRECTION('',(-0.0,-0.0,-1.0));
#6495=DIRECTION('',(-1.0,0.0,0.0));
#6496=AXIS2_PLACEMENT_3D('',#6493,#6494,#6495);
#6497=CYLINDRICAL_SURFACE('',#6496,2.9);
#6498=ADVANCED_FACE('n° 9378',(#6489,#6492),#6497,.T.);
#6499=CARTESIAN_POINT('',(95.7143665449,60.5105621031,-37.0));
#6500=VERTEX_POINT('',#6499);
#6501=CARTESIAN_POINT('',(95.7143665449,58.8105621031,-37.0));
#6502=DIRECTION('',(0.0,-0.0,-1.0));
#6503=DIRECTION('',(0.0,1.0,-0.0));
#6504=AXIS2_PLACEMENT_3D('',#6501,#6502,#6503);
#6505=CIRCLE('',#6504,1.7);
#6506=EDGE_CURVE('n° 9373',#6500,#6500,#6505,.T.);
#6507=ORIENTED_EDGE('',*,*,#6506,.F.);
#6508=EDGE_LOOP('',(#6507));
#6509=FACE_OUTER_BOUND('',#6508,.T.);
#6510=CARTESIAN_POINT('',(97.4143665449,58.8105621031,-39.0));
#6511=VERTEX_POINT('',#6510);
#6512=CARTESIAN_POINT('',(95.7143665449,58.8105621031,-39.0));
#6513=DIRECTION('',(0.0,0.0,1.0));
#6514=DIRECTION('',(1.0,0.0,-0.0));
#6515=AXIS2_PLACEMENT_3D('',#6512,#6513,#6514);
#6516=CIRCLE('',#6515,1.7);
#6517=EDGE_CURVE('n° 9366',#6511,#6511,#6516,.T.);
#6518=ORIENTED_EDGE('',*,*,#6517,.F.);
#6519=EDGE_LOOP('',(#6518));
#6520=FACE_BOUND('',#6519,.T.);
#6521=CARTESIAN_POINT('',(95.7143665449,58.8105621031,-28.7975613382));
#6522=DIRECTION('',(-0.0,-0.0,-1.0));
#6523=DIRECTION('',(-1.0,0.0,0.0));
#6524=AXIS2_PLACEMENT_3D('',#6521,#6522,#6523);
#6525=CYLINDRICAL_SURFACE('',#6524,1.7);
#6526=ADVANCED_FACE('n° 9383',(#6509,#6520),#6525,.F.);
#6527=ORIENTED_EDGE('',*,*,#6506,.T.);
#6528=EDGE_LOOP('',(#6527));
#6529=FACE_OUTER_BOUND('',#6528,.T.);
#6530=ORIENTED_EDGE('',*,*,#6486,.F.);
#6531=EDGE_LOOP('',(#6530));
#6532=FACE_BOUND('',#6531,.T.);
#6533=CARTESIAN_POINT('',(95.7143665449,58.8105621031,-37.0));
#6534=DIRECTION('',(0.0,-0.0,-1.0));
#6535=DIRECTION('',(-1.0,0.0,-0.0));
#6536=AXIS2_PLACEMENT_3D('',#6533,#6534,#6535);
#6537=PLANE('',#6536);
#6538=ADVANCED_FACE('n° 9388',(#6529,#6532),#6537,.F.);
#6539=ORIENTED_EDGE('',*,*,#6517,.T.);
#6540=EDGE_LOOP('',(#6539));
#6541=FACE_OUTER_BOUND('',#6540,.T.);
#6542=CARTESIAN_POINT('',(98.3149753842,6.9,-39.0));
#6543=DIRECTION('',(0.0,-0.0,-1.0));
#6544=DIRECTION('',(-1.0,0.0,-0.0));
#6545=AXIS2_PLACEMENT_3D('',#6542,#6543,#6544);
#6546=PLANE('',#6545);
#6547=ADVANCED_FACE('n° 9355',(#6541),#6546,.F.);
#6548=CARTESIAN_POINT('',(95.195417345,12.1515621031,-37.0));
#6549=VERTEX_POINT('',#6548);
#6550=CARTESIAN_POINT('',(95.195417345,9.3515621031,-37.0));
#6551=DIRECTION('',(0.0,-0.0,-1.0));
#6552=DIRECTION('',(0.0,1.0,-0.0));
#6553=AXIS2_PLACEMENT_3D('',#6550,#6551,#6552);
#6554=CIRCLE('',#6553,2.8);
#6555=EDGE_CURVE('n° 9429',#6549,#6549,#6554,.T.);
#6556=ORIENTED_EDGE('',*,*,#6555,.T.);
#6557=EDGE_LOOP('',(#6556));
#6558=FACE_OUTER_BOUND('',#6557,.T.);
#6559=ORIENTED_EDGE('',*,*,#6255,.T.);
#6560=EDGE_LOOP('',(#6559));
#6561=FACE_BOUND('',#6560,.T.);
#6562=CARTESIAN_POINT('',(95.195417345,9.3515621031,-28.7975613382));
#6563=DIRECTION('',(-0.0,-0.0,-1.0));
#6564=DIRECTION('',(-1.0,0.0,0.0));
#6565=AXIS2_PLACEMENT_3D('',#6562,#6563,#6564);
#6566=CYLINDRICAL_SURFACE('',#6565,2.8);
#6567=ADVANCED_FACE('n° 9438',(#6558,#6561),#6566,.T.);
#6568=CARTESIAN_POINT('',(95.195417345,11.0515621031,-37.0));
#6569=VERTEX_POINT('',#6568);
#6570=CARTESIAN_POINT('',(95.195417345,9.3515621031,-37.0));
#6571=DIRECTION('',(0.0,-0.0,-1.0));
#6572=DIRECTION('',(0.0,1.0,-0.0));
#6573=AXIS2_PLACEMENT_3D('',#6570,#6571,#6572);
#6574=CIRCLE('',#6573,1.7);
#6575=EDGE_CURVE('n° 9433',#6569,#6569,#6574,.T.);
#6576=ORIENTED_EDGE('',*,*,#6575,.F.);
#6577=EDGE_LOOP('',(#6576));
#6578=FACE_OUTER_BOUND('',#6577,.T.);
#6579=CARTESIAN_POINT('',(96.895417345,9.3515621031,-39.0));
#6580=VERTEX_POINT('',#6579);
#6581=CARTESIAN_POINT('',(95.195417345,9.3515621031,-39.0));
#6582=DIRECTION('',(0.0,0.0,1.0));
#6583=DIRECTION('',(1.0,0.0,-0.0));
#6584=AXIS2_PLACEMENT_3D('',#6581,#6582,#6583);
#6585=CIRCLE('',#6584,1.7);
#6586=EDGE_CURVE('n° 9426',#6580,#6580,#6585,.T.);
#6587=ORIENTED_EDGE('',*,*,#6586,.F.);
#6588=EDGE_LOOP('',(#6587));
#6589=FACE_BOUND('',#6588,.T.);
#6590=CARTESIAN_POINT('',(95.195417345,9.3515621031,-28.7975613382));
#6591=DIRECTION('',(-0.0,-0.0,-1.0));
#6592=DIRECTION('',(-1.0,0.0,0.0));
#6593=AXIS2_PLACEMENT_3D('',#6590,#6591,#6592);
#6594=CYLINDRICAL_SURFACE('',#6593,1.7);
#6595=ADVANCED_FACE('n° 9443',(#6578,#6589),#6594,.F.);
#6596=ORIENTED_EDGE('',*,*,#6575,.T.);
#6597=EDGE_LOOP('',(#6596));
#6598=FACE_OUTER_BOUND('',#6597,.T.);
#6599=ORIENTED_EDGE('',*,*,#6555,.F.);
#6600=EDGE_LOOP('',(#6599));
#6601=FACE_BOUND('',#6600,.T.);
#6602=CARTESIAN_POINT('',(95.7143665449,58.8105621031,-37.0));
#6603=DIRECTION('',(0.0,-0.0,-1.0));
#6604=DIRECTION('',(-1.0,0.0,-0.0));
#6605=AXIS2_PLACEMENT_3D('',#6602,#6603,#6604);
#6606=PLANE('',#6605);
#6607=ADVANCED_FACE('n° 9448',(#6598,#6601),#6606,.F.);
#6608=ORIENTED_EDGE('',*,*,#6586,.T.);
#6609=EDGE_LOOP('',(#6608));
#6610=FACE_OUTER_BOUND('',#6609,.T.);
#6611=CARTESIAN_POINT('',(98.3149753842,6.9,-39.0));
#6612=DIRECTION('',(0.0,-0.0,-1.0));
#6613=DIRECTION('',(-1.0,0.0,-0.0));
#6614=AXIS2_PLACEMENT_3D('',#6611,#6612,#6613);
#6615=PLANE('',#6614);
#6616=ADVANCED_FACE('n° 9415',(#6610),#6615,.F.);
#6617=CARTESIAN_POINT('',(74.1953665449,12.1515621031,-37.0));
#6618=VERTEX_POINT('',#6617);
#6619=CARTESIAN_POINT('',(74.1953665449,9.3515621031,-37.0));
#6620=DIRECTION('',(0.0,-0.0,-1.0));
#6621=DIRECTION('',(0.0,1.0,-0.0));
#6622=AXIS2_PLACEMENT_3D('',#6619,#6620,#6621);
#6623=CIRCLE('',#6622,2.8);
#6624=EDGE_CURVE('n° 9490',#6618,#6618,#6623,.T.);
#6625=ORIENTED_EDGE('',*,*,#6624,.T.);
#6626=EDGE_LOOP('',(#6625));
#6627=FACE_OUTER_BOUND('',#6626,.T.);
#6628=ORIENTED_EDGE('',*,*,#6244,.T.);
#6629=EDGE_LOOP('',(#6628));
#6630=FACE_BOUND('',#6629,.T.);
#6631=CARTESIAN_POINT('',(74.1953665449,9.3515621031,-28.7975613382));
#6632=DIRECTION('',(-0.0,-0.0,-1.0));
#6633=DIRECTION('',(-1.0,0.0,0.0));
#6634=AXIS2_PLACEMENT_3D('',#6631,#6632,#6633);
#6635=CYLINDRICAL_SURFACE('',#6634,2.8);
#6636=ADVANCED_FACE('n° 9499',(#6627,#6630),#6635,.T.);
#6637=CARTESIAN_POINT('',(74.1953665449,11.0515621031,-37.0));
#6638=VERTEX_POINT('',#6637);
#6639=CARTESIAN_POINT('',(74.1953665449,9.3515621031,-37.0));
#6640=DIRECTION('',(0.0,-0.0,-1.0));
#6641=DIRECTION('',(0.0,1.0,-0.0));
#6642=AXIS2_PLACEMENT_3D('',#6639,#6640,#6641);
#6643=CIRCLE('',#6642,1.7);
#6644=EDGE_CURVE('n° 9494',#6638,#6638,#6643,.T.);
#6645=ORIENTED_EDGE('',*,*,#6644,.F.);
#6646=EDGE_LOOP('',(#6645));
#6647=FACE_OUTER_BOUND('',#6646,.T.);
#6648=CARTESIAN_POINT('',(75.8953665449,9.3515621031,-39.0));
#6649=VERTEX_POINT('',#6648);
#6650=CARTESIAN_POINT('',(74.1953665449,9.3515621031,-39.0));
#6651=DIRECTION('',(0.0,0.0,1.0));
#6652=DIRECTION('',(1.0,0.0,-0.0));
#6653=AXIS2_PLACEMENT_3D('',#6650,#6651,#6652);
#6654=CIRCLE('',#6653,1.7);
#6655=EDGE_CURVE('n° 9487',#6649,#6649,#6654,.T.);
#6656=ORIENTED_EDGE('',*,*,#6655,.F.);
#6657=EDGE_LOOP('',(#6656));
#6658=FACE_BOUND('',#6657,.T.);
#6659=CARTESIAN_POINT('',(74.1953665449,9.3515621031,-28.7975613382));
#6660=DIRECTION('',(-0.0,-0.0,-1.0));
#6661=DIRECTION('',(-1.0,0.0,0.0));
#6662=AXIS2_PLACEMENT_3D('',#6659,#6660,#6661);
#6663=CYLINDRICAL_SURFACE('',#6662,1.7);
#6664=ADVANCED_FACE('n° 9504',(#6647,#6658),#6663,.F.);
#6665=ORIENTED_EDGE('',*,*,#6644,.T.);
#6666=EDGE_LOOP('',(#6665));
#6667=FACE_OUTER_BOUND('',#6666,.T.);
#6668=ORIENTED_EDGE('',*,*,#6624,.F.);
#6669=EDGE_LOOP('',(#6668));
#6670=FACE_BOUND('',#6669,.T.);
#6671=CARTESIAN_POINT('',(95.7143665449,58.8105621031,-37.0));
#6672=DIRECTION('',(0.0,-0.0,-1.0));
#6673=DIRECTION('',(-1.0,0.0,-0.0));
#6674=AXIS2_PLACEMENT_3D('',#6671,#6672,#6673);
#6675=PLANE('',#6674);
#6676=ADVANCED_FACE('n° 9509',(#6667,#6670),#6675,.F.);
#6677=ORIENTED_EDGE('',*,*,#6655,.T.);
#6678=EDGE_LOOP('',(#6677));
#6679=FACE_OUTER_BOUND('',#6678,.T.);
#6680=CARTESIAN_POINT('',(98.3149753842,6.9,-39.0));
#6681=DIRECTION('',(0.0,-0.0,-1.0));
#6682=DIRECTION('',(-1.0,0.0,-0.0));
#6683=AXIS2_PLACEMENT_3D('',#6680,#6681,#6682);
#6684=PLANE('',#6683);
#6685=ADVANCED_FACE('n° 9476',(#6679),#6684,.F.);
#6686=ORIENTED_EDGE('',*,*,#2874,.F.);
#6687=ORIENTED_EDGE('',*,*,#4979,.F.);
#6688=ORIENTED_EDGE('',*,*,#1179,.F.);
#6689=ORIENTED_EDGE('',*,*,#4916,.F.);
#6690=EDGE_LOOP('',(#6686,#6687,#6688,#6689));
#6691=FACE_OUTER_BOUND('',#6690,.T.);
#6692=CARTESIAN_POINT('',(104.2149753842,213.7508837588,54.0));
#6693=DIRECTION('',(0.0,-1.0,0.0));
#6694=DIRECTION('',(0.0,-0.0,-1.0));
#6695=AXIS2_PLACEMENT_3D('',#6692,#6693,#6694);
#6696=CYLINDRICAL_SURFACE('',#6695,1.0);
#6697=ADVANCED_FACE('n° 9637',(#6691),#6696,.T.);
#6698=ORIENTED_EDGE('',*,*,#2954,.F.);
#6699=ORIENTED_EDGE('',*,*,#3141,.F.);
#6700=ORIENTED_EDGE('',*,*,#1196,.F.);
#6701=ORIENTED_EDGE('',*,*,#4986,.F.);
#6702=EDGE_LOOP('',(#6698,#6699,#6700,#6701));
#6703=FACE_OUTER_BOUND('',#6702,.T.);
#6704=CARTESIAN_POINT('',(30.2149753842,170.1783442381,55.0));
#6705=DIRECTION('',(0.0,-1.0,0.0));
#6706=DIRECTION('',(0.0,-0.0,-1.0));
#6707=AXIS2_PLACEMENT_3D('',#6704,#6705,#6706);
#6708=CYLINDRICAL_SURFACE('',#6707,5.0);
#6709=ADVANCED_FACE('n° 9711',(#6703),#6708,.F.);
#6710=ORIENTED_EDGE('',*,*,#253,.F.);
#6711=CARTESIAN_POINT('',(62.7943236331,90.0,29.0));
#6712=DIRECTION('',(0.4046304349,-0.0,-0.9144802957));
#6713=DIRECTION('',(-0.9144802957,-0.0,-0.4046304349));
#6714=AXIS2_PLACEMENT_3D('',#6711,#6712,#6713);
#6715=ELLIPSE('',#6714,24.7139096271,10.0);
#6716=EDGE_CURVE('n° 11444',#241,#2784,#6715,.T.);
#6717=ORIENTED_EDGE('',*,*,#6716,.T.);
#6718=ORIENTED_EDGE('',*,*,#2791,.T.);
#6719=CARTESIAN_POINT('',(78.1074876921,150.5368738976,35.7756213687));
#6720=DIRECTION('',(0.0,-1.0,0.0));
#6721=VECTOR('',#6720,1.0);
#6722=LINE('',#6719,#6721);
#6723=EDGE_CURVE('n° 10453',#2786,#156,#6722,.T.);
#6724=ORIENTED_EDGE('',*,*,#6723,.T.);
#6725=ORIENTED_EDGE('',*,*,#163,.T.);
#6726=EDGE_LOOP('',(#6710,#6717,#6718,#6724,#6725));
#6727=FACE_OUTER_BOUND('',#6726,.T.);
#6728=CARTESIAN_POINT('',(-0.4497200611,150.5368738976,1.0163845796));
#6729=DIRECTION('',(-0.4046304349,0.0,0.9144802957));
#6730=DIRECTION('',(0.9144802957,0.0,0.4046304349));
#6731=AXIS2_PLACEMENT_3D('',#6728,#6729,#6730);
#6732=PLANE('',#6731);
#6733=ADVANCED_FACE('n° 10489',(#6727),#6732,.F.);
#6734=ORIENTED_EDGE('',*,*,#2853,.F.);
#6735=ORIENTED_EDGE('',*,*,#768,.T.);
#6736=ORIENTED_EDGE('',*,*,#171,.F.);
#6737=ORIENTED_EDGE('',*,*,#6723,.F.);
#6738=EDGE_LOOP('',(#6734,#6735,#6736,#6737));
#6739=FACE_OUTER_BOUND('',#6738,.T.);
#6740=CARTESIAN_POINT('',(26.0261401331,150.5368738976,58.8200744987));
#6741=DIRECTION('',(-0.4046304349,0.0,-0.9144802957));
#6742=DIRECTION('',(-0.9144802957,0.0,0.4046304349));
#6743=AXIS2_PLACEMENT_3D('',#6740,#6741,#6742);
#6744=PLANE('',#6743);
#6745=ADVANCED_FACE('n° 10493',(#6739),#6744,.T.);
#6746=CARTESIAN_POINT('',(-51.5198213752,90.0,-46.8794856009));
#6747=VERTEX_POINT('',#6746);
#6748=VERTEX_LOOP('',#6747);
#6749=FACE_BOUND('',#6748,.T.);
#6750=CARTESIAN_POINT('',(-51.5198213752,90.8712478976,-45.4294856009));
#6751=VERTEX_POINT('',#6750);
#6752=CARTESIAN_POINT('',(-51.5198213752,90.8712478976,-46.8794856009));
#6753=DIRECTION('',(-0.0,1.0,-0.0));
#6754=DIRECTION('',(0.0,0.0,1.0));
#6755=AXIS2_PLACEMENT_3D('',#6752,#6753,#6754);
#6756=CIRCLE('',#6755,1.45);
#6757=EDGE_CURVE('n° 10801',#6751,#6751,#6756,.T.);
#6758=ORIENTED_EDGE('',*,*,#6757,.T.);
#6759=EDGE_LOOP('',(#6758));
#6760=FACE_BOUND('',#6759,.T.);
#6761=CARTESIAN_POINT('',(-51.5198213752,90.8712478976,-46.8794856009));
#6762=DIRECTION('',(-0.0,1.0,-0.0));
#6763=DIRECTION('',(0.0,0.0,1.0));
#6764=AXIS2_PLACEMENT_3D('',#6761,#6762,#6763);
#6765=CONICAL_SURFACE('',#6764,1.45,1.0297442587);
#6766=ADVANCED_FACE('n° 10807',(#6749,#6760),#6765,.F.);
#6767=ORIENTED_EDGE('',*,*,#6757,.F.);
#6768=EDGE_LOOP('',(#6767));
#6769=FACE_OUTER_BOUND('',#6768,.T.);
#6770=ORIENTED_EDGE('',*,*,#2779,.T.);
#6771=EDGE_LOOP('',(#6770));
#6772=FACE_BOUND('',#6771,.T.);
#6773=CARTESIAN_POINT('',(-51.5198213752,100.0,-46.8794856009));
#6774=DIRECTION('',(-0.0,1.0,-0.0));
#6775=DIRECTION('',(0.0,0.0,1.0));
#6776=AXIS2_PLACEMENT_3D('',#6773,#6774,#6775);
#6777=CYLINDRICAL_SURFACE('',#6776,1.45);
#6778=ADVANCED_FACE('n° 10812',(#6769,#6772),#6777,.F.);
#6779=CARTESIAN_POINT('',(-44.4680621818,90.0,50.3601486471));
#6780=VERTEX_POINT('',#6779);
#6781=VERTEX_LOOP('',#6780);
#6782=FACE_BOUND('',#6781,.T.);
#6783=CARTESIAN_POINT('',(-44.4680621818,90.8712478976,51.8101486471));
#6784=VERTEX_POINT('',#6783);
#6785=CARTESIAN_POINT('',(-44.4680621818,90.8712478976,50.3601486471));
#6786=DIRECTION('',(-0.0,1.0,-0.0));
#6787=DIRECTION('',(0.0,0.0,1.0));
#6788=AXIS2_PLACEMENT_3D('',#6785,#6786,#6787);
#6789=CIRCLE('',#6788,1.45);
#6790=EDGE_CURVE('n° 10847',#6784,#6784,#6789,.T.);
#6791=ORIENTED_EDGE('',*,*,#6790,.T.);
#6792=EDGE_LOOP('',(#6791));
#6793=FACE_BOUND('',#6792,.T.);
#6794=CARTESIAN_POINT('',(-44.4680621818,90.8712478976,50.3601486471));
#6795=DIRECTION('',(-0.0,1.0,-0.0));
#6796=DIRECTION('',(0.0,0.0,1.0));
#6797=AXIS2_PLACEMENT_3D('',#6794,#6795,#6796);
#6798=CONICAL_SURFACE('',#6797,1.45,1.0297442587);
#6799=ADVANCED_FACE('n° 10853',(#6782,#6793),#6798,.F.);
#6800=ORIENTED_EDGE('',*,*,#6790,.F.);
#6801=EDGE_LOOP('',(#6800));
#6802=FACE_OUTER_BOUND('',#6801,.T.);
#6803=ORIENTED_EDGE('',*,*,#2768,.T.);
#6804=EDGE_LOOP('',(#6803));
#6805=FACE_BOUND('',#6804,.T.);
#6806=CARTESIAN_POINT('',(-44.4680621818,100.0,50.3601486471));
#6807=DIRECTION('',(-0.0,1.0,-0.0));
#6808=DIRECTION('',(0.0,0.0,1.0));
#6809=AXIS2_PLACEMENT_3D('',#6806,#6807,#6808);
#6810=CYLINDRICAL_SURFACE('',#6809,1.45);
#6811=ADVANCED_FACE('n° 10858',(#6802,#6805),#6810,.F.);
#6812=CARTESIAN_POINT('',(59.391625653,90.0,-46.0));
#6813=VERTEX_POINT('',#6812);
#6814=VERTEX_LOOP('',#6813);
#6815=FACE_BOUND('',#6814,.T.);
#6816=CARTESIAN_POINT('',(59.391625653,90.8712478976,-44.55));
#6817=VERTEX_POINT('',#6816);
#6818=CARTESIAN_POINT('',(59.391625653,90.8712478976,-46.0));
#6819=DIRECTION('',(-0.0,1.0,-0.0));
#6820=DIRECTION('',(0.0,0.0,1.0));
#6821=AXIS2_PLACEMENT_3D('',#6818,#6819,#6820);
#6822=CIRCLE('',#6821,1.45);
#6823=EDGE_CURVE('n° 10893',#6817,#6817,#6822,.T.);
#6824=ORIENTED_EDGE('',*,*,#6823,.T.);
#6825=EDGE_LOOP('',(#6824));
#6826=FACE_BOUND('',#6825,.T.);
#6827=CARTESIAN_POINT('',(59.391625653,90.8712478976,-46.0));
#6828=DIRECTION('',(-0.0,1.0,-0.0));
#6829=DIRECTION('',(0.0,0.0,1.0));
#6830=AXIS2_PLACEMENT_3D('',#6827,#6828,#6829);
#6831=CONICAL_SURFACE('',#6830,1.45,1.0297442587);
#6832=ADVANCED_FACE('n° 10899',(#6815,#6826),#6831,.F.);
#6833=ORIENTED_EDGE('',*,*,#6823,.F.);
#6834=EDGE_LOOP('',(#6833));
#6835=FACE_OUTER_BOUND('',#6834,.T.);
#6836=ORIENTED_EDGE('',*,*,#2757,.T.);
#6837=EDGE_LOOP('',(#6836));
#6838=FACE_BOUND('',#6837,.T.);
#6839=CARTESIAN_POINT('',(59.391625653,100.0,-46.0));
#6840=DIRECTION('',(-0.0,1.0,-0.0));
#6841=DIRECTION('',(0.0,0.0,1.0));
#6842=AXIS2_PLACEMENT_3D('',#6839,#6840,#6841);
#6843=CYLINDRICAL_SURFACE('',#6842,1.45);
#6844=ADVANCED_FACE('n° 10904',(#6835,#6838),#6843,.F.);
#6845=CARTESIAN_POINT('',(94.391625653,90.0,-46.0));
#6846=VERTEX_POINT('',#6845);
#6847=VERTEX_LOOP('',#6846);
#6848=FACE_BOUND('',#6847,.T.);
#6849=CARTESIAN_POINT('',(94.391625653,90.8712478976,-44.55));
#6850=VERTEX_POINT('',#6849);
#6851=CARTESIAN_POINT('',(94.391625653,90.8712478976,-46.0));
#6852=DIRECTION('',(-0.0,1.0,-0.0));
#6853=DIRECTION('',(0.0,0.0,1.0));
#6854=AXIS2_PLACEMENT_3D('',#6851,#6852,#6853);
#6855=CIRCLE('',#6854,1.45);
#6856=EDGE_CURVE('n° 10939',#6850,#6850,#6855,.T.);
#6857=ORIENTED_EDGE('',*,*,#6856,.T.);
#6858=EDGE_LOOP('',(#6857));
#6859=FACE_BOUND('',#6858,.T.);
#6860=CARTESIAN_POINT('',(94.391625653,90.8712478976,-46.0));
#6861=DIRECTION('',(-0.0,1.0,-0.0));
#6862=DIRECTION('',(0.0,0.0,1.0));
#6863=AXIS2_PLACEMENT_3D('',#6860,#6861,#6862);
#6864=CONICAL_SURFACE('',#6863,1.45,1.0297442587);
#6865=ADVANCED_FACE('n° 10945',(#6848,#6859),#6864,.F.);
#6866=ORIENTED_EDGE('',*,*,#6856,.F.);
#6867=EDGE_LOOP('',(#6866));
#6868=FACE_OUTER_BOUND('',#6867,.T.);
#6869=ORIENTED_EDGE('',*,*,#2746,.T.);
#6870=EDGE_LOOP('',(#6869));
#6871=FACE_BOUND('',#6870,.T.);
#6872=CARTESIAN_POINT('',(94.391625653,100.0,-46.0));
#6873=DIRECTION('',(-0.0,1.0,-0.0));
#6874=DIRECTION('',(0.0,0.0,1.0));
#6875=AXIS2_PLACEMENT_3D('',#6872,#6873,#6874);
#6876=CYLINDRICAL_SURFACE('',#6875,1.45);
#6877=ADVANCED_FACE('n° 10950',(#6868,#6871),#6876,.F.);
#6878=CARTESIAN_POINT('',(60.2149753842,90.0,48.9779553991));
#6879=VERTEX_POINT('',#6878);
#6880=VERTEX_LOOP('',#6879);
#6881=FACE_BOUND('',#6880,.T.);
#6882=CARTESIAN_POINT('',(60.2149753842,90.8712478976,50.4279553991));
#6883=VERTEX_POINT('',#6882);
#6884=CARTESIAN_POINT('',(60.2149753842,90.8712478976,48.9779553991));
#6885=DIRECTION('',(-0.0,1.0,-0.0));
#6886=DIRECTION('',(0.0,0.0,1.0));
#6887=AXIS2_PLACEMENT_3D('',#6884,#6885,#6886);
#6888=CIRCLE('',#6887,1.45);
#6889=EDGE_CURVE('n° 10985',#6883,#6883,#6888,.T.);
#6890=ORIENTED_EDGE('',*,*,#6889,.T.);
#6891=EDGE_LOOP('',(#6890));
#6892=FACE_BOUND('',#6891,.T.);
#6893=CARTESIAN_POINT('',(60.2149753842,90.8712478976,48.9779553991));
#6894=DIRECTION('',(-0.0,1.0,-0.0));
#6895=DIRECTION('',(0.0,0.0,1.0));
#6896=AXIS2_PLACEMENT_3D('',#6893,#6894,#6895);
#6897=CONICAL_SURFACE('',#6896,1.45,1.0297442587);
#6898=ADVANCED_FACE('n° 10991',(#6881,#6892),#6897,.F.);
#6899=ORIENTED_EDGE('',*,*,#6889,.F.);
#6900=EDGE_LOOP('',(#6899));
#6901=FACE_OUTER_BOUND('',#6900,.T.);
#6902=ORIENTED_EDGE('',*,*,#2735,.T.);
#6903=EDGE_LOOP('',(#6902));
#6904=FACE_BOUND('',#6903,.T.);
#6905=CARTESIAN_POINT('',(60.2149753842,100.0,48.9779553991));
#6906=DIRECTION('',(-0.0,1.0,-0.0));
#6907=DIRECTION('',(0.0,0.0,1.0));
#6908=AXIS2_PLACEMENT_3D('',#6905,#6906,#6907);
#6909=CYLINDRICAL_SURFACE('',#6908,1.45);
#6910=ADVANCED_FACE('n° 10996',(#6901,#6904),#6909,.F.);
#6911=CARTESIAN_POINT('',(98.2149753842,90.0,48.9779553991));
#6912=VERTEX_POINT('',#6911);
#6913=VERTEX_LOOP('',#6912);
#6914=FACE_BOUND('',#6913,.T.);
#6915=CARTESIAN_POINT('',(98.2149753842,90.8712478976,50.4279553991));
#6916=VERTEX_POINT('',#6915);
#6917=CARTESIAN_POINT('',(98.2149753842,90.8712478976,48.9779553991));
#6918=DIRECTION('',(-0.0,1.0,-0.0));
#6919=DIRECTION('',(0.0,0.0,1.0));
#6920=AXIS2_PLACEMENT_3D('',#6917,#6918,#6919);
#6921=CIRCLE('',#6920,1.45);
#6922=EDGE_CURVE('n° 11031',#6916,#6916,#6921,.T.);
#6923=ORIENTED_EDGE('',*,*,#6922,.T.);
#6924=EDGE_LOOP('',(#6923));
#6925=FACE_BOUND('',#6924,.T.);
#6926=CARTESIAN_POINT('',(98.2149753842,90.8712478976,48.9779553991));
#6927=DIRECTION('',(-0.0,1.0,-0.0));
#6928=DIRECTION('',(0.0,0.0,1.0));
#6929=AXIS2_PLACEMENT_3D('',#6926,#6927,#6928);
#6930=CONICAL_SURFACE('',#6929,1.45,1.0297442587);
#6931=ADVANCED_FACE('n° 11037',(#6914,#6925),#6930,.F.);
#6932=ORIENTED_EDGE('',*,*,#6922,.F.);
#6933=EDGE_LOOP('',(#6932));
#6934=FACE_OUTER_BOUND('',#6933,.T.);
#6935=ORIENTED_EDGE('',*,*,#2724,.T.);
#6936=EDGE_LOOP('',(#6935));
#6937=FACE_BOUND('',#6936,.T.);
#6938=CARTESIAN_POINT('',(98.2149753842,100.0,48.9779553991));
#6939=DIRECTION('',(-0.0,1.0,-0.0));
#6940=DIRECTION('',(0.0,0.0,1.0));
#6941=AXIS2_PLACEMENT_3D('',#6938,#6939,#6940);
#6942=CYLINDRICAL_SURFACE('',#6941,1.45);
#6943=ADVANCED_FACE('n° 11042',(#6934,#6937),#6942,.F.);
#6944=ORIENTED_EDGE('',*,*,#229,.F.);
#6945=CARTESIAN_POINT('',(74.0,90.0,-23.6794919243));
#6946=DIRECTION('',(-1.0,0.0,0.0));
#6947=VECTOR('',#6946,1.0);
#6948=LINE('',#6945,#6947);
#6949=EDGE_CURVE('n° 11540',#215,#1418,#6948,.T.);
#6950=ORIENTED_EDGE('',*,*,#6949,.T.);
#6951=ORIENTED_EDGE('',*,*,#1423,.T.);
#6952=CARTESIAN_POINT('',(74.0,90.0,11.6794919243));
#6953=DIRECTION('',(1.0,0.0,0.0));
#6954=VECTOR('',#6953,1.0);
#6955=LINE('',#6952,#6954);
#6956=EDGE_CURVE('n° 11534',#1409,#224,#6955,.T.);
#6957=ORIENTED_EDGE('',*,*,#6956,.T.);
#6958=EDGE_LOOP('',(#6944,#6950,#6951,#6957));
#6959=FACE_OUTER_BOUND('',#6958,.T.);
#6960=CARTESIAN_POINT('',(74.0,90.0,-31.0));
#6961=DIRECTION('',(0.0,-1.0,0.0));
#6962=DIRECTION('',(0.0,-0.0,-1.0));
#6963=AXIS2_PLACEMENT_3D('',#6960,#6961,#6962);
#6964=PLANE('',#6963);
#6965=ADVANCED_FACE('n° 11255',(#6959),#6964,.F.);
#6966=ORIENTED_EDGE('',*,*,#247,.F.);
#6967=CARTESIAN_POINT('',(51.0,95.0,20.3397459622));
#6968=DIRECTION('',(-1.0,0.0,0.0));
#6969=VECTOR('',#6968,1.0);
#6970=LINE('',#6967,#6969);
#6971=EDGE_CURVE('n° 11564',#232,#1400,#6970,.T.);
#6972=ORIENTED_EDGE('',*,*,#6971,.T.);
#6973=ORIENTED_EDGE('',*,*,#1406,.F.);
#6974=ORIENTED_EDGE('',*,*,#2797,.F.);
#6975=ORIENTED_EDGE('',*,*,#6716,.F.);
#6976=EDGE_LOOP('',(#6966,#6972,#6973,#6974,#6975));
#6977=FACE_OUTER_BOUND('',#6976,.T.);
#6978=CARTESIAN_POINT('',(51.0,90.0,29.0));
#6979=DIRECTION('',(-1.0,0.0,0.0));
#6980=DIRECTION('',(0.0,0.0,1.0));
#6981=AXIS2_PLACEMENT_3D('',#6978,#6979,#6980);
#6982=CYLINDRICAL_SURFACE('',#6981,10.0);
#6983=ADVANCED_FACE('n° 11463',(#6977),#6982,.T.);
#6984=ORIENTED_EDGE('',*,*,#1441,.F.);
#6985=CARTESIAN_POINT('',(51.0,95.0,-32.3397459622));
#6986=DIRECTION('',(1.0,0.0,0.0));
#6987=VECTOR('',#6986,1.0);
#6988=LINE('',#6985,#6987);
#6989=EDGE_CURVE('n° 11552',#1426,#206,#6988,.T.);
#6990=ORIENTED_EDGE('',*,*,#6989,.T.);
#6991=ORIENTED_EDGE('',*,*,#212,.F.);
#6992=ORIENTED_EDGE('',*,*,#2845,.F.);
#6993=EDGE_LOOP('',(#6984,#6990,#6991,#6992));
#6994=FACE_OUTER_BOUND('',#6993,.T.);
#6995=CARTESIAN_POINT('',(51.0,90.0,-41.0));
#6996=DIRECTION('',(1.0,0.0,-0.0));
#6997=DIRECTION('',(-0.0,0.0,-1.0));
#6998=AXIS2_PLACEMENT_3D('',#6995,#6996,#6997);
#6999=CYLINDRICAL_SURFACE('',#6998,10.0);
#7000=ADVANCED_FACE('n° 11487',(#6994),#6999,.T.);
#7001=ORIENTED_EDGE('',*,*,#221,.F.);
#7002=ORIENTED_EDGE('',*,*,#6989,.F.);
#7003=ORIENTED_EDGE('',*,*,#1432,.F.);
#7004=ORIENTED_EDGE('',*,*,#6949,.F.);
#7005=EDGE_LOOP('',(#7001,#7002,#7003,#7004));
#7006=FACE_OUTER_BOUND('',#7005,.T.);
#7007=CARTESIAN_POINT('',(51.0,100.0,-23.6794919243));
#7008=DIRECTION('',(1.0,0.0,-0.0));
#7009=DIRECTION('',(-0.0,0.0,-1.0));
#7010=AXIS2_PLACEMENT_3D('',#7007,#7008,#7009);
#7011=CYLINDRICAL_SURFACE('',#7010,10.0);
#7012=ADVANCED_FACE('n° 11611',(#7006),#7011,.F.);
#7013=ORIENTED_EDGE('',*,*,#238,.F.);
#7014=ORIENTED_EDGE('',*,*,#6956,.F.);
#7015=ORIENTED_EDGE('',*,*,#1415,.F.);
#7016=ORIENTED_EDGE('',*,*,#6971,.F.);
#7017=EDGE_LOOP('',(#7013,#7014,#7015,#7016));
#7018=FACE_OUTER_BOUND('',#7017,.T.);
#7019=CARTESIAN_POINT('',(51.0,100.0,11.6794919243));
#7020=DIRECTION('',(-1.0,0.0,0.0));
#7021=DIRECTION('',(0.0,0.0,1.0));
#7022=AXIS2_PLACEMENT_3D('',#7019,#7020,#7021);
#7023=CYLINDRICAL_SURFACE('',#7022,10.0);
#7024=ADVANCED_FACE('n° 11632',(#7018),#7023,.F.);
#7025=CARTESIAN_POINT('',(44.9466257058,49.0,-15.0));
#7026=DIRECTION('',(0.0,0.0,1.0));
#7027=VECTOR('',#7026,1.0);
#7028=LINE('',#7025,#7027);
#7029=EDGE_CURVE('n° 12113',#432,#507,#7028,.T.);
#7030=ORIENTED_EDGE('',*,*,#7029,.F.);
#7031=ORIENTED_EDGE('',*,*,#437,.T.);
#7032=ORIENTED_EDGE('',*,*,#382,.F.);
#7033=ORIENTED_EDGE('',*,*,#350,.F.);
#7034=ORIENTED_EDGE('',*,*,#318,.F.);
#7035=ORIENTED_EDGE('',*,*,#518,.T.);
#7036=EDGE_LOOP('',(#7030,#7031,#7032,#7033,#7034,#7035));
#7037=FACE_OUTER_BOUND('',#7036,.T.);
#7038=CARTESIAN_POINT('',(3.5,49.0,-15.0));
#7039=DIRECTION('',(0.0,-1.0,0.0));
#7040=DIRECTION('',(0.0,-0.0,-1.0));
#7041=AXIS2_PLACEMENT_3D('',#7038,#7039,#7040);
#7042=PLANE('',#7041);
#7043=ADVANCED_FACE('n° 11762',(#7037),#7042,.T.);
#7044=ORIENTED_EDGE('',*,*,#4262,.T.);
#7045=ORIENTED_EDGE('',*,*,#535,.T.);
#7046=ORIENTED_EDGE('',*,*,#35,.T.);
#7047=ORIENTED_EDGE('',*,*,#413,.F.);
#7048=EDGE_LOOP('',(#7044,#7045,#7046,#7047));
#7049=FACE_OUTER_BOUND('',#7048,.T.);
#7050=CARTESIAN_POINT('',(36.9466257058,136.0,-23.0));
#7051=DIRECTION('',(-1.0,0.0,0.0));
#7052=DIRECTION('',(0.0,0.0,1.0));
#7053=AXIS2_PLACEMENT_3D('',#7050,#7051,#7052);
#7054=PLANE('',#7053);
#7055=ADVANCED_FACE('n° 12294',(#7049),#7054,.F.);
#7056=ORIENTED_EDGE('',*,*,#4269,.T.);
#7057=ORIENTED_EDGE('',*,*,#445,.T.);
#7058=ORIENTED_EDGE('',*,*,#7029,.T.);
#7059=ORIENTED_EDGE('',*,*,#512,.F.);
#7060=EDGE_LOOP('',(#7056,#7057,#7058,#7059));
#7061=FACE_OUTER_BOUND('',#7060,.T.);
#7062=CARTESIAN_POINT('',(44.9466257058,136.0,-23.0));
#7063=DIRECTION('',(1.0,0.0,0.0));
#7064=DIRECTION('',(0.0,0.0,-1.0));
#7065=AXIS2_PLACEMENT_3D('',#7062,#7063,#7064);
#7066=PLANE('',#7065);
#7067=ADVANCED_FACE('n° 12303',(#7061),#7066,.F.);
#7068=CARTESIAN_POINT('',(25.9709085866,59.0,-25.3219446434));
#7069=VERTEX_POINT('',#7068);
#7070=CARTESIAN_POINT('',(25.9709085866,59.0,-20.5719446434));
#7071=DIRECTION('',(0.0,-1.0,0.0));
#7072=DIRECTION('',(0.0,-0.0,-1.0));
#7073=AXIS2_PLACEMENT_3D('',#7070,#7071,#7072);
#7074=CIRCLE('',#7073,4.75);
#7075=EDGE_CURVE('n° 12460',#7069,#7069,#7074,.T.);
#7076=ORIENTED_EDGE('',*,*,#7075,.F.);
#7077=EDGE_LOOP('',(#7076));
#7078=FACE_OUTER_BOUND('',#7077,.T.);
#7079=ORIENTED_EDGE('',*,*,#23,.T.);
#7080=EDGE_LOOP('',(#7079));
#7081=FACE_BOUND('',#7080,.T.);
#7082=CARTESIAN_POINT('',(25.9709085866,59.0,-20.5719446434));
#7083=DIRECTION('',(-0.0,-1.0,-0.0));
#7084=DIRECTION('',(0.0,0.0,-1.0));
#7085=AXIS2_PLACEMENT_3D('',#7082,#7083,#7084);
#7086=CYLINDRICAL_SURFACE('',#7085,4.75);
#7087=ADVANCED_FACE('n° 12466',(#7078,#7081),#7086,.F.);
#7088=ORIENTED_EDGE('',*,*,#7075,.T.);
#7089=EDGE_LOOP('',(#7088));
#7090=FACE_OUTER_BOUND('',#7089,.T.);
#7091=CARTESIAN_POINT('',(25.9709085866,59.0,-20.5719446434));
#7092=DIRECTION('',(0.0,-1.0,0.0));
#7093=DIRECTION('',(0.0,-0.0,-1.0));
#7094=AXIS2_PLACEMENT_3D('',#7091,#7092,#7093);
#7095=PLANE('',#7094);
#7096=ADVANCED_FACE('n° 12471',(#7090),#7095,.T.);
#7097=CLOSED_SHELL('\X2\52079664\X0\-\X2\62C94F38\X0\16',(
    #84,#202,#269,#300,#342,#373,#406,#460,#478,#503,
    #550,#823,#881,#1357,#1388,#1538,#1807,#1947,#2057,#2216,
    #2247,#2278,#2295,#2475,#2506,#2546,#2577,#2601,#2650,#2674,
    #2716,#2963,#2985,#3002,#3053,#3065,#3157,#3179,#3203,#3221,
    #3246,#3263,#3314,#3346,#3370,#3395,#3419,#3444,#3468,#3493,
    #3510,#3542,#3566,#3591,#3615,#3640,#3664,#3689,#3706,#3738,
    #3762,#3787,#3811,#3836,#3860,#3885,#3902,#3914,#3932,#3944,
    #3956,#4042,#4059,#4076,#4088,#4105,#4122,#4134,#4151,#4168,
    #4180,#4223,#4240,#4257,#4301,#4313,#4335,#4352,#4369,#4386,
    #4403,#4420,#4437,#4449,#4471,#4488,#4505,#4517,#4541,#4565,
    #4582,#4594,#4618,#4642,#4659,#4671,#4688,#4700,#4927,#4944,
    #4961,#4973,#4995,#5020,#5046,#5071,#5097,#5114,#5139,#5157,
    #5175,#5193,#5211,#5229,#5247,#5260,#5284,#5302,#5320,#5338,
    #5356,#5374,#5392,#5404,#5428,#5446,#5464,#5482,#5500,#5518,
    #5536,#5548,#5572,#5590,#5608,#5626,#5644,#5662,#5680,#5692,
    #5714,#5731,#5748,#5765,#5782,#5799,#5816,#5828,#5850,#5867,
    #5884,#5901,#5918,#5935,#5952,#5964,#5986,#6003,#6020,#6037,
    #6054,#6071,#6088,#6100,#6122,#6139,#6156,#6173,#6190,#6207,
    #6224,#6236,#6329,#6346,#6363,#6380,#6397,#6409,#6429,#6457,
    #6469,#6478,#6498,#6526,#6538,#6547,#6567,#6595,#6607,#6616,
    #6636,#6664,#6676,#6685,#6697,#6709,#6733,#6745,#6766,#6778,
    #6799,#6811,#6832,#6844,#6865,#6877,#6898,#6910,#6931,#6943,
    #6965,#6983,#7000,#7012,#7024,#7043,#7055,#7067,#7087,#7096));
#7098=MANIFOLD_SOLID_BREP('\X2\52079664\X0\-\X2\62C94F38\X0\16',#7097);
#7099=DRAUGHTING_PRE_DEFINED_COLOUR('white');
#7100=FILL_AREA_STYLE_COLOUR('',#7099);
#7101=FILL_AREA_STYLE('',(#7100));
#7102=SURFACE_STYLE_FILL_AREA(#7101);
#7103=SURFACE_SIDE_STYLE('',(#7102));
#7104=SURFACE_STYLE_USAGE(.BOTH.,#7103);
#7105=PRESENTATION_STYLE_ASSIGNMENT((#7104));
#7106=STYLED_ITEM('',(#7105),#7098);
#7107=CARTESIAN_POINT('\X2\539F70B9\X0\',(0.0,0.0,0.0));
#7108=GEOMETRIC_CURVE_SET('\X2\539F70B9\X0\',(#7107));
#7109=CARTESIAN_POINT('',(0.,0.,0.));
#7110=DIRECTION('',(0.,0.,1.));
#7111=DIRECTION('',(1.,0.,0.));
#7112=AXIS2_PLACEMENT_3D('Reference Axes',#7109,#7110,#7111);
#7113=SHAPE_REPRESENTATION('',(#7112,#7098,#7108),#5);
#7114=SHAPE_DEFINITION_REPRESENTATION(#12,#7113);
#7115=CARTESIAN_POINT('',(25.1074876921,50.0,164.5656782442));
#7116=DIRECTION('',(0.0,0.0,-1.0));
#7117=DIRECTION('',(-1.0,0.0,0.0));
#7118=AXIS2_PLACEMENT_3D('View Reference',#7115,#7116,#7117);
#7119=CARTESIAN_POINT('',(0.0,0.0,0.0));
#7120=CARTESIAN_POINT('',(-240.3224630762,-150.0,162.0656782442));
#7121=DIRECTION('',(0.0,0.0,1.0));
#7122=DIRECTION('',(1.0,0.0,0.0));
#7123=AXIS2_PLACEMENT_3D('View placement',#7120,#7121,#7122);
#7124=PLANAR_BOX('',480.6449262,300.0,#7123);
#7125=VIEW_VOLUME(.PARALLEL.,#7119,162.0656782,0.,.F.,0.,.F.,.F.,#7124);
#7126=CAMERA_MODEL_D3('*\X2\524D89C6\X0\',#7118,#7125);
#7127=CARTESIAN_POINT('',(0.,0.,0.));
#7128=DIRECTION('',(0.,0.,1.));
#7129=DIRECTION('',(1.,0.,0.));
#7130=AXIS2_PLACEMENT_3D('',#7127,#7128,#7129);
#7131=REPRESENTATION_MAP(#7130,#7113);
#7132=MAPPED_ITEM('',#7131,#7130);
#7133=DRAUGHTING_MODEL('*\X2\524D89C6\X0\',(#7126,#7132),#5);
#7134=CARTESIAN_POINT('',(25.1074876921,50.0,164.5656782442));
#7135=DIRECTION('',(0.0,0.0,-1.0));
#7136=DIRECTION('',(-1.0,0.0,0.0));
#7137=AXIS2_PLACEMENT_3D('View Reference',#7134,#7135,#7136);
#7138=CARTESIAN_POINT('',(0.0,0.0,0.0));
#7139=CARTESIAN_POINT('',(-240.3224630762,-150.0,162.0656782442));
#7140=DIRECTION('',(0.0,0.0,1.0));
#7141=DIRECTION('',(1.0,0.0,0.0));
#7142=AXIS2_PLACEMENT_3D('View placement',#7139,#7140,#7141);
#7143=PLANAR_BOX('',480.6449262,300.0,#7142);
#7144=VIEW_VOLUME(.PARALLEL.,#7138,162.0656782,0.,.F.,0.,.F.,.F.,#7143);
#7145=CAMERA_MODEL_D3('Notes Area',#7137,#7144);
#7146=CARTESIAN_POINT('',(0.,0.,0.));
#7147=DIRECTION('',(0.,0.,1.));
#7148=DIRECTION('',(1.,0.,0.));
#7149=AXIS2_PLACEMENT_3D('',#7146,#7147,#7148);
#7150=REPRESENTATION_MAP(#7149,#7113);
#7151=MAPPED_ITEM('',#7150,#7149);
#7152=DRAUGHTING_MODEL('Notes Area',(#7145,#7151),#5);
#7153=MECHANICAL_DESIGN_GEOMETRIC_PRESENTATION_REPRESENTATION('',(#7106),#5);
ENDSEC;
END-ISO-10303-21;
