ISO-10303-21;

HEADER;
FILE_DESCRIPTION((' '),'2;1');
FILE_NAME( '\X2\540E76D6\X0\.stp',
           '2026-08-14T17:30:07',
           (' '),
           ('--- Datakit www.datakit.com---'),
           ' Datakit CrossCadWare V2025.1  Dec 16 2024',
           'DATAKIT 2026 (c)',
           ' ');
FILE_SCHEMA(('AP242_MANAGED_MODEL_BASED_3D_ENGINEERING_MIM_LF { 1 0 10303 442 1 1 4 }'));
ENDSEC;

DATA;
#1=APPLICATION_CONTEXT('Managed model based 3d engineering');
#2=APPLICATION_PROTOCOL_DEFINITION('international standard','ap242_managed_model_based_3d_engineering',2013,#1);
#3=(LENGTH_UNIT()NAMED_UNIT(*)SI_UNIT(.MILLI.,.METRE.));
#4=(NAMED_UNIT(*)PLANE_ANGLE_UNIT()SI_UNIT($,.RADIAN.));
#5=( GEOMETRIC_REPRESENTATION_CONTEXT(3)
       GLOBAL_UNCERTAINTY_ASSIGNED_CONTEXT((#6)) GLOBAL_UNIT_ASSIGNED_CONTEXT
  ((#3,#4)) REPRESENTATION_CONTEXT('Context #1',
  '3D Context with UNIT and UNCERTAINTY') );
#6=UNCERTAINTY_MEASURE_WITH_UNIT(LENGTH_MEASURE(0.005),#3,'distance_accuracy_value','Confusion accuracy');
#7=PRODUCT_CONTEXT('',#1,'mechanical');
#8=PRODUCT('\X2\540E76D6\X0\','','',(#7));
#9=PRODUCT_DEFINITION_FORMATION('','',#8);
#10=PRODUCT_DEFINITION_CONTEXT('part definition',#1,'design');
#11=PRODUCT_DEFINITION('design','',#9,#10);
#12=PRODUCT_DEFINITION_SHAPE('','',#11);
#13=PRODUCT_CATEGORY('part',$);
#14=PRODUCT_RELATED_PRODUCT_CATEGORY('part',$,(#8));
#15=PRODUCT_CATEGORY_RELATIONSHIP('','',#13,#14);
#16=CARTESIAN_POINT('',(16.0,6.9330227658,0.0));
#17=VERTEX_POINT('',#16);
#18=CARTESIAN_POINT('',(16.0,12.5,-0.0));
#19=VERTEX_POINT('',#18);
#20=CARTESIAN_POINT('',(16.0,41.9330227658,0.0));
#21=DIRECTION('',(0.0,1.0,0.0));
#22=VECTOR('',#21,1.0);
#23=LINE('',#20,#22);
#24=EDGE_CURVE('n° 4131',#17,#19,#23,.T.);
#25=ORIENTED_EDGE('',*,*,#24,.F.);
#26=CARTESIAN_POINT('',(20.0,6.9330227658,0.0));
#27=VERTEX_POINT('',#26);
#28=CARTESIAN_POINT('',(-67.0,6.9330227658,0.0));
#29=DIRECTION('',(1.0,0.0,0.0));
#30=VECTOR('',#29,1.0);
#31=LINE('',#28,#30);
#32=EDGE_CURVE('n° 4290',#17,#27,#31,.T.);
#33=ORIENTED_EDGE('',*,*,#32,.T.);
#34=CARTESIAN_POINT('',(20.0,12.5,0.0));
#35=VERTEX_POINT('',#34);
#36=CARTESIAN_POINT('',(20.0,41.9330227658,0.0));
#37=DIRECTION('',(0.0,-1.0,0.0));
#38=VECTOR('',#37,1.0);
#39=LINE('',#36,#38);
#40=EDGE_CURVE('n° 755',#35,#27,#39,.T.);
#41=ORIENTED_EDGE('',*,*,#40,.F.);
#42=CARTESIAN_POINT('',(30.6738082233,12.5,0.0));
#43=VERTEX_POINT('',#42);
#44=CARTESIAN_POINT('',(0.0,12.5,-0.0));
#45=DIRECTION('',(-1.0,0.0,0.0));
#46=VECTOR('',#45,1.0);
#47=LINE('',#44,#46);
#48=EDGE_CURVE('n° 807',#43,#35,#47,.T.);
#49=ORIENTED_EDGE('',*,*,#48,.F.);
#50=CARTESIAN_POINT('',(30.6738082233,27.5,0.0));
#51=VERTEX_POINT('',#50);
#52=CARTESIAN_POINT('',(30.6738082233,27.5,0.0));
#53=DIRECTION('',(0.0,-1.0,0.0));
#54=VECTOR('',#53,1.0);
#55=LINE('',#52,#54);
#56=EDGE_CURVE('n° 790',#51,#43,#55,.T.);
#57=ORIENTED_EDGE('',*,*,#56,.F.);
#58=CARTESIAN_POINT('',(20.0,27.5,0.0));
#59=VERTEX_POINT('',#58);
#60=CARTESIAN_POINT('',(0.0,27.5,0.0));
#61=DIRECTION('',(-1.0,0.0,0.0));
#62=VECTOR('',#61,1.0);
#63=LINE('',#60,#62);
#64=EDGE_CURVE('n° 796',#51,#59,#63,.T.);
#65=ORIENTED_EDGE('',*,*,#64,.T.);
#66=CARTESIAN_POINT('',(20.0,41.9330227658,0.0));
#67=VERTEX_POINT('',#66);
#68=CARTESIAN_POINT('',(20.0,41.9330227658,0.0));
#69=DIRECTION('',(0.0,-1.0,0.0));
#70=VECTOR('',#69,1.0);
#71=LINE('',#68,#70);
#72=EDGE_CURVE('n° 620',#67,#59,#71,.T.);
#73=ORIENTED_EDGE('',*,*,#72,.F.);
#74=CARTESIAN_POINT('',(16.0,41.9330227658,0.0));
#75=VERTEX_POINT('',#74);
#76=CARTESIAN_POINT('',(16.0,41.9330227658,0.0));
#77=DIRECTION('',(1.0,0.0,0.0));
#78=VECTOR('',#77,1.0);
#79=LINE('',#76,#78);
#80=EDGE_CURVE('n° 616',#75,#67,#79,.T.);
#81=ORIENTED_EDGE('',*,*,#80,.F.);
#82=CARTESIAN_POINT('',(16.0,27.5,0.0));
#83=VERTEX_POINT('',#82);
#84=CARTESIAN_POINT('',(16.0,41.9330227658,0.0));
#85=DIRECTION('',(0.0,1.0,0.0));
#86=VECTOR('',#85,1.0);
#87=LINE('',#84,#86);
#88=EDGE_CURVE('n° 862',#83,#75,#87,.T.);
#89=ORIENTED_EDGE('',*,*,#88,.F.);
#90=CARTESIAN_POINT('',(9.4364061561,27.5,0.0));
#91=VERTEX_POINT('',#90);
#92=CARTESIAN_POINT('',(0.0,27.5,0.0));
#93=DIRECTION('',(-1.0,0.0,0.0));
#94=VECTOR('',#93,1.0);
#95=LINE('',#92,#94);
#96=EDGE_CURVE('n° 901',#83,#91,#95,.T.);
#97=ORIENTED_EDGE('',*,*,#96,.T.);
#98=CARTESIAN_POINT('',(3.0,27.5,0.0));
#99=VERTEX_POINT('',#98);
#100=CARTESIAN_POINT('',(0.0,27.5,0.0));
#101=DIRECTION('',(-1.0,0.0,0.0));
#102=VECTOR('',#101,1.0);
#103=LINE('',#100,#102);
#104=EDGE_CURVE('n° 990',#91,#99,#103,.T.);
#105=ORIENTED_EDGE('',*,*,#104,.T.);
#106=CARTESIAN_POINT('',(3.0,41.9330227658,0.0));
#107=VERTEX_POINT('',#106);
#108=CARTESIAN_POINT('',(3.0,41.9330227658,0.0));
#109=DIRECTION('',(-0.0,-1.0,0.0));
#110=VECTOR('',#109,1.0);
#111=LINE('',#108,#110);
#112=EDGE_CURVE('n° 511',#107,#99,#111,.T.);
#113=ORIENTED_EDGE('',*,*,#112,.F.);
#114=CARTESIAN_POINT('',(-1.0,41.9330227658,0.0));
#115=VERTEX_POINT('',#114);
#116=CARTESIAN_POINT('',(-1.0,41.9330227658,0.0));
#117=DIRECTION('',(1.0,-0.0,0.0));
#118=VECTOR('',#117,1.0);
#119=LINE('',#116,#118);
#120=EDGE_CURVE('n° 507',#115,#107,#119,.T.);
#121=ORIENTED_EDGE('',*,*,#120,.F.);
#122=CARTESIAN_POINT('',(-1.0,27.5,0.0));
#123=VERTEX_POINT('',#122);
#124=CARTESIAN_POINT('',(-1.0,41.9330227658,0.0));
#125=DIRECTION('',(0.0,1.0,0.0));
#126=VECTOR('',#125,1.0);
#127=LINE('',#124,#126);
#128=EDGE_CURVE('n° 1065',#123,#115,#127,.T.);
#129=ORIENTED_EDGE('',*,*,#128,.F.);
#130=CARTESIAN_POINT('',(-8.7559272323,27.5,0.0));
#131=VERTEX_POINT('',#130);
#132=CARTESIAN_POINT('',(0.0,27.5,0.0));
#133=DIRECTION('',(-1.0,0.0,0.0));
#134=VECTOR('',#133,1.0);
#135=LINE('',#132,#134);
#136=EDGE_CURVE('n° 1104',#123,#131,#135,.T.);
#137=ORIENTED_EDGE('',*,*,#136,.T.);
#138=CARTESIAN_POINT('',(-8.7559272323,12.5,0.0));
#139=VERTEX_POINT('',#138);
#140=CARTESIAN_POINT('',(-8.7559272323,27.5,0.0));
#141=DIRECTION('',(0.0,-1.0,0.0));
#142=VECTOR('',#141,1.0);
#143=LINE('',#140,#142);
#144=EDGE_CURVE('n° 1107',#131,#139,#143,.T.);
#145=ORIENTED_EDGE('',*,*,#144,.T.);
#146=CARTESIAN_POINT('',(-1.0,12.5,0.0));
#147=VERTEX_POINT('',#146);
#148=CARTESIAN_POINT('',(0.0,12.5,-0.0));
#149=DIRECTION('',(-1.0,0.0,0.0));
#150=VECTOR('',#149,1.0);
#151=LINE('',#148,#150);
#152=EDGE_CURVE('n° 1114',#147,#139,#151,.T.);
#153=ORIENTED_EDGE('',*,*,#152,.F.);
#154=CARTESIAN_POINT('',(-1.0,6.9330227658,0.0));
#155=VERTEX_POINT('',#154);
#156=CARTESIAN_POINT('',(-1.0,41.9330227658,0.0));
#157=DIRECTION('',(0.0,1.0,0.0));
#158=VECTOR('',#157,1.0);
#159=LINE('',#156,#158);
#160=EDGE_CURVE('n° 4162',#155,#147,#159,.T.);
#161=ORIENTED_EDGE('',*,*,#160,.F.);
#162=CARTESIAN_POINT('',(3.0,6.9330227658,0.0));
#163=VERTEX_POINT('',#162);
#164=CARTESIAN_POINT('',(-67.0,6.9330227658,0.0));
#165=DIRECTION('',(1.0,-0.0,0.0));
#166=VECTOR('',#165,1.0);
#167=LINE('',#164,#166);
#168=EDGE_CURVE('n° 4286',#155,#163,#167,.T.);
#169=ORIENTED_EDGE('',*,*,#168,.T.);
#170=CARTESIAN_POINT('',(3.0,12.5,0.0));
#171=VERTEX_POINT('',#170);
#172=CARTESIAN_POINT('',(3.0,41.9330227658,0.0));
#173=DIRECTION('',(-0.0,-1.0,0.0));
#174=VECTOR('',#173,1.0);
#175=LINE('',#172,#174);
#176=EDGE_CURVE('n° 965',#171,#163,#175,.T.);
#177=ORIENTED_EDGE('',*,*,#176,.F.);
#178=CARTESIAN_POINT('',(9.4364061561,12.5,0.0));
#179=VERTEX_POINT('',#178);
#180=CARTESIAN_POINT('',(0.0,12.5,-0.0));
#181=DIRECTION('',(-1.0,0.0,0.0));
#182=VECTOR('',#181,1.0);
#183=LINE('',#180,#182);
#184=EDGE_CURVE('n° 1007',#179,#171,#183,.T.);
#185=ORIENTED_EDGE('',*,*,#184,.F.);
#186=CARTESIAN_POINT('',(0.0,12.5,-0.0));
#187=DIRECTION('',(-1.0,0.0,0.0));
#188=VECTOR('',#187,1.0);
#189=LINE('',#186,#188);
#190=EDGE_CURVE('n° 908',#19,#179,#189,.T.);
#191=ORIENTED_EDGE('',*,*,#190,.F.);
#192=EDGE_LOOP('',(
    #25,#33,#41,#49,#57,#65,#73,#81,#89,#97,
    #105,#113,#121,#129,#137,#145,#153,#161,#169,#177,
    #185,#191));
#193=FACE_OUTER_BOUND('',#192,.T.);
#194=CARTESIAN_POINT('',(-37.0,6.9330227658,0.0));
#195=VERTEX_POINT('',#194);
#196=CARTESIAN_POINT('',(-33.0,6.9330227658,0.0));
#197=VERTEX_POINT('',#196);
#198=CARTESIAN_POINT('',(-67.0,6.9330227658,0.0));
#199=DIRECTION('',(1.0,0.0,0.0));
#200=VECTOR('',#199,1.0);
#201=LINE('',#198,#200);
#202=EDGE_CURVE('n° 4278',#195,#197,#201,.T.);
#203=ORIENTED_EDGE('',*,*,#202,.T.);
#204=CARTESIAN_POINT('',(-33.0,12.5,0.0));
#205=VERTEX_POINT('',#204);
#206=CARTESIAN_POINT('',(-33.0,41.9330227658,0.0));
#207=DIRECTION('',(-0.0,-1.0,0.0));
#208=VECTOR('',#207,1.0);
#209=LINE('',#206,#208);
#210=EDGE_CURVE('n° 1168',#205,#197,#209,.T.);
#211=ORIENTED_EDGE('',*,*,#210,.F.);
#212=CARTESIAN_POINT('',(-24.5319378182,12.5,0.0));
#213=VERTEX_POINT('',#212);
#214=CARTESIAN_POINT('',(0.0,12.5,-0.0));
#215=DIRECTION('',(-1.0,0.0,0.0));
#216=VECTOR('',#215,1.0);
#217=LINE('',#214,#216);
#218=EDGE_CURVE('n° 1217',#213,#205,#217,.T.);
#219=ORIENTED_EDGE('',*,*,#218,.F.);
#220=CARTESIAN_POINT('',(-24.5319378182,27.5,0.0));
#221=VERTEX_POINT('',#220);
#222=CARTESIAN_POINT('',(-24.5319378182,27.5,0.0));
#223=DIRECTION('',(0.0,-1.0,0.0));
#224=VECTOR('',#223,1.0);
#225=LINE('',#222,#224);
#226=EDGE_CURVE('n° 1210',#221,#213,#225,.T.);
#227=ORIENTED_EDGE('',*,*,#226,.F.);
#228=CARTESIAN_POINT('',(-33.0,27.5,0.0));
#229=VERTEX_POINT('',#228);
#230=CARTESIAN_POINT('',(0.0,27.5,0.0));
#231=DIRECTION('',(-1.0,0.0,0.0));
#232=VECTOR('',#231,1.0);
#233=LINE('',#230,#232);
#234=EDGE_CURVE('n° 1203',#221,#229,#233,.T.);
#235=ORIENTED_EDGE('',*,*,#234,.T.);
#236=CARTESIAN_POINT('',(-33.0,41.9330227658,0.0));
#237=VERTEX_POINT('',#236);
#238=CARTESIAN_POINT('',(-33.0,41.9330227658,0.0));
#239=DIRECTION('',(-0.0,-1.0,0.0));
#240=VECTOR('',#239,1.0);
#241=LINE('',#238,#240);
#242=EDGE_CURVE('n° 402',#237,#229,#241,.T.);
#243=ORIENTED_EDGE('',*,*,#242,.F.);
#244=CARTESIAN_POINT('',(-37.0,41.9330227658,0.0));
#245=VERTEX_POINT('',#244);
#246=CARTESIAN_POINT('',(-37.0,41.9330227658,0.0));
#247=DIRECTION('',(1.0,0.0,0.0));
#248=VECTOR('',#247,1.0);
#249=LINE('',#246,#248);
#250=EDGE_CURVE('n° 398',#245,#237,#249,.T.);
#251=ORIENTED_EDGE('',*,*,#250,.F.);
#252=CARTESIAN_POINT('',(-37.0,27.5,0.0));
#253=VERTEX_POINT('',#252);
#254=CARTESIAN_POINT('',(-37.0,41.9330227658,0.0));
#255=DIRECTION('',(0.0,1.0,0.0));
#256=VECTOR('',#255,1.0);
#257=LINE('',#254,#256);
#258=EDGE_CURVE('n° 1271',#253,#245,#257,.T.);
#259=ORIENTED_EDGE('',*,*,#258,.F.);
#260=CARTESIAN_POINT('',(-49.4680621818,27.5,0.0));
#261=VERTEX_POINT('',#260);
#262=CARTESIAN_POINT('',(0.0,27.5,0.0));
#263=DIRECTION('',(-1.0,0.0,0.0));
#264=VECTOR('',#263,1.0);
#265=LINE('',#262,#264);
#266=EDGE_CURVE('n° 1310',#253,#261,#265,.T.);
#267=ORIENTED_EDGE('',*,*,#266,.T.);
#268=CARTESIAN_POINT('',(-49.4680621818,12.5,0.0));
#269=VERTEX_POINT('',#268);
#270=CARTESIAN_POINT('',(-49.4680621818,27.5,0.0));
#271=DIRECTION('',(0.0,-1.0,0.0));
#272=VECTOR('',#271,1.0);
#273=LINE('',#270,#272);
#274=EDGE_CURVE('n° 1313',#261,#269,#273,.T.);
#275=ORIENTED_EDGE('',*,*,#274,.T.);
#276=CARTESIAN_POINT('',(-37.0,12.5,0.0));
#277=VERTEX_POINT('',#276);
#278=CARTESIAN_POINT('',(0.0,12.5,-0.0));
#279=DIRECTION('',(-1.0,0.0,0.0));
#280=VECTOR('',#279,1.0);
#281=LINE('',#278,#280);
#282=EDGE_CURVE('n° 1317',#277,#269,#281,.T.);
#283=ORIENTED_EDGE('',*,*,#282,.F.);
#284=CARTESIAN_POINT('',(-37.0,41.9330227658,0.0));
#285=DIRECTION('',(0.0,1.0,0.0));
#286=VECTOR('',#285,1.0);
#287=LINE('',#284,#286);
#288=EDGE_CURVE('n° 4193',#195,#277,#287,.T.);
#289=ORIENTED_EDGE('',*,*,#288,.F.);
#290=EDGE_LOOP('',(
    #203,#211,#219,#227,#235,#243,#251,#259,#267,#275,
    #283,#289));
#291=FACE_BOUND('',#290,.T.);
#292=CARTESIAN_POINT('',(-55.0,-46.0,0.0));
#293=VERTEX_POINT('',#292);
#294=CARTESIAN_POINT('',(-51.0,-50.0,0.0));
#295=VERTEX_POINT('',#294);
#296=CARTESIAN_POINT('',(-51.0,-46.0,0.0));
#297=DIRECTION('',(0.0,0.0,1.0));
#298=DIRECTION('',(1.0,0.0,-0.0));
#299=AXIS2_PLACEMENT_3D('',#296,#297,#298);
#300=CIRCLE('',#299,4.0);
#301=EDGE_CURVE('n° 146',#293,#295,#300,.T.);
#302=ORIENTED_EDGE('',*,*,#301,.F.);
#303=CARTESIAN_POINT('',(-55.0,46.0,0.0));
#304=VERTEX_POINT('',#303);
#305=CARTESIAN_POINT('',(-55.0,46.0,0.0));
#306=DIRECTION('',(0.0,-1.0,0.0));
#307=VECTOR('',#306,1.0);
#308=LINE('',#305,#307);
#309=EDGE_CURVE('n° 150',#304,#293,#308,.T.);
#310=ORIENTED_EDGE('',*,*,#309,.F.);
#311=CARTESIAN_POINT('',(-51.0,50.0,0.0));
#312=VERTEX_POINT('',#311);
#313=CARTESIAN_POINT('',(-51.0,46.0,0.0));
#314=DIRECTION('',(0.0,0.0,1.0));
#315=DIRECTION('',(1.0,0.0,-0.0));
#316=AXIS2_PLACEMENT_3D('',#313,#314,#315);
#317=CIRCLE('',#316,4.0);
#318=EDGE_CURVE('n° 154',#312,#304,#317,.T.);
#319=ORIENTED_EDGE('',*,*,#318,.F.);
#320=CARTESIAN_POINT('',(105.2149753842,50.0,0.0));
#321=VERTEX_POINT('',#320);
#322=CARTESIAN_POINT('',(105.2149753842,50.0,0.0));
#323=DIRECTION('',(-1.0,0.0,0.0));
#324=VECTOR('',#323,1.0);
#325=LINE('',#322,#324);
#326=EDGE_CURVE('n° 158',#321,#312,#325,.T.);
#327=ORIENTED_EDGE('',*,*,#326,.F.);
#328=CARTESIAN_POINT('',(105.2149753842,-55.0,0.0));
#329=VERTEX_POINT('',#328);
#330=CARTESIAN_POINT('',(105.2149753842,-55.0,0.0));
#331=DIRECTION('',(0.0,1.0,0.0));
#332=VECTOR('',#331,1.0);
#333=LINE('',#330,#332);
#334=EDGE_CURVE('n° 162',#329,#321,#333,.T.);
#335=ORIENTED_EDGE('',*,*,#334,.F.);
#336=CARTESIAN_POINT('',(35.2149753842,-55.0,0.0));
#337=VERTEX_POINT('',#336);
#338=CARTESIAN_POINT('',(35.2149753842,-55.0,0.0));
#339=DIRECTION('',(1.0,-0.0,0.0));
#340=VECTOR('',#339,1.0);
#341=LINE('',#338,#340);
#342=EDGE_CURVE('n° 166',#337,#329,#341,.T.);
#343=ORIENTED_EDGE('',*,*,#342,.F.);
#344=CARTESIAN_POINT('',(35.2149753842,-50.0,0.0));
#345=VERTEX_POINT('',#344);
#346=CARTESIAN_POINT('',(35.2149753842,-50.0,0.0));
#347=DIRECTION('',(0.0,-1.0,0.0));
#348=VECTOR('',#347,1.0);
#349=LINE('',#346,#348);
#350=EDGE_CURVE('n° 122',#345,#337,#349,.T.);
#351=ORIENTED_EDGE('',*,*,#350,.F.);
#352=CARTESIAN_POINT('',(-39.4680621818,-50.0,0.0));
#353=VERTEX_POINT('',#352);
#354=CARTESIAN_POINT('',(-39.4680621818,-50.0,0.0));
#355=DIRECTION('',(1.0,0.0,0.0));
#356=VECTOR('',#355,1.0);
#357=LINE('',#354,#356);
#358=EDGE_CURVE('n° 126',#353,#345,#357,.T.);
#359=ORIENTED_EDGE('',*,*,#358,.F.);
#360=CARTESIAN_POINT('',(-39.4680621818,-55.0,0.0));
#361=VERTEX_POINT('',#360);
#362=CARTESIAN_POINT('',(-39.4680621818,-55.0,0.0));
#363=DIRECTION('',(0.0,1.0,0.0));
#364=VECTOR('',#363,1.0);
#365=LINE('',#362,#364);
#366=EDGE_CURVE('n° 130',#361,#353,#365,.T.);
#367=ORIENTED_EDGE('',*,*,#366,.F.);
#368=CARTESIAN_POINT('',(-49.4680621818,-55.0,0.0));
#369=VERTEX_POINT('',#368);
#370=CARTESIAN_POINT('',(-49.4680621818,-55.0,0.0));
#371=DIRECTION('',(1.0,0.0,0.0));
#372=VECTOR('',#371,1.0);
#373=LINE('',#370,#372);
#374=EDGE_CURVE('n° 134',#369,#361,#373,.T.);
#375=ORIENTED_EDGE('',*,*,#374,.F.);
#376=CARTESIAN_POINT('',(-49.4680621818,-50.0,0.0));
#377=VERTEX_POINT('',#376);
#378=CARTESIAN_POINT('',(-49.4680621818,-50.0,0.0));
#379=DIRECTION('',(0.0,-1.0,0.0));
#380=VECTOR('',#379,1.0);
#381=LINE('',#378,#380);
#382=EDGE_CURVE('n° 138',#377,#369,#381,.T.);
#383=ORIENTED_EDGE('',*,*,#382,.F.);
#384=CARTESIAN_POINT('',(-51.0,-50.0,0.0));
#385=DIRECTION('',(1.0,0.0,0.0));
#386=VECTOR('',#385,1.0);
#387=LINE('',#384,#386);
#388=EDGE_CURVE('n° 142',#295,#377,#387,.T.);
#389=ORIENTED_EDGE('',*,*,#388,.F.);
#390=EDGE_LOOP('',(
    #302,#310,#319,#327,#335,#343,#351,#359,#367,#375,
    #383,#389));
#391=FACE_BOUND('',#390,.T.);
#392=CARTESIAN_POINT('',(78.295417345,28.5,0.0));
#393=VERTEX_POINT('',#392);
#394=CARTESIAN_POINT('',(76.295417345,30.5,0.0));
#395=VERTEX_POINT('',#394);
#396=CARTESIAN_POINT('',(78.295417345,30.5,0.0));
#397=DIRECTION('',(-0.0,-0.0,-1.0));
#398=DIRECTION('',(1.0,0.0,-0.0));
#399=AXIS2_PLACEMENT_3D('',#396,#397,#398);
#400=CIRCLE('',#399,2.0);
#401=EDGE_CURVE('n° 2695',#393,#395,#400,.T.);
#402=ORIENTED_EDGE('',*,*,#401,.F.);
#403=CARTESIAN_POINT('',(87.295417345,28.5,0.0));
#404=VERTEX_POINT('',#403);
#405=CARTESIAN_POINT('',(-51.0,28.5,0.0));
#406=DIRECTION('',(1.0,0.0,0.0));
#407=VECTOR('',#406,1.0);
#408=LINE('',#405,#407);
#409=EDGE_CURVE('n° 2690',#393,#404,#408,.T.);
#410=ORIENTED_EDGE('',*,*,#409,.T.);
#411=CARTESIAN_POINT('',(89.295417345,30.5,0.0));
#412=VERTEX_POINT('',#411);
#413=CARTESIAN_POINT('',(87.295417345,30.5,0.0));
#414=DIRECTION('',(-0.0,-0.0,-1.0));
#415=DIRECTION('',(1.0,0.0,-0.0));
#416=AXIS2_PLACEMENT_3D('',#413,#414,#415);
#417=CIRCLE('',#416,2.0);
#418=EDGE_CURVE('n° 2715',#412,#404,#417,.T.);
#419=ORIENTED_EDGE('',*,*,#418,.F.);
#420=CARTESIAN_POINT('',(89.295417345,32.5,0.0));
#421=VERTEX_POINT('',#420);
#422=CARTESIAN_POINT('',(89.295417345,46.0,0.0));
#423=DIRECTION('',(0.0,1.0,0.0));
#424=VECTOR('',#423,1.0);
#425=LINE('',#422,#424);
#426=EDGE_CURVE('n° 2680',#412,#421,#425,.T.);
#427=ORIENTED_EDGE('',*,*,#426,.T.);
#428=CARTESIAN_POINT('',(87.295417345,34.5,0.0));
#429=VERTEX_POINT('',#428);
#430=CARTESIAN_POINT('',(87.295417345,32.5,0.0));
#431=DIRECTION('',(0.0,0.0,1.0));
#432=DIRECTION('',(1.0,0.0,-0.0));
#433=AXIS2_PLACEMENT_3D('',#430,#431,#432);
#434=CIRCLE('',#433,2.0);
#435=EDGE_CURVE('n° 2676',#421,#429,#434,.T.);
#436=ORIENTED_EDGE('',*,*,#435,.T.);
#437=CARTESIAN_POINT('',(78.295417345,34.5,0.0));
#438=VERTEX_POINT('',#437);
#439=CARTESIAN_POINT('',(-51.0,34.5,0.0));
#440=DIRECTION('',(-1.0,0.0,0.0));
#441=VECTOR('',#440,1.0);
#442=LINE('',#439,#441);
#443=EDGE_CURVE('n° 2672',#429,#438,#442,.T.);
#444=ORIENTED_EDGE('',*,*,#443,.T.);
#445=CARTESIAN_POINT('',(76.295417345,32.5,0.0));
#446=VERTEX_POINT('',#445);
#447=CARTESIAN_POINT('',(78.295417345,32.5,0.0));
#448=DIRECTION('',(0.0,0.0,1.0));
#449=DIRECTION('',(1.0,0.0,-0.0));
#450=AXIS2_PLACEMENT_3D('',#447,#448,#449);
#451=CIRCLE('',#450,2.0);
#452=EDGE_CURVE('n° 2668',#438,#446,#451,.T.);
#453=ORIENTED_EDGE('',*,*,#452,.T.);
#454=CARTESIAN_POINT('',(76.295417345,46.0,0.0));
#455=DIRECTION('',(0.0,1.0,0.0));
#456=VECTOR('',#455,1.0);
#457=LINE('',#454,#456);
#458=EDGE_CURVE('n° 2697',#395,#446,#457,.T.);
#459=ORIENTED_EDGE('',*,*,#458,.F.);
#460=EDGE_LOOP('',(#402,#410,#419,#427,#436,#444,#453,#459));
#461=FACE_BOUND('',#460,.T.);
#462=CARTESIAN_POINT('',(-5.7230062918,-11.5,0.0));
#463=VERTEX_POINT('',#462);
#464=CARTESIAN_POINT('',(-4.2230062918,-11.5,0.0));
#465=DIRECTION('',(0.0,0.0,-1.0));
#466=DIRECTION('',(-1.0,0.0,-0.0));
#467=AXIS2_PLACEMENT_3D('',#464,#465,#466);
#468=CIRCLE('',#467,1.5);
#469=EDGE_CURVE('n° 2378',#463,#463,#468,.T.);
#470=ORIENTED_EDGE('',*,*,#469,.F.);
#471=EDGE_LOOP('',(#470));
#472=FACE_BOUND('',#471,.T.);
#473=CARTESIAN_POINT('',(26.2769937082,-11.5,0.0));
#474=VERTEX_POINT('',#473);
#475=CARTESIAN_POINT('',(27.7769937082,-11.5,0.0));
#476=DIRECTION('',(0.0,0.0,-1.0));
#477=DIRECTION('',(-1.0,0.0,-0.0));
#478=AXIS2_PLACEMENT_3D('',#475,#476,#477);
#479=CIRCLE('',#478,1.5);
#480=EDGE_CURVE('n° 2426',#474,#474,#479,.T.);
#481=ORIENTED_EDGE('',*,*,#480,.F.);
#482=EDGE_LOOP('',(#481));
#483=FACE_BOUND('',#482,.T.);
#484=CARTESIAN_POINT('',(26.2769937082,-43.5,0.0));
#485=VERTEX_POINT('',#484);
#486=CARTESIAN_POINT('',(27.7769937082,-43.5,0.0));
#487=DIRECTION('',(0.0,0.0,-1.0));
#488=DIRECTION('',(-1.0,0.0,-0.0));
#489=AXIS2_PLACEMENT_3D('',#486,#487,#488);
#490=CIRCLE('',#489,1.5);
#491=EDGE_CURVE('n° 2450',#485,#485,#490,.T.);
#492=ORIENTED_EDGE('',*,*,#491,.F.);
#493=EDGE_LOOP('',(#492));
#494=FACE_BOUND('',#493,.T.);
#495=CARTESIAN_POINT('',(-5.7230062918,-43.5,0.0));
#496=VERTEX_POINT('',#495);
#497=CARTESIAN_POINT('',(-4.2230062918,-43.5,0.0));
#498=DIRECTION('',(0.0,0.0,-1.0));
#499=DIRECTION('',(-1.0,0.0,-0.0));
#500=AXIS2_PLACEMENT_3D('',#497,#498,#499);
#501=CIRCLE('',#500,1.5);
#502=EDGE_CURVE('n° 2474',#496,#496,#501,.T.);
#503=ORIENTED_EDGE('',*,*,#502,.F.);
#504=EDGE_LOOP('',(#503));
#505=FACE_BOUND('',#504,.T.);
#506=CARTESIAN_POINT('',(-42.8180621818,-50.3601486471,0.0));
#507=VERTEX_POINT('',#506);
#508=CARTESIAN_POINT('',(-44.4680621818,-50.3601486471,0.0));
#509=DIRECTION('',(0.0,0.0,1.0));
#510=DIRECTION('',(1.0,0.0,-0.0));
#511=AXIS2_PLACEMENT_3D('',#508,#509,#510);
#512=CIRCLE('',#511,1.65);
#513=EDGE_CURVE('n° 3328',#507,#507,#512,.T.);
#514=ORIENTED_EDGE('',*,*,#513,.T.);
#515=EDGE_LOOP('',(#514));
#516=FACE_BOUND('',#515,.T.);
#517=CARTESIAN_POINT('',(96.041625653,46.0,0.0));
#518=VERTEX_POINT('',#517);
#519=CARTESIAN_POINT('',(94.391625653,46.0,0.0));
#520=DIRECTION('',(0.0,0.0,1.0));
#521=DIRECTION('',(1.0,0.0,-0.0));
#522=AXIS2_PLACEMENT_3D('',#519,#520,#521);
#523=CIRCLE('',#522,1.65);
#524=EDGE_CURVE('n° 3304',#518,#518,#523,.T.);
#525=ORIENTED_EDGE('',*,*,#524,.T.);
#526=EDGE_LOOP('',(#525));
#527=FACE_BOUND('',#526,.T.);
#528=CARTESIAN_POINT('',(-49.8698213752,46.8794856009,0.0));
#529=VERTEX_POINT('',#528);
#530=CARTESIAN_POINT('',(-51.5198213752,46.8794856009,0.0));
#531=DIRECTION('',(0.0,0.0,1.0));
#532=DIRECTION('',(1.0,0.0,-0.0));
#533=AXIS2_PLACEMENT_3D('',#530,#531,#532);
#534=CIRCLE('',#533,1.65);
#535=EDGE_CURVE('n° 3280',#529,#529,#534,.T.);
#536=ORIENTED_EDGE('',*,*,#535,.T.);
#537=EDGE_LOOP('',(#536));
#538=FACE_BOUND('',#537,.T.);
#539=CARTESIAN_POINT('',(61.8649753842,-48.9779553991,0.0));
#540=VERTEX_POINT('',#539);
#541=CARTESIAN_POINT('',(60.2149753842,-48.9779553991,0.0));
#542=DIRECTION('',(0.0,0.0,1.0));
#543=DIRECTION('',(1.0,0.0,-0.0));
#544=AXIS2_PLACEMENT_3D('',#541,#542,#543);
#545=CIRCLE('',#544,1.65);
#546=EDGE_CURVE('n° 3256',#540,#540,#545,.T.);
#547=ORIENTED_EDGE('',*,*,#546,.T.);
#548=EDGE_LOOP('',(#547));
#549=FACE_BOUND('',#548,.T.);
#550=CARTESIAN_POINT('',(61.041625653,46.0,0.0));
#551=VERTEX_POINT('',#550);
#552=CARTESIAN_POINT('',(59.391625653,46.0,0.0));
#553=DIRECTION('',(0.0,0.0,1.0));
#554=DIRECTION('',(1.0,0.0,-0.0));
#555=AXIS2_PLACEMENT_3D('',#552,#553,#554);
#556=CIRCLE('',#555,1.65);
#557=EDGE_CURVE('n° 3232',#551,#551,#556,.T.);
#558=ORIENTED_EDGE('',*,*,#557,.T.);
#559=EDGE_LOOP('',(#558));
#560=FACE_BOUND('',#559,.T.);
#561=CARTESIAN_POINT('',(99.8649753842,-48.9779553991,0.0));
#562=VERTEX_POINT('',#561);
#563=CARTESIAN_POINT('',(98.2149753842,-48.9779553991,0.0));
#564=DIRECTION('',(0.0,0.0,1.0));
#565=DIRECTION('',(1.0,0.0,-0.0));
#566=AXIS2_PLACEMENT_3D('',#563,#564,#565);
#567=CIRCLE('',#566,1.65);
#568=EDGE_CURVE('n° 3208',#562,#562,#567,.T.);
#569=ORIENTED_EDGE('',*,*,#568,.T.);
#570=EDGE_LOOP('',(#569));
#571=FACE_BOUND('',#570,.T.);
#572=CARTESIAN_POINT('',(-48.0,-44.0,0.0));
#573=VERTEX_POINT('',#572);
#574=CARTESIAN_POINT('',(-11.2230062918,-44.0,0.0));
#575=VERTEX_POINT('',#574);
#576=CARTESIAN_POINT('',(0.0,-44.0,0.0));
#577=DIRECTION('',(1.0,0.0,0.0));
#578=VECTOR('',#577,1.0);
#579=LINE('',#576,#578);
#580=EDGE_CURVE('n° 2083',#573,#575,#579,.T.);
#581=ORIENTED_EDGE('',*,*,#580,.T.);
#582=CARTESIAN_POINT('',(-11.2230062918,-10.5,0.0));
#583=VERTEX_POINT('',#582);
#584=CARTESIAN_POINT('',(-11.2230062918,-0.0,0.0));
#585=DIRECTION('',(0.0,-1.0,0.0));
#586=VECTOR('',#585,1.0);
#587=LINE('',#584,#586);
#588=EDGE_CURVE('n° 2031',#583,#575,#587,.T.);
#589=ORIENTED_EDGE('',*,*,#588,.F.);
#590=CARTESIAN_POINT('',(-48.0,-10.5,0.0));
#591=VERTEX_POINT('',#590);
#592=CARTESIAN_POINT('',(-0.0,-10.5,0.0));
#593=DIRECTION('',(1.0,-0.0,0.0));
#594=VECTOR('',#593,1.0);
#595=LINE('',#592,#594);
#596=EDGE_CURVE('n° 2027',#591,#583,#595,.T.);
#597=ORIENTED_EDGE('',*,*,#596,.F.);
#598=CARTESIAN_POINT('',(-48.0,-14.5,0.0));
#599=VERTEX_POINT('',#598);
#600=CARTESIAN_POINT('',(-48.0,-0.0,0.0));
#601=DIRECTION('',(-0.0,1.0,0.0));
#602=VECTOR('',#601,1.0);
#603=LINE('',#600,#602);
#604=EDGE_CURVE('n° 2023',#599,#591,#603,.T.);
#605=ORIENTED_EDGE('',*,*,#604,.F.);
#606=CARTESIAN_POINT('',(-51.0,-17.5,0.0));
#607=VERTEX_POINT('',#606);
#608=CARTESIAN_POINT('',(-48.0,-17.5,0.0));
#609=DIRECTION('',(0.0,0.0,-1.0));
#610=DIRECTION('',(-1.0,0.0,-0.0));
#611=AXIS2_PLACEMENT_3D('',#608,#609,#610);
#612=CIRCLE('',#611,3.0);
#613=EDGE_CURVE('n° 1618',#607,#599,#612,.T.);
#614=ORIENTED_EDGE('',*,*,#613,.F.);
#615=CARTESIAN_POINT('',(-51.0,-37.0,0.0));
#616=VERTEX_POINT('',#615);
#617=CARTESIAN_POINT('',(-51.0,-37.0,0.0));
#618=DIRECTION('',(0.0,1.0,0.0));
#619=VECTOR('',#618,1.0);
#620=LINE('',#617,#619);
#621=EDGE_CURVE('n° 1615',#616,#607,#620,.T.);
#622=ORIENTED_EDGE('',*,*,#621,.F.);
#623=CARTESIAN_POINT('',(-48.0,-40.0,0.0));
#624=VERTEX_POINT('',#623);
#625=CARTESIAN_POINT('',(-48.0,-37.0,0.0));
#626=DIRECTION('',(0.0,0.0,-1.0));
#627=DIRECTION('',(-1.0,0.0,-0.0));
#628=AXIS2_PLACEMENT_3D('',#625,#626,#627);
#629=CIRCLE('',#628,3.0);
#630=EDGE_CURVE('n° 1612',#624,#616,#629,.T.);
#631=ORIENTED_EDGE('',*,*,#630,.F.);
#632=CARTESIAN_POINT('',(-48.0,-0.0,0.0));
#633=DIRECTION('',(0.0,-1.0,0.0));
#634=VECTOR('',#633,1.0);
#635=LINE('',#632,#634);
#636=EDGE_CURVE('n° 2080',#624,#573,#635,.T.);
#637=ORIENTED_EDGE('',*,*,#636,.T.);
#638=EDGE_LOOP('',(#581,#589,#597,#605,#614,#622,#631,#637));
#639=FACE_BOUND('',#638,.T.);
#640=CARTESIAN_POINT('',(-3.2230062918,-27.5,0.0));
#641=VERTEX_POINT('',#640);
#642=CARTESIAN_POINT('',(11.7769937082,-27.5,0.0));
#643=DIRECTION('',(0.0,0.0,-1.0));
#644=DIRECTION('',(-1.0,0.0,-0.0));
#645=AXIS2_PLACEMENT_3D('',#642,#643,#644);
#646=CIRCLE('',#645,15.0);
#647=EDGE_CURVE('n° 2402',#641,#641,#646,.T.);
#648=ORIENTED_EDGE('',*,*,#647,.F.);
#649=EDGE_LOOP('',(#648));
#650=FACE_BOUND('',#649,.T.);
#651=CARTESIAN_POINT('',(41.0,-4.7734586243,0.0));
#652=VERTEX_POINT('',#651);
#653=CARTESIAN_POINT('',(46.0,-4.7734586243,0.0));
#654=VERTEX_POINT('',#653);
#655=CARTESIAN_POINT('',(20.9961872539,-4.7734586243,0.0));
#656=DIRECTION('',(1.0,0.0,0.0));
#657=VECTOR('',#656,1.0);
#658=LINE('',#655,#657);
#659=EDGE_CURVE('n° 4022',#652,#654,#658,.T.);
#660=ORIENTED_EDGE('',*,*,#659,.F.);
#661=CARTESIAN_POINT('',(41.0,-41.0,0.0));
#662=VERTEX_POINT('',#661);
#663=CARTESIAN_POINT('',(41.0,-0.0,0.0));
#664=DIRECTION('',(-0.0,-1.0,0.0));
#665=VECTOR('',#664,1.0);
#666=LINE('',#663,#665);
#667=EDGE_CURVE('n° 1919',#652,#662,#666,.T.);
#668=ORIENTED_EDGE('',*,*,#667,.T.);
#669=CARTESIAN_POINT('',(46.0,-41.0,0.0));
#670=VERTEX_POINT('',#669);
#671=CARTESIAN_POINT('',(0.0,-41.0,0.0));
#672=DIRECTION('',(1.0,0.0,0.0));
#673=VECTOR('',#672,1.0);
#674=LINE('',#671,#673);
#675=EDGE_CURVE('n° 1922',#662,#670,#674,.T.);
#676=ORIENTED_EDGE('',*,*,#675,.T.);
#677=CARTESIAN_POINT('',(46.0,-35.0,0.0));
#678=VERTEX_POINT('',#677);
#679=CARTESIAN_POINT('',(46.0,0.0,0.0));
#680=DIRECTION('',(0.0,-1.0,0.0));
#681=VECTOR('',#680,1.0);
#682=LINE('',#679,#681);
#683=EDGE_CURVE('n° 3545',#678,#670,#682,.T.);
#684=ORIENTED_EDGE('',*,*,#683,.F.);
#685=CARTESIAN_POINT('',(55.4974105684,-35.0,0.0));
#686=VERTEX_POINT('',#685);
#687=CARTESIAN_POINT('',(-51.0,-35.0,0.0));
#688=DIRECTION('',(-1.0,0.0,0.0));
#689=VECTOR('',#688,1.0);
#690=LINE('',#687,#689);
#691=EDGE_CURVE('n° 3740',#686,#678,#690,.T.);
#692=ORIENTED_EDGE('',*,*,#691,.F.);
#693=CARTESIAN_POINT('',(55.4974105684,-25.0,0.0));
#694=VERTEX_POINT('',#693);
#695=CARTESIAN_POINT('',(55.4974105684,46.0,0.0));
#696=DIRECTION('',(0.0,1.0,0.0));
#697=VECTOR('',#696,1.0);
#698=LINE('',#695,#697);
#699=EDGE_CURVE('n° 3700',#686,#694,#698,.T.);
#700=ORIENTED_EDGE('',*,*,#699,.T.);
#701=CARTESIAN_POINT('',(46.0,-25.0,0.0));
#702=VERTEX_POINT('',#701);
#703=CARTESIAN_POINT('',(-51.0,-25.0,0.0));
#704=DIRECTION('',(-1.0,0.0,0.0));
#705=VECTOR('',#704,1.0);
#706=LINE('',#703,#705);
#707=EDGE_CURVE('n° 3717',#694,#702,#706,.T.);
#708=ORIENTED_EDGE('',*,*,#707,.T.);
#709=CARTESIAN_POINT('',(46.0,0.0,0.0));
#710=DIRECTION('',(0.0,-1.0,0.0));
#711=VECTOR('',#710,1.0);
#712=LINE('',#709,#711);
#713=EDGE_CURVE('n° 1907',#654,#702,#712,.T.);
#714=ORIENTED_EDGE('',*,*,#713,.F.);
#715=EDGE_LOOP('',(#660,#668,#676,#684,#692,#700,#708,#714));
#716=FACE_BOUND('',#715,.T.);
#717=CARTESIAN_POINT('',(-51.0,46.0,0.0));
#718=DIRECTION('',(0.0,0.0,1.0));
#719=DIRECTION('',(1.0,0.0,-0.0));
#720=AXIS2_PLACEMENT_3D('',#717,#718,#719);
#721=PLANE('',#720);
#722=ADVANCED_FACE('n° 2651',(#193,#291,#391,#461,#472,#483,#494,#505,#516,#527,
    #538,#549,#560,#571,#639,#650,#716),#721,.F.);
#723=CARTESIAN_POINT('',(26.7769937082,-27.5,5.0));
#724=VERTEX_POINT('',#723);
#725=CARTESIAN_POINT('',(11.7769937082,-27.5,5.0));
#726=DIRECTION('',(0.0,0.0,1.0));
#727=DIRECTION('',(1.0,0.0,-0.0));
#728=AXIS2_PLACEMENT_3D('',#725,#726,#727);
#729=CIRCLE('',#728,15.0);
#730=EDGE_CURVE('n° 2401',#724,#724,#729,.T.);
#731=ORIENTED_EDGE('',*,*,#730,.F.);
#732=EDGE_LOOP('',(#731));
#733=FACE_OUTER_BOUND('',#732,.T.);
#734=CARTESIAN_POINT('',(-18.5,-18.5,5.0));
#735=VERTEX_POINT('',#734);
#736=CARTESIAN_POINT('',(-22.5,-14.5,5.0));
#737=VERTEX_POINT('',#736);
#738=CARTESIAN_POINT('',(-22.5,-18.5,5.0));
#739=DIRECTION('',(0.0,0.0,1.0));
#740=DIRECTION('',(1.0,0.0,-0.0));
#741=AXIS2_PLACEMENT_3D('',#738,#739,#740);
#742=CIRCLE('',#741,4.0);
#743=EDGE_CURVE('n° 1503',#735,#737,#742,.T.);
#744=ORIENTED_EDGE('',*,*,#743,.F.);
#745=CARTESIAN_POINT('',(-18.5,-36.0,5.0));
#746=VERTEX_POINT('',#745);
#747=CARTESIAN_POINT('',(-18.5,46.0,5.0));
#748=DIRECTION('',(-0.0,1.0,0.0));
#749=VECTOR('',#748,1.0);
#750=LINE('',#747,#749);
#751=EDGE_CURVE('n° 1507',#746,#735,#750,.T.);
#752=ORIENTED_EDGE('',*,*,#751,.F.);
#753=CARTESIAN_POINT('',(-22.5,-40.0,5.0));
#754=VERTEX_POINT('',#753);
#755=CARTESIAN_POINT('',(-22.5,-36.0,5.0));
#756=DIRECTION('',(0.0,0.0,1.0));
#757=DIRECTION('',(1.0,0.0,-0.0));
#758=AXIS2_PLACEMENT_3D('',#755,#756,#757);
#759=CIRCLE('',#758,4.0);
#760=EDGE_CURVE('n° 1511',#754,#746,#759,.T.);
#761=ORIENTED_EDGE('',*,*,#760,.F.);
#762=CARTESIAN_POINT('',(-48.0,-40.0,5.0));
#763=VERTEX_POINT('',#762);
#764=CARTESIAN_POINT('',(-51.0,-40.0,5.0));
#765=DIRECTION('',(1.0,-0.0,0.0));
#766=VECTOR('',#765,1.0);
#767=LINE('',#764,#766);
#768=EDGE_CURVE('n° 1515',#763,#754,#767,.T.);
#769=ORIENTED_EDGE('',*,*,#768,.F.);
#770=CARTESIAN_POINT('',(-51.0,-37.0,5.0));
#771=VERTEX_POINT('',#770);
#772=CARTESIAN_POINT('',(-48.0,-37.0,5.0));
#773=DIRECTION('',(0.0,0.0,1.0));
#774=DIRECTION('',(1.0,0.0,-0.0));
#775=AXIS2_PLACEMENT_3D('',#772,#773,#774);
#776=CIRCLE('',#775,3.0);
#777=EDGE_CURVE('n° 1518',#771,#763,#776,.T.);
#778=ORIENTED_EDGE('',*,*,#777,.F.);
#779=CARTESIAN_POINT('',(-51.0,-17.5,5.0));
#780=VERTEX_POINT('',#779);
#781=CARTESIAN_POINT('',(-51.0,46.0,5.0));
#782=DIRECTION('',(0.0,-1.0,0.0));
#783=VECTOR('',#782,1.0);
#784=LINE('',#781,#783);
#785=EDGE_CURVE('n° 1491',#780,#771,#784,.T.);
#786=ORIENTED_EDGE('',*,*,#785,.F.);
#787=CARTESIAN_POINT('',(-48.0,-14.5,5.0));
#788=VERTEX_POINT('',#787);
#789=CARTESIAN_POINT('',(-48.0,-17.5,5.0));
#790=DIRECTION('',(0.0,0.0,1.0));
#791=DIRECTION('',(1.0,0.0,-0.0));
#792=AXIS2_PLACEMENT_3D('',#789,#790,#791);
#793=CIRCLE('',#792,3.0);
#794=EDGE_CURVE('n° 1495',#788,#780,#793,.T.);
#795=ORIENTED_EDGE('',*,*,#794,.F.);
#796=CARTESIAN_POINT('',(-51.0,-14.5,5.0));
#797=DIRECTION('',(-1.0,-0.0,0.0));
#798=VECTOR('',#797,1.0);
#799=LINE('',#796,#798);
#800=EDGE_CURVE('n° 1499',#737,#788,#799,.T.);
#801=ORIENTED_EDGE('',*,*,#800,.F.);
#802=EDGE_LOOP('',(#744,#752,#761,#769,#778,#786,#795,#801));
#803=FACE_BOUND('',#802,.T.);
#804=CARTESIAN_POINT('',(-55.0,46.0,5.0));
#805=VERTEX_POINT('',#804);
#806=CARTESIAN_POINT('',(-55.0,-46.0,5.0));
#807=VERTEX_POINT('',#806);
#808=CARTESIAN_POINT('',(-55.0,46.0,5.0));
#809=DIRECTION('',(0.0,-1.0,0.0));
#810=VECTOR('',#809,1.0);
#811=LINE('',#808,#810);
#812=EDGE_CURVE('n° 21',#805,#807,#811,.T.);
#813=ORIENTED_EDGE('',*,*,#812,.T.);
#814=CARTESIAN_POINT('',(-51.0,-50.0,5.0));
#815=VERTEX_POINT('',#814);
#816=CARTESIAN_POINT('',(-51.0,-46.0,5.0));
#817=DIRECTION('',(0.0,0.0,1.0));
#818=DIRECTION('',(1.0,0.0,-0.0));
#819=AXIS2_PLACEMENT_3D('',#816,#817,#818);
#820=CIRCLE('',#819,4.0);
#821=EDGE_CURVE('n° 25',#807,#815,#820,.T.);
#822=ORIENTED_EDGE('',*,*,#821,.T.);
#823=CARTESIAN_POINT('',(-49.4680621818,-50.0,5.0));
#824=VERTEX_POINT('',#823);
#825=CARTESIAN_POINT('',(-51.0,-50.0,5.0));
#826=DIRECTION('',(1.0,0.0,0.0));
#827=VECTOR('',#826,1.0);
#828=LINE('',#825,#827);
#829=EDGE_CURVE('n° 29',#815,#824,#828,.T.);
#830=ORIENTED_EDGE('',*,*,#829,.T.);
#831=CARTESIAN_POINT('',(-49.4680621818,-55.0,5.0));
#832=VERTEX_POINT('',#831);
#833=CARTESIAN_POINT('',(-49.4680621818,-50.0,5.0));
#834=DIRECTION('',(0.0,-1.0,0.0));
#835=VECTOR('',#834,1.0);
#836=LINE('',#833,#835);
#837=EDGE_CURVE('n° 33',#824,#832,#836,.T.);
#838=ORIENTED_EDGE('',*,*,#837,.T.);
#839=CARTESIAN_POINT('',(-39.4680621818,-55.0,5.0));
#840=VERTEX_POINT('',#839);
#841=CARTESIAN_POINT('',(-49.4680621818,-55.0,5.0));
#842=DIRECTION('',(1.0,0.0,0.0));
#843=VECTOR('',#842,1.0);
#844=LINE('',#841,#843);
#845=EDGE_CURVE('n° 37',#832,#840,#844,.T.);
#846=ORIENTED_EDGE('',*,*,#845,.T.);
#847=CARTESIAN_POINT('',(-39.4680621818,-50.0,5.0));
#848=VERTEX_POINT('',#847);
#849=CARTESIAN_POINT('',(-39.4680621818,-55.0,5.0));
#850=DIRECTION('',(0.0,1.0,0.0));
#851=VECTOR('',#850,1.0);
#852=LINE('',#849,#851);
#853=EDGE_CURVE('n° 41',#840,#848,#852,.T.);
#854=ORIENTED_EDGE('',*,*,#853,.T.);
#855=CARTESIAN_POINT('',(35.2149753842,-50.0,5.0));
#856=VERTEX_POINT('',#855);
#857=CARTESIAN_POINT('',(-39.4680621818,-50.0,5.0));
#858=DIRECTION('',(1.0,0.0,0.0));
#859=VECTOR('',#858,1.0);
#860=LINE('',#857,#859);
#861=EDGE_CURVE('n° 45',#848,#856,#860,.T.);
#862=ORIENTED_EDGE('',*,*,#861,.T.);
#863=CARTESIAN_POINT('',(35.2149753842,-55.0,5.0));
#864=VERTEX_POINT('',#863);
#865=CARTESIAN_POINT('',(35.2149753842,-50.0,5.0));
#866=DIRECTION('',(0.0,-1.0,0.0));
#867=VECTOR('',#866,1.0);
#868=LINE('',#865,#867);
#869=EDGE_CURVE('n° 49',#856,#864,#868,.T.);
#870=ORIENTED_EDGE('',*,*,#869,.T.);
#871=CARTESIAN_POINT('',(105.2149753842,-55.0,5.0));
#872=VERTEX_POINT('',#871);
#873=CARTESIAN_POINT('',(35.2149753842,-55.0,5.0));
#874=DIRECTION('',(1.0,-0.0,0.0));
#875=VECTOR('',#874,1.0);
#876=LINE('',#873,#875);
#877=EDGE_CURVE('n° 5',#864,#872,#876,.T.);
#878=ORIENTED_EDGE('',*,*,#877,.T.);
#879=CARTESIAN_POINT('',(105.2149753842,50.0,5.0));
#880=VERTEX_POINT('',#879);
#881=CARTESIAN_POINT('',(105.2149753842,-55.0,5.0));
#882=DIRECTION('',(0.0,1.0,0.0));
#883=VECTOR('',#882,1.0);
#884=LINE('',#881,#883);
#885=EDGE_CURVE('n° 9',#872,#880,#884,.T.);
#886=ORIENTED_EDGE('',*,*,#885,.T.);
#887=CARTESIAN_POINT('',(-51.0,50.0,5.0));
#888=VERTEX_POINT('',#887);
#889=CARTESIAN_POINT('',(105.2149753842,50.0,5.0));
#890=DIRECTION('',(-1.0,0.0,0.0));
#891=VECTOR('',#890,1.0);
#892=LINE('',#889,#891);
#893=EDGE_CURVE('n° 13',#880,#888,#892,.T.);
#894=ORIENTED_EDGE('',*,*,#893,.T.);
#895=CARTESIAN_POINT('',(-51.0,46.0,5.0));
#896=DIRECTION('',(0.0,0.0,1.0));
#897=DIRECTION('',(1.0,0.0,-0.0));
#898=AXIS2_PLACEMENT_3D('',#895,#896,#897);
#899=CIRCLE('',#898,4.0);
#900=EDGE_CURVE('n° 17',#888,#805,#899,.T.);
#901=ORIENTED_EDGE('',*,*,#900,.T.);
#902=EDGE_LOOP('',(
    #813,#822,#830,#838,#846,#854,#862,#870,#878,#886,
    #894,#901));
#903=FACE_BOUND('',#902,.T.);
#904=CARTESIAN_POINT('',(99.8649753842,-48.9779553991,5.0));
#905=VERTEX_POINT('',#904);
#906=CARTESIAN_POINT('',(98.2149753842,-48.9779553991,5.0));
#907=DIRECTION('',(0.0,0.0,1.0));
#908=DIRECTION('',(1.0,0.0,-0.0));
#909=AXIS2_PLACEMENT_3D('',#906,#907,#908);
#910=CIRCLE('',#909,1.65);
#911=EDGE_CURVE('n° 3212',#905,#905,#910,.T.);
#912=ORIENTED_EDGE('',*,*,#911,.F.);
#913=EDGE_LOOP('',(#912));
#914=FACE_BOUND('',#913,.T.);
#915=CARTESIAN_POINT('',(61.041625653,46.0,5.0));
#916=VERTEX_POINT('',#915);
#917=CARTESIAN_POINT('',(59.391625653,46.0,5.0));
#918=DIRECTION('',(0.0,0.0,1.0));
#919=DIRECTION('',(1.0,0.0,-0.0));
#920=AXIS2_PLACEMENT_3D('',#917,#918,#919);
#921=CIRCLE('',#920,1.65);
#922=EDGE_CURVE('n° 3236',#916,#916,#921,.T.);
#923=ORIENTED_EDGE('',*,*,#922,.F.);
#924=EDGE_LOOP('',(#923));
#925=FACE_BOUND('',#924,.T.);
#926=CARTESIAN_POINT('',(61.8649753842,-48.9779553991,5.0));
#927=VERTEX_POINT('',#926);
#928=CARTESIAN_POINT('',(60.2149753842,-48.9779553991,5.0));
#929=DIRECTION('',(0.0,0.0,1.0));
#930=DIRECTION('',(1.0,0.0,-0.0));
#931=AXIS2_PLACEMENT_3D('',#928,#929,#930);
#932=CIRCLE('',#931,1.65);
#933=EDGE_CURVE('n° 3260',#927,#927,#932,.T.);
#934=ORIENTED_EDGE('',*,*,#933,.F.);
#935=EDGE_LOOP('',(#934));
#936=FACE_BOUND('',#935,.T.);
#937=CARTESIAN_POINT('',(-49.8698213752,46.8794856009,5.0));
#938=VERTEX_POINT('',#937);
#939=CARTESIAN_POINT('',(-51.5198213752,46.8794856009,5.0));
#940=DIRECTION('',(0.0,0.0,1.0));
#941=DIRECTION('',(1.0,0.0,-0.0));
#942=AXIS2_PLACEMENT_3D('',#939,#940,#941);
#943=CIRCLE('',#942,1.65);
#944=EDGE_CURVE('n° 3284',#938,#938,#943,.T.);
#945=ORIENTED_EDGE('',*,*,#944,.F.);
#946=EDGE_LOOP('',(#945));
#947=FACE_BOUND('',#946,.T.);
#948=CARTESIAN_POINT('',(96.041625653,46.0,5.0));
#949=VERTEX_POINT('',#948);
#950=CARTESIAN_POINT('',(94.391625653,46.0,5.0));
#951=DIRECTION('',(0.0,0.0,1.0));
#952=DIRECTION('',(1.0,0.0,-0.0));
#953=AXIS2_PLACEMENT_3D('',#950,#951,#952);
#954=CIRCLE('',#953,1.65);
#955=EDGE_CURVE('n° 3308',#949,#949,#954,.T.);
#956=ORIENTED_EDGE('',*,*,#955,.F.);
#957=EDGE_LOOP('',(#956));
#958=FACE_BOUND('',#957,.T.);
#959=CARTESIAN_POINT('',(-42.8180621818,-50.3601486471,5.0));
#960=VERTEX_POINT('',#959);
#961=CARTESIAN_POINT('',(-44.4680621818,-50.3601486471,5.0));
#962=DIRECTION('',(0.0,0.0,1.0));
#963=DIRECTION('',(1.0,0.0,-0.0));
#964=AXIS2_PLACEMENT_3D('',#961,#962,#963);
#965=CIRCLE('',#964,1.65);
#966=EDGE_CURVE('n° 3332',#960,#960,#965,.T.);
#967=ORIENTED_EDGE('',*,*,#966,.F.);
#968=EDGE_LOOP('',(#967));
#969=FACE_BOUND('',#968,.T.);
#970=CARTESIAN_POINT('',(-2.7230062918,-11.5,5.0));
#971=VERTEX_POINT('',#970);
#972=CARTESIAN_POINT('',(-4.2230062918,-11.5,5.0));
#973=DIRECTION('',(0.0,0.0,1.0));
#974=DIRECTION('',(1.0,0.0,-0.0));
#975=AXIS2_PLACEMENT_3D('',#972,#973,#974);
#976=CIRCLE('',#975,1.5);
#977=EDGE_CURVE('n° 2377',#971,#971,#976,.T.);
#978=ORIENTED_EDGE('',*,*,#977,.F.);
#979=EDGE_LOOP('',(#978));
#980=FACE_BOUND('',#979,.T.);
#981=CARTESIAN_POINT('',(29.2769937082,-11.5,5.0));
#982=VERTEX_POINT('',#981);
#983=CARTESIAN_POINT('',(27.7769937082,-11.5,5.0));
#984=DIRECTION('',(0.0,0.0,1.0));
#985=DIRECTION('',(1.0,0.0,-0.0));
#986=AXIS2_PLACEMENT_3D('',#983,#984,#985);
#987=CIRCLE('',#986,1.5);
#988=EDGE_CURVE('n° 2425',#982,#982,#987,.T.);
#989=ORIENTED_EDGE('',*,*,#988,.F.);
#990=EDGE_LOOP('',(#989));
#991=FACE_BOUND('',#990,.T.);
#992=CARTESIAN_POINT('',(29.2769937082,-43.5,5.0));
#993=VERTEX_POINT('',#992);
#994=CARTESIAN_POINT('',(27.7769937082,-43.5,5.0));
#995=DIRECTION('',(0.0,0.0,1.0));
#996=DIRECTION('',(1.0,0.0,-0.0));
#997=AXIS2_PLACEMENT_3D('',#994,#995,#996);
#998=CIRCLE('',#997,1.5);
#999=EDGE_CURVE('n° 2449',#993,#993,#998,.T.);
#1000=ORIENTED_EDGE('',*,*,#999,.F.);
#1001=EDGE_LOOP('',(#1000));
#1002=FACE_BOUND('',#1001,.T.);
#1003=CARTESIAN_POINT('',(-2.7230062918,-43.5,5.0));
#1004=VERTEX_POINT('',#1003);
#1005=CARTESIAN_POINT('',(-4.2230062918,-43.5,5.0));
#1006=DIRECTION('',(0.0,0.0,1.0));
#1007=DIRECTION('',(1.0,0.0,-0.0));
#1008=AXIS2_PLACEMENT_3D('',#1005,#1006,#1007);
#1009=CIRCLE('',#1008,1.5);
#1010=EDGE_CURVE('n° 2473',#1004,#1004,#1009,.T.);
#1011=ORIENTED_EDGE('',*,*,#1010,.F.);
#1012=EDGE_LOOP('',(#1011));
#1013=FACE_BOUND('',#1012,.T.);
#1014=CARTESIAN_POINT('',(78.295417345,28.5,5.0));
#1015=VERTEX_POINT('',#1014);
#1016=CARTESIAN_POINT('',(87.295417345,28.5,5.0));
#1017=VERTEX_POINT('',#1016);
#1018=CARTESIAN_POINT('',(-51.0,28.5,5.0));
#1019=DIRECTION('',(1.0,0.0,0.0));
#1020=VECTOR('',#1019,1.0);
#1021=LINE('',#1018,#1020);
#1022=EDGE_CURVE('n° 2591',#1015,#1017,#1021,.T.);
#1023=ORIENTED_EDGE('',*,*,#1022,.F.);
#1024=CARTESIAN_POINT('',(76.295417345,30.5,5.0));
#1025=VERTEX_POINT('',#1024);
#1026=CARTESIAN_POINT('',(78.295417345,30.5,5.0));
#1027=DIRECTION('',(-0.0,-0.0,-1.0));
#1028=DIRECTION('',(1.0,0.0,-0.0));
#1029=AXIS2_PLACEMENT_3D('',#1026,#1027,#1028);
#1030=CIRCLE('',#1029,2.0);
#1031=EDGE_CURVE('n° 2618',#1015,#1025,#1030,.T.);
#1032=ORIENTED_EDGE('',*,*,#1031,.T.);
#1033=CARTESIAN_POINT('',(76.295417345,32.5,5.0));
#1034=VERTEX_POINT('',#1033);
#1035=CARTESIAN_POINT('',(76.295417345,46.0,5.0));
#1036=DIRECTION('',(0.0,1.0,0.0));
#1037=VECTOR('',#1036,1.0);
#1038=LINE('',#1035,#1037);
#1039=EDGE_CURVE('n° 2615',#1025,#1034,#1038,.T.);
#1040=ORIENTED_EDGE('',*,*,#1039,.T.);
#1041=CARTESIAN_POINT('',(78.295417345,34.5,5.0));
#1042=VERTEX_POINT('',#1041);
#1043=CARTESIAN_POINT('',(78.295417345,32.5,5.0));
#1044=DIRECTION('',(0.0,0.0,1.0));
#1045=DIRECTION('',(1.0,0.0,-0.0));
#1046=AXIS2_PLACEMENT_3D('',#1043,#1044,#1045);
#1047=CIRCLE('',#1046,2.0);
#1048=EDGE_CURVE('n° 2611',#1042,#1034,#1047,.T.);
#1049=ORIENTED_EDGE('',*,*,#1048,.F.);
#1050=CARTESIAN_POINT('',(87.295417345,34.5,5.0));
#1051=VERTEX_POINT('',#1050);
#1052=CARTESIAN_POINT('',(-51.0,34.5,5.0));
#1053=DIRECTION('',(-1.0,0.0,0.0));
#1054=VECTOR('',#1053,1.0);
#1055=LINE('',#1052,#1054);
#1056=EDGE_CURVE('n° 2607',#1051,#1042,#1055,.T.);
#1057=ORIENTED_EDGE('',*,*,#1056,.F.);
#1058=CARTESIAN_POINT('',(89.295417345,32.5,5.0));
#1059=VERTEX_POINT('',#1058);
#1060=CARTESIAN_POINT('',(87.295417345,32.5,5.0));
#1061=DIRECTION('',(0.0,0.0,1.0));
#1062=DIRECTION('',(1.0,0.0,-0.0));
#1063=AXIS2_PLACEMENT_3D('',#1060,#1061,#1062);
#1064=CIRCLE('',#1063,2.0);
#1065=EDGE_CURVE('n° 2603',#1059,#1051,#1064,.T.);
#1066=ORIENTED_EDGE('',*,*,#1065,.F.);
#1067=CARTESIAN_POINT('',(89.295417345,30.5,5.0));
#1068=VERTEX_POINT('',#1067);
#1069=CARTESIAN_POINT('',(89.295417345,46.0,5.0));
#1070=DIRECTION('',(0.0,1.0,0.0));
#1071=VECTOR('',#1070,1.0);
#1072=LINE('',#1069,#1071);
#1073=EDGE_CURVE('n° 2599',#1068,#1059,#1072,.T.);
#1074=ORIENTED_EDGE('',*,*,#1073,.F.);
#1075=CARTESIAN_POINT('',(87.295417345,30.5,5.0));
#1076=DIRECTION('',(-0.0,-0.0,-1.0));
#1077=DIRECTION('',(1.0,0.0,-0.0));
#1078=AXIS2_PLACEMENT_3D('',#1075,#1076,#1077);
#1079=CIRCLE('',#1078,2.0);
#1080=EDGE_CURVE('n° 2595',#1068,#1017,#1079,.T.);
#1081=ORIENTED_EDGE('',*,*,#1080,.T.);
#1082=EDGE_LOOP('',(#1023,#1032,#1040,#1049,#1057,#1066,#1074,#1081));
#1083=FACE_BOUND('',#1082,.T.);
#1084=CARTESIAN_POINT('',(-51.0,46.0,5.0));
#1085=DIRECTION('',(0.0,0.0,1.0));
#1086=DIRECTION('',(1.0,0.0,-0.0));
#1087=AXIS2_PLACEMENT_3D('',#1084,#1085,#1086);
#1088=PLANE('',#1087);
#1089=ADVANCED_FACE('n° 2621',(#733,#803,#903,#914,#925,#936,#947,#958,#969,#980,
    #991,#1002,#1013,#1083),#1088,.T.);
#1090=ORIENTED_EDGE('',*,*,#342,.T.);
#1091=CARTESIAN_POINT('',(105.2149753842,-55.0,5.0));
#1092=DIRECTION('',(0.0,0.0,-1.0));
#1093=VECTOR('',#1092,1.0);
#1094=LINE('',#1091,#1093);
#1095=EDGE_CURVE('n° 218',#872,#329,#1094,.T.);
#1096=ORIENTED_EDGE('',*,*,#1095,.F.);
#1097=ORIENTED_EDGE('',*,*,#877,.F.);
#1098=CARTESIAN_POINT('',(35.2149753842,-55.0,5.0));
#1099=DIRECTION('',(0.0,0.0,-1.0));
#1100=VECTOR('',#1099,1.0);
#1101=LINE('',#1098,#1100);
#1102=EDGE_CURVE('n° 207',#864,#337,#1101,.T.);
#1103=ORIENTED_EDGE('',*,*,#1102,.T.);
#1104=EDGE_LOOP('',(#1090,#1096,#1097,#1103));
#1105=FACE_OUTER_BOUND('',#1104,.T.);
#1106=CARTESIAN_POINT('',(35.2149753842,-55.0,5.0));
#1107=DIRECTION('',(0.0,1.0,-0.0));
#1108=DIRECTION('',(-1.0,0.0,0.0));
#1109=AXIS2_PLACEMENT_3D('',#1106,#1107,#1108);
#1110=PLANE('',#1109);
#1111=ADVANCED_FACE('n° 242',(#1105),#1110,.F.);
#1112=ORIENTED_EDGE('',*,*,#334,.T.);
#1113=CARTESIAN_POINT('',(105.2149753842,50.0,5.0));
#1114=DIRECTION('',(0.0,0.0,-1.0));
#1115=VECTOR('',#1114,1.0);
#1116=LINE('',#1113,#1115);
#1117=EDGE_CURVE('n° 217',#880,#321,#1116,.T.);
#1118=ORIENTED_EDGE('',*,*,#1117,.F.);
#1119=ORIENTED_EDGE('',*,*,#885,.F.);
#1120=ORIENTED_EDGE('',*,*,#1095,.T.);
#1121=EDGE_LOOP('',(#1112,#1118,#1119,#1120));
#1122=FACE_OUTER_BOUND('',#1121,.T.);
#1123=CARTESIAN_POINT('',(105.2149753842,-55.0,5.0));
#1124=DIRECTION('',(-1.0,0.0,0.0));
#1125=DIRECTION('',(0.0,0.0,1.0));
#1126=AXIS2_PLACEMENT_3D('',#1123,#1124,#1125);
#1127=PLANE('',#1126);
#1128=ADVANCED_FACE('n° 240',(#1122),#1127,.F.);
#1129=ORIENTED_EDGE('',*,*,#326,.T.);
#1130=CARTESIAN_POINT('',(-51.0,50.0,5.0));
#1131=DIRECTION('',(0.0,0.0,-1.0));
#1132=VECTOR('',#1131,1.0);
#1133=LINE('',#1130,#1132);
#1134=EDGE_CURVE('n° 216',#888,#312,#1133,.T.);
#1135=ORIENTED_EDGE('',*,*,#1134,.F.);
#1136=ORIENTED_EDGE('',*,*,#893,.F.);
#1137=ORIENTED_EDGE('',*,*,#1117,.T.);
#1138=EDGE_LOOP('',(#1129,#1135,#1136,#1137));
#1139=FACE_OUTER_BOUND('',#1138,.T.);
#1140=CARTESIAN_POINT('',(105.2149753842,50.0,5.0));
#1141=DIRECTION('',(0.0,-1.0,0.0));
#1142=DIRECTION('',(0.0,-0.0,-1.0));
#1143=AXIS2_PLACEMENT_3D('',#1140,#1141,#1142);
#1144=PLANE('',#1143);
#1145=ADVANCED_FACE('n° 238',(#1139),#1144,.F.);
#1146=ORIENTED_EDGE('',*,*,#318,.T.);
#1147=CARTESIAN_POINT('',(-55.0,46.0,5.0));
#1148=DIRECTION('',(0.0,0.0,-1.0));
#1149=VECTOR('',#1148,1.0);
#1150=LINE('',#1147,#1149);
#1151=EDGE_CURVE('n° 215',#805,#304,#1150,.T.);
#1152=ORIENTED_EDGE('',*,*,#1151,.F.);
#1153=ORIENTED_EDGE('',*,*,#900,.F.);
#1154=ORIENTED_EDGE('',*,*,#1134,.T.);
#1155=EDGE_LOOP('',(#1146,#1152,#1153,#1154));
#1156=FACE_OUTER_BOUND('',#1155,.T.);
#1157=CARTESIAN_POINT('',(-51.0,46.0,5.0));
#1158=DIRECTION('',(-0.0,-0.0,-1.0));
#1159=DIRECTION('',(-1.0,0.0,0.0));
#1160=AXIS2_PLACEMENT_3D('',#1157,#1158,#1159);
#1161=CYLINDRICAL_SURFACE('',#1160,4.0);
#1162=ADVANCED_FACE('n° 236',(#1156),#1161,.T.);
#1163=ORIENTED_EDGE('',*,*,#309,.T.);
#1164=CARTESIAN_POINT('',(-55.0,-46.0,5.0));
#1165=DIRECTION('',(0.0,0.0,-1.0));
#1166=VECTOR('',#1165,1.0);
#1167=LINE('',#1164,#1166);
#1168=EDGE_CURVE('n° 214',#807,#293,#1167,.T.);
#1169=ORIENTED_EDGE('',*,*,#1168,.F.);
#1170=ORIENTED_EDGE('',*,*,#812,.F.);
#1171=ORIENTED_EDGE('',*,*,#1151,.T.);
#1172=EDGE_LOOP('',(#1163,#1169,#1170,#1171));
#1173=FACE_OUTER_BOUND('',#1172,.T.);
#1174=CARTESIAN_POINT('',(-55.0,46.0,5.0));
#1175=DIRECTION('',(1.0,0.0,-0.0));
#1176=DIRECTION('',(-0.0,1.0,0.0));
#1177=AXIS2_PLACEMENT_3D('',#1174,#1175,#1176);
#1178=PLANE('',#1177);
#1179=ADVANCED_FACE('n° 234',(#1173),#1178,.F.);
#1180=ORIENTED_EDGE('',*,*,#301,.T.);
#1181=CARTESIAN_POINT('',(-51.0,-50.0,5.0));
#1182=DIRECTION('',(0.0,0.0,-1.0));
#1183=VECTOR('',#1182,1.0);
#1184=LINE('',#1181,#1183);
#1185=EDGE_CURVE('n° 213',#815,#295,#1184,.T.);
#1186=ORIENTED_EDGE('',*,*,#1185,.F.);
#1187=ORIENTED_EDGE('',*,*,#821,.F.);
#1188=ORIENTED_EDGE('',*,*,#1168,.T.);
#1189=EDGE_LOOP('',(#1180,#1186,#1187,#1188));
#1190=FACE_OUTER_BOUND('',#1189,.T.);
#1191=CARTESIAN_POINT('',(-51.0,-46.0,5.0));
#1192=DIRECTION('',(-0.0,-0.0,-1.0));
#1193=DIRECTION('',(-1.0,0.0,0.0));
#1194=AXIS2_PLACEMENT_3D('',#1191,#1192,#1193);
#1195=CYLINDRICAL_SURFACE('',#1194,4.0);
#1196=ADVANCED_FACE('n° 232',(#1190),#1195,.T.);
#1197=ORIENTED_EDGE('',*,*,#388,.T.);
#1198=CARTESIAN_POINT('',(-49.4680621818,-50.0,5.0));
#1199=DIRECTION('',(0.0,0.0,-1.0));
#1200=VECTOR('',#1199,1.0);
#1201=LINE('',#1198,#1200);
#1202=EDGE_CURVE('n° 212',#824,#377,#1201,.T.);
#1203=ORIENTED_EDGE('',*,*,#1202,.F.);
#1204=ORIENTED_EDGE('',*,*,#829,.F.);
#1205=ORIENTED_EDGE('',*,*,#1185,.T.);
#1206=EDGE_LOOP('',(#1197,#1203,#1204,#1205));
#1207=FACE_OUTER_BOUND('',#1206,.T.);
#1208=CARTESIAN_POINT('',(-51.0,-50.0,5.0));
#1209=DIRECTION('',(0.0,1.0,0.0));
#1210=DIRECTION('',(0.0,-0.0,1.0));
#1211=AXIS2_PLACEMENT_3D('',#1208,#1209,#1210);
#1212=PLANE('',#1211);
#1213=ADVANCED_FACE('n° 230',(#1207),#1212,.F.);
#1214=ORIENTED_EDGE('',*,*,#382,.T.);
#1215=CARTESIAN_POINT('',(-49.4680621818,-55.0,5.0));
#1216=DIRECTION('',(0.0,0.0,-1.0));
#1217=VECTOR('',#1216,1.0);
#1218=LINE('',#1215,#1217);
#1219=EDGE_CURVE('n° 211',#832,#369,#1218,.T.);
#1220=ORIENTED_EDGE('',*,*,#1219,.F.);
#1221=ORIENTED_EDGE('',*,*,#837,.F.);
#1222=ORIENTED_EDGE('',*,*,#1202,.T.);
#1223=EDGE_LOOP('',(#1214,#1220,#1221,#1222));
#1224=FACE_OUTER_BOUND('',#1223,.T.);
#1225=CARTESIAN_POINT('',(-49.4680621818,-50.0,5.0));
#1226=DIRECTION('',(1.0,0.0,-0.0));
#1227=DIRECTION('',(-0.0,0.0,-1.0));
#1228=AXIS2_PLACEMENT_3D('',#1225,#1226,#1227);
#1229=PLANE('',#1228);
#1230=ADVANCED_FACE('n° 228',(#1224),#1229,.F.);
#1231=ORIENTED_EDGE('',*,*,#374,.T.);
#1232=CARTESIAN_POINT('',(-39.4680621818,-55.0,5.0));
#1233=DIRECTION('',(0.0,0.0,-1.0));
#1234=VECTOR('',#1233,1.0);
#1235=LINE('',#1232,#1234);
#1236=EDGE_CURVE('n° 210',#840,#361,#1235,.T.);
#1237=ORIENTED_EDGE('',*,*,#1236,.F.);
#1238=ORIENTED_EDGE('',*,*,#845,.F.);
#1239=ORIENTED_EDGE('',*,*,#1219,.T.);
#1240=EDGE_LOOP('',(#1231,#1237,#1238,#1239));
#1241=FACE_OUTER_BOUND('',#1240,.T.);
#1242=CARTESIAN_POINT('',(-49.4680621818,-55.0,5.0));
#1243=DIRECTION('',(0.0,1.0,0.0));
#1244=DIRECTION('',(0.0,-0.0,1.0));
#1245=AXIS2_PLACEMENT_3D('',#1242,#1243,#1244);
#1246=PLANE('',#1245);
#1247=ADVANCED_FACE('n° 226',(#1241),#1246,.F.);
#1248=ORIENTED_EDGE('',*,*,#366,.T.);
#1249=CARTESIAN_POINT('',(-39.4680621818,-50.0,5.0));
#1250=DIRECTION('',(0.0,0.0,-1.0));
#1251=VECTOR('',#1250,1.0);
#1252=LINE('',#1249,#1251);
#1253=EDGE_CURVE('n° 209',#848,#353,#1252,.T.);
#1254=ORIENTED_EDGE('',*,*,#1253,.F.);
#1255=ORIENTED_EDGE('',*,*,#853,.F.);
#1256=ORIENTED_EDGE('',*,*,#1236,.T.);
#1257=EDGE_LOOP('',(#1248,#1254,#1255,#1256));
#1258=FACE_OUTER_BOUND('',#1257,.T.);
#1259=CARTESIAN_POINT('',(-39.4680621818,-55.0,5.0));
#1260=DIRECTION('',(-1.0,0.0,0.0));
#1261=DIRECTION('',(0.0,0.0,1.0));
#1262=AXIS2_PLACEMENT_3D('',#1259,#1260,#1261);
#1263=PLANE('',#1262);
#1264=ADVANCED_FACE('n° 224',(#1258),#1263,.F.);
#1265=ORIENTED_EDGE('',*,*,#358,.T.);
#1266=CARTESIAN_POINT('',(35.2149753842,-50.0,5.0));
#1267=DIRECTION('',(0.0,0.0,-1.0));
#1268=VECTOR('',#1267,1.0);
#1269=LINE('',#1266,#1268);
#1270=EDGE_CURVE('n° 208',#856,#345,#1269,.T.);
#1271=ORIENTED_EDGE('',*,*,#1270,.F.);
#1272=ORIENTED_EDGE('',*,*,#861,.F.);
#1273=ORIENTED_EDGE('',*,*,#1253,.T.);
#1274=EDGE_LOOP('',(#1265,#1271,#1272,#1273));
#1275=FACE_OUTER_BOUND('',#1274,.T.);
#1276=CARTESIAN_POINT('',(-39.4680621818,-50.0,5.0));
#1277=DIRECTION('',(-0.0,1.0,0.0));
#1278=DIRECTION('',(-1.0,-0.0,0.0));
#1279=AXIS2_PLACEMENT_3D('',#1276,#1277,#1278);
#1280=PLANE('',#1279);
#1281=ADVANCED_FACE('n° 222',(#1275),#1280,.F.);
#1282=ORIENTED_EDGE('',*,*,#350,.T.);
#1283=ORIENTED_EDGE('',*,*,#1102,.F.);
#1284=ORIENTED_EDGE('',*,*,#869,.F.);
#1285=ORIENTED_EDGE('',*,*,#1270,.T.);
#1286=EDGE_LOOP('',(#1282,#1283,#1284,#1285));
#1287=FACE_OUTER_BOUND('',#1286,.T.);
#1288=CARTESIAN_POINT('',(35.2149753842,-50.0,5.0));
#1289=DIRECTION('',(1.0,0.0,-0.0));
#1290=DIRECTION('',(-0.0,0.0,-1.0));
#1291=AXIS2_PLACEMENT_3D('',#1288,#1289,#1290);
#1292=PLANE('',#1291);
#1293=ADVANCED_FACE('n° 220',(#1287),#1292,.F.);
#1294=CARTESIAN_POINT('',(-37.0,6.9330227658,-36.0));
#1295=VERTEX_POINT('',#1294);
#1296=CARTESIAN_POINT('',(-37.0,41.9330227658,-36.0));
#1297=VERTEX_POINT('',#1296);
#1298=CARTESIAN_POINT('',(-37.0,41.9330227658,-36.0));
#1299=DIRECTION('',(0.0,1.0,0.0));
#1300=VECTOR('',#1299,1.0);
#1301=LINE('',#1298,#1300);
#1302=EDGE_CURVE('n° 4171',#1295,#1297,#1301,.T.);
#1303=ORIENTED_EDGE('',*,*,#1302,.F.);
#1304=CARTESIAN_POINT('',(-37.0,6.9330227658,-36.0));
#1305=DIRECTION('',(0.0,-0.0,1.0));
#1306=VECTOR('',#1305,1.0);
#1307=LINE('',#1304,#1306);
#1308=EDGE_CURVE('n° 4277',#1295,#195,#1307,.T.);
#1309=ORIENTED_EDGE('',*,*,#1308,.T.);
#1310=ORIENTED_EDGE('',*,*,#288,.T.);
#1311=CARTESIAN_POINT('',(-37.0,12.5,-12.4680621818));
#1312=VERTEX_POINT('',#1311);
#1313=CARTESIAN_POINT('',(-37.0,12.5,0.0));
#1314=DIRECTION('',(0.0,0.0,1.0));
#1315=VECTOR('',#1314,1.0);
#1316=LINE('',#1313,#1315);
#1317=EDGE_CURVE('n° 1314',#1312,#277,#1316,.T.);
#1318=ORIENTED_EDGE('',*,*,#1317,.F.);
#1319=CARTESIAN_POINT('',(-37.0,27.5,-12.4680621818));
#1320=VERTEX_POINT('',#1319);
#1321=CARTESIAN_POINT('',(-37.0,27.5,-12.4680621818));
#1322=DIRECTION('',(0.0,-1.0,0.0));
#1323=VECTOR('',#1322,1.0);
#1324=LINE('',#1321,#1323);
#1325=EDGE_CURVE('n° 1309',#1320,#1312,#1324,.T.);
#1326=ORIENTED_EDGE('',*,*,#1325,.F.);
#1327=CARTESIAN_POINT('',(-37.0,27.5,0.0));
#1328=DIRECTION('',(0.0,0.0,1.0));
#1329=VECTOR('',#1328,1.0);
#1330=LINE('',#1327,#1329);
#1331=EDGE_CURVE('n° 1302',#1320,#253,#1330,.T.);
#1332=ORIENTED_EDGE('',*,*,#1331,.T.);
#1333=ORIENTED_EDGE('',*,*,#258,.T.);
#1334=CARTESIAN_POINT('',(-37.0,41.9330227658,-36.0));
#1335=DIRECTION('',(0.0,0.0,1.0));
#1336=VECTOR('',#1335,1.0);
#1337=LINE('',#1334,#1336);
#1338=EDGE_CURVE('n° 401',#1297,#245,#1337,.T.);
#1339=ORIENTED_EDGE('',*,*,#1338,.F.);
#1340=EDGE_LOOP('',(#1303,#1309,#1310,#1318,#1326,#1332,#1333,#1339));
#1341=FACE_OUTER_BOUND('',#1340,.T.);
#1342=CARTESIAN_POINT('',(-37.0,41.9330227658,-36.0));
#1343=DIRECTION('',(1.0,-0.0,0.0));
#1344=DIRECTION('',(0.0,1.0,0.0));
#1345=AXIS2_PLACEMENT_3D('',#1342,#1343,#1344);
#1346=PLANE('',#1345);
#1347=ADVANCED_FACE('n° 430',(#1341),#1346,.F.);
#1348=ORIENTED_EDGE('',*,*,#250,.T.);
#1349=CARTESIAN_POINT('',(-33.0,41.9330227658,-36.0));
#1350=VERTEX_POINT('',#1349);
#1351=CARTESIAN_POINT('',(-33.0,41.9330227658,-36.0));
#1352=DIRECTION('',(0.0,0.0,1.0));
#1353=VECTOR('',#1352,1.0);
#1354=LINE('',#1351,#1353);
#1355=EDGE_CURVE('n° 405',#1350,#237,#1354,.T.);
#1356=ORIENTED_EDGE('',*,*,#1355,.F.);
#1357=CARTESIAN_POINT('',(-37.0,41.9330227658,-36.0));
#1358=DIRECTION('',(1.0,0.0,0.0));
#1359=VECTOR('',#1358,1.0);
#1360=LINE('',#1357,#1359);
#1361=EDGE_CURVE('n° 413',#1297,#1350,#1360,.T.);
#1362=ORIENTED_EDGE('',*,*,#1361,.F.);
#1363=ORIENTED_EDGE('',*,*,#1338,.T.);
#1364=EDGE_LOOP('',(#1348,#1356,#1362,#1363));
#1365=FACE_OUTER_BOUND('',#1364,.T.);
#1366=CARTESIAN_POINT('',(-37.0,41.9330227658,-36.0));
#1367=DIRECTION('',(0.0,-1.0,0.0));
#1368=DIRECTION('',(0.0,-0.0,-1.0));
#1369=AXIS2_PLACEMENT_3D('',#1366,#1367,#1368);
#1370=PLANE('',#1369);
#1371=ADVANCED_FACE('n° 434',(#1365),#1370,.F.);
#1372=ORIENTED_EDGE('',*,*,#210,.T.);
#1373=CARTESIAN_POINT('',(-33.0,6.9330227658,-36.0));
#1374=VERTEX_POINT('',#1373);
#1375=CARTESIAN_POINT('',(-33.0,6.9330227658,-36.0));
#1376=DIRECTION('',(0.0,0.0,-1.0));
#1377=VECTOR('',#1376,1.0);
#1378=LINE('',#1375,#1377);
#1379=EDGE_CURVE('n° 4279',#197,#1374,#1378,.T.);
#1380=ORIENTED_EDGE('',*,*,#1379,.T.);
#1381=CARTESIAN_POINT('',(-33.0,41.9330227658,-36.0));
#1382=DIRECTION('',(-0.0,-1.0,0.0));
#1383=VECTOR('',#1382,1.0);
#1384=LINE('',#1381,#1383);
#1385=EDGE_CURVE('n° 416',#1350,#1374,#1384,.T.);
#1386=ORIENTED_EDGE('',*,*,#1385,.F.);
#1387=ORIENTED_EDGE('',*,*,#1355,.T.);
#1388=ORIENTED_EDGE('',*,*,#242,.T.);
#1389=CARTESIAN_POINT('',(-33.0,27.5,-12.4680621818));
#1390=VERTEX_POINT('',#1389);
#1391=CARTESIAN_POINT('',(-33.0,27.5,0.0));
#1392=DIRECTION('',(0.0,0.0,-1.0));
#1393=VECTOR('',#1392,1.0);
#1394=LINE('',#1391,#1393);
#1395=EDGE_CURVE('n° 1199',#229,#1390,#1394,.T.);
#1396=ORIENTED_EDGE('',*,*,#1395,.T.);
#1397=CARTESIAN_POINT('',(-33.0,12.5,-12.4680621818));
#1398=VERTEX_POINT('',#1397);
#1399=CARTESIAN_POINT('',(-33.0,27.5,-12.4680621818));
#1400=DIRECTION('',(0.0,-1.0,0.0));
#1401=VECTOR('',#1400,1.0);
#1402=LINE('',#1399,#1401);
#1403=EDGE_CURVE('n° 1202',#1390,#1398,#1402,.T.);
#1404=ORIENTED_EDGE('',*,*,#1403,.T.);
#1405=CARTESIAN_POINT('',(-33.0,12.5,-0.0));
#1406=DIRECTION('',(0.0,0.0,-1.0));
#1407=VECTOR('',#1406,1.0);
#1408=LINE('',#1405,#1407);
#1409=EDGE_CURVE('n° 1211',#205,#1398,#1408,.T.);
#1410=ORIENTED_EDGE('',*,*,#1409,.F.);
#1411=EDGE_LOOP('',(#1372,#1380,#1386,#1387,#1388,#1396,#1404,#1410));
#1412=FACE_OUTER_BOUND('',#1411,.T.);
#1413=CARTESIAN_POINT('',(-33.0,41.9330227658,-36.0));
#1414=DIRECTION('',(-1.0,0.0,0.0));
#1415=DIRECTION('',(-0.0,-1.0,0.0));
#1416=AXIS2_PLACEMENT_3D('',#1413,#1414,#1415);
#1417=PLANE('',#1416);
#1418=ADVANCED_FACE('n° 438',(#1412),#1417,.F.);
#1419=ORIENTED_EDGE('',*,*,#1385,.T.);
#1420=CARTESIAN_POINT('',(-67.0,6.9330227658,-36.0));
#1421=DIRECTION('',(1.0,0.0,0.0));
#1422=VECTOR('',#1421,1.0);
#1423=LINE('',#1420,#1422);
#1424=EDGE_CURVE('n° 4237',#1295,#1374,#1423,.T.);
#1425=ORIENTED_EDGE('',*,*,#1424,.F.);
#1426=ORIENTED_EDGE('',*,*,#1302,.T.);
#1427=ORIENTED_EDGE('',*,*,#1361,.T.);
#1428=EDGE_LOOP('',(#1419,#1425,#1426,#1427));
#1429=FACE_OUTER_BOUND('',#1428,.T.);
#1430=CARTESIAN_POINT('',(0.0,0.0,-36.0));
#1431=DIRECTION('',(0.0,0.0,1.0));
#1432=DIRECTION('',(1.0,0.0,-0.0));
#1433=AXIS2_PLACEMENT_3D('',#1430,#1431,#1432);
#1434=PLANE('',#1433);
#1435=ADVANCED_FACE('n° 446',(#1429),#1434,.F.);
#1436=CARTESIAN_POINT('',(-1.0,6.9330227658,-36.0));
#1437=VERTEX_POINT('',#1436);
#1438=CARTESIAN_POINT('',(-1.0,41.9330227658,-36.0));
#1439=VERTEX_POINT('',#1438);
#1440=CARTESIAN_POINT('',(-1.0,41.9330227658,-36.0));
#1441=DIRECTION('',(0.0,1.0,0.0));
#1442=VECTOR('',#1441,1.0);
#1443=LINE('',#1440,#1442);
#1444=EDGE_CURVE('n° 4140',#1437,#1439,#1443,.T.);
#1445=ORIENTED_EDGE('',*,*,#1444,.F.);
#1446=CARTESIAN_POINT('',(-1.0,6.9330227658,-36.0));
#1447=DIRECTION('',(0.0,-0.0,1.0));
#1448=VECTOR('',#1447,1.0);
#1449=LINE('',#1446,#1448);
#1450=EDGE_CURVE('n° 4285',#1437,#155,#1449,.T.);
#1451=ORIENTED_EDGE('',*,*,#1450,.T.);
#1452=ORIENTED_EDGE('',*,*,#160,.T.);
#1453=CARTESIAN_POINT('',(-1.0,12.5,-12.4680621818));
#1454=VERTEX_POINT('',#1453);
#1455=CARTESIAN_POINT('',(-1.0,12.5,0.0));
#1456=DIRECTION('',(0.0,0.0,1.0));
#1457=VECTOR('',#1456,1.0);
#1458=LINE('',#1455,#1457);
#1459=EDGE_CURVE('n° 1111',#1454,#147,#1458,.T.);
#1460=ORIENTED_EDGE('',*,*,#1459,.F.);
#1461=CARTESIAN_POINT('',(-1.0,27.5,-12.4680621818));
#1462=VERTEX_POINT('',#1461);
#1463=CARTESIAN_POINT('',(-1.0,27.5,-12.4680621818));
#1464=DIRECTION('',(0.0,-1.0,0.0));
#1465=VECTOR('',#1464,1.0);
#1466=LINE('',#1463,#1465);
#1467=EDGE_CURVE('n° 1103',#1462,#1454,#1466,.T.);
#1468=ORIENTED_EDGE('',*,*,#1467,.F.);
#1469=CARTESIAN_POINT('',(-1.0,27.5,0.0));
#1470=DIRECTION('',(0.0,0.0,1.0));
#1471=VECTOR('',#1470,1.0);
#1472=LINE('',#1469,#1471);
#1473=EDGE_CURVE('n° 1096',#1462,#123,#1472,.T.);
#1474=ORIENTED_EDGE('',*,*,#1473,.T.);
#1475=ORIENTED_EDGE('',*,*,#128,.T.);
#1476=CARTESIAN_POINT('',(-1.0,41.9330227658,-36.0));
#1477=DIRECTION('',(0.0,0.0,1.0));
#1478=VECTOR('',#1477,1.0);
#1479=LINE('',#1476,#1478);
#1480=EDGE_CURVE('n° 510',#1439,#115,#1479,.T.);
#1481=ORIENTED_EDGE('',*,*,#1480,.F.);
#1482=EDGE_LOOP('',(#1445,#1451,#1452,#1460,#1468,#1474,#1475,#1481));
#1483=FACE_OUTER_BOUND('',#1482,.T.);
#1484=CARTESIAN_POINT('',(-1.0,41.9330227658,-36.0));
#1485=DIRECTION('',(1.0,-0.0,0.0));
#1486=DIRECTION('',(0.0,1.0,0.0));
#1487=AXIS2_PLACEMENT_3D('',#1484,#1485,#1486);
#1488=PLANE('',#1487);
#1489=ADVANCED_FACE('n° 539',(#1483),#1488,.F.);
#1490=ORIENTED_EDGE('',*,*,#120,.T.);
#1491=CARTESIAN_POINT('',(3.0,41.9330227658,-36.0));
#1492=VERTEX_POINT('',#1491);
#1493=CARTESIAN_POINT('',(3.0,41.9330227658,-36.0));
#1494=DIRECTION('',(0.0,0.0,1.0));
#1495=VECTOR('',#1494,1.0);
#1496=LINE('',#1493,#1495);
#1497=EDGE_CURVE('n° 514',#1492,#107,#1496,.T.);
#1498=ORIENTED_EDGE('',*,*,#1497,.F.);
#1499=CARTESIAN_POINT('',(-1.0,41.9330227658,-36.0));
#1500=DIRECTION('',(1.0,-0.0,0.0));
#1501=VECTOR('',#1500,1.0);
#1502=LINE('',#1499,#1501);
#1503=EDGE_CURVE('n° 522',#1439,#1492,#1502,.T.);
#1504=ORIENTED_EDGE('',*,*,#1503,.F.);
#1505=ORIENTED_EDGE('',*,*,#1480,.T.);
#1506=EDGE_LOOP('',(#1490,#1498,#1504,#1505));
#1507=FACE_OUTER_BOUND('',#1506,.T.);
#1508=CARTESIAN_POINT('',(-1.0,41.9330227658,-36.0));
#1509=DIRECTION('',(-0.0,-1.0,-0.0));
#1510=DIRECTION('',(1.0,-0.0,0.0));
#1511=AXIS2_PLACEMENT_3D('',#1508,#1509,#1510);
#1512=PLANE('',#1511);
#1513=ADVANCED_FACE('n° 543',(#1507),#1512,.F.);
#1514=ORIENTED_EDGE('',*,*,#176,.T.);
#1515=CARTESIAN_POINT('',(3.0,6.9330227658,-36.0));
#1516=VERTEX_POINT('',#1515);
#1517=CARTESIAN_POINT('',(3.0,6.9330227658,-36.0));
#1518=DIRECTION('',(0.0,0.0,-1.0));
#1519=VECTOR('',#1518,1.0);
#1520=LINE('',#1517,#1519);
#1521=EDGE_CURVE('n° 4287',#163,#1516,#1520,.T.);
#1522=ORIENTED_EDGE('',*,*,#1521,.T.);
#1523=CARTESIAN_POINT('',(3.0,41.9330227658,-36.0));
#1524=DIRECTION('',(-0.0,-1.0,0.0));
#1525=VECTOR('',#1524,1.0);
#1526=LINE('',#1523,#1525);
#1527=EDGE_CURVE('n° 525',#1492,#1516,#1526,.T.);
#1528=ORIENTED_EDGE('',*,*,#1527,.F.);
#1529=ORIENTED_EDGE('',*,*,#1497,.T.);
#1530=ORIENTED_EDGE('',*,*,#112,.T.);
#1531=CARTESIAN_POINT('',(3.0,27.5,-12.4680621818));
#1532=VERTEX_POINT('',#1531);
#1533=CARTESIAN_POINT('',(3.0,27.5,0.0));
#1534=DIRECTION('',(-0.0,0.0,1.0));
#1535=VECTOR('',#1534,1.0);
#1536=LINE('',#1533,#1535);
#1537=EDGE_CURVE('n° 1003',#1532,#99,#1536,.T.);
#1538=ORIENTED_EDGE('',*,*,#1537,.F.);
#1539=CARTESIAN_POINT('',(3.0,12.5,-12.4680621818));
#1540=VERTEX_POINT('',#1539);
#1541=CARTESIAN_POINT('',(3.0,27.5,-12.4680621818));
#1542=DIRECTION('',(0.0,-1.0,0.0));
#1543=VECTOR('',#1542,1.0);
#1544=LINE('',#1541,#1543);
#1545=EDGE_CURVE('n° 1002',#1532,#1540,#1544,.T.);
#1546=ORIENTED_EDGE('',*,*,#1545,.T.);
#1547=CARTESIAN_POINT('',(3.0,12.5,0.0));
#1548=DIRECTION('',(-0.0,0.0,1.0));
#1549=VECTOR('',#1548,1.0);
#1550=LINE('',#1547,#1549);
#1551=EDGE_CURVE('n° 998',#1540,#171,#1550,.T.);
#1552=ORIENTED_EDGE('',*,*,#1551,.T.);
#1553=EDGE_LOOP('',(#1514,#1522,#1528,#1529,#1530,#1538,#1546,#1552));
#1554=FACE_OUTER_BOUND('',#1553,.T.);
#1555=CARTESIAN_POINT('',(3.0,41.9330227658,-36.0));
#1556=DIRECTION('',(-1.0,0.0,0.0));
#1557=DIRECTION('',(-0.0,-1.0,0.0));
#1558=AXIS2_PLACEMENT_3D('',#1555,#1556,#1557);
#1559=PLANE('',#1558);
#1560=ADVANCED_FACE('n° 547',(#1554),#1559,.F.);
#1561=ORIENTED_EDGE('',*,*,#1527,.T.);
#1562=CARTESIAN_POINT('',(-67.0,6.9330227658,-36.0));
#1563=DIRECTION('',(1.0,-0.0,0.0));
#1564=VECTOR('',#1563,1.0);
#1565=LINE('',#1562,#1564);
#1566=EDGE_CURVE('n° 4244',#1437,#1516,#1565,.T.);
#1567=ORIENTED_EDGE('',*,*,#1566,.F.);
#1568=ORIENTED_EDGE('',*,*,#1444,.T.);
#1569=ORIENTED_EDGE('',*,*,#1503,.T.);
#1570=EDGE_LOOP('',(#1561,#1567,#1568,#1569));
#1571=FACE_OUTER_BOUND('',#1570,.T.);
#1572=CARTESIAN_POINT('',(0.0,0.0,-36.0));
#1573=DIRECTION('',(0.0,0.0,1.0));
#1574=DIRECTION('',(1.0,0.0,-0.0));
#1575=AXIS2_PLACEMENT_3D('',#1572,#1573,#1574);
#1576=PLANE('',#1575);
#1577=ADVANCED_FACE('n° 555',(#1571),#1576,.F.);
#1578=CARTESIAN_POINT('',(16.0,6.9330227658,-36.0));
#1579=VERTEX_POINT('',#1578);
#1580=CARTESIAN_POINT('',(16.0,41.9330227658,-36.0));
#1581=VERTEX_POINT('',#1580);
#1582=CARTESIAN_POINT('',(16.0,41.9330227658,-36.0));
#1583=DIRECTION('',(0.0,1.0,0.0));
#1584=VECTOR('',#1583,1.0);
#1585=LINE('',#1582,#1584);
#1586=EDGE_CURVE('n° 4108',#1579,#1581,#1585,.T.);
#1587=ORIENTED_EDGE('',*,*,#1586,.F.);
#1588=CARTESIAN_POINT('',(16.0,6.9330227658,-36.0));
#1589=DIRECTION('',(0.0,-0.0,1.0));
#1590=VECTOR('',#1589,1.0);
#1591=LINE('',#1588,#1590);
#1592=EDGE_CURVE('n° 4289',#1579,#17,#1591,.T.);
#1593=ORIENTED_EDGE('',*,*,#1592,.T.);
#1594=ORIENTED_EDGE('',*,*,#24,.T.);
#1595=CARTESIAN_POINT('',(16.0,12.5,-12.4680621818));
#1596=VERTEX_POINT('',#1595);
#1597=CARTESIAN_POINT('',(16.0,12.5,-0.0));
#1598=DIRECTION('',(0.0,0.0,1.0));
#1599=VECTOR('',#1598,1.0);
#1600=LINE('',#1597,#1599);
#1601=EDGE_CURVE('n° 905',#1596,#19,#1600,.T.);
#1602=ORIENTED_EDGE('',*,*,#1601,.F.);
#1603=CARTESIAN_POINT('',(16.0,27.5,-12.4680621818));
#1604=VERTEX_POINT('',#1603);
#1605=CARTESIAN_POINT('',(16.0,27.5,-12.4680621818));
#1606=DIRECTION('',(0.0,-1.0,0.0));
#1607=VECTOR('',#1606,1.0);
#1608=LINE('',#1605,#1607);
#1609=EDGE_CURVE('n° 900',#1604,#1596,#1608,.T.);
#1610=ORIENTED_EDGE('',*,*,#1609,.F.);
#1611=CARTESIAN_POINT('',(16.0,27.5,-0.0));
#1612=DIRECTION('',(0.0,0.0,1.0));
#1613=VECTOR('',#1612,1.0);
#1614=LINE('',#1611,#1613);
#1615=EDGE_CURVE('n° 893',#1604,#83,#1614,.T.);
#1616=ORIENTED_EDGE('',*,*,#1615,.T.);
#1617=ORIENTED_EDGE('',*,*,#88,.T.);
#1618=CARTESIAN_POINT('',(16.0,41.9330227658,-36.0));
#1619=DIRECTION('',(0.0,0.0,1.0));
#1620=VECTOR('',#1619,1.0);
#1621=LINE('',#1618,#1620);
#1622=EDGE_CURVE('n° 619',#1581,#75,#1621,.T.);
#1623=ORIENTED_EDGE('',*,*,#1622,.F.);
#1624=EDGE_LOOP('',(#1587,#1593,#1594,#1602,#1610,#1616,#1617,#1623));
#1625=FACE_OUTER_BOUND('',#1624,.T.);
#1626=CARTESIAN_POINT('',(16.0,41.9330227658,-36.0));
#1627=DIRECTION('',(1.0,-0.0,0.0));
#1628=DIRECTION('',(0.0,1.0,0.0));
#1629=AXIS2_PLACEMENT_3D('',#1626,#1627,#1628);
#1630=PLANE('',#1629);
#1631=ADVANCED_FACE('n° 648',(#1625),#1630,.F.);
#1632=ORIENTED_EDGE('',*,*,#80,.T.);
#1633=CARTESIAN_POINT('',(20.0,41.9330227658,-36.0));
#1634=VERTEX_POINT('',#1633);
#1635=CARTESIAN_POINT('',(20.0,41.9330227658,-36.0));
#1636=DIRECTION('',(0.0,0.0,1.0));
#1637=VECTOR('',#1636,1.0);
#1638=LINE('',#1635,#1637);
#1639=EDGE_CURVE('n° 623',#1634,#67,#1638,.T.);
#1640=ORIENTED_EDGE('',*,*,#1639,.F.);
#1641=CARTESIAN_POINT('',(16.0,41.9330227658,-36.0));
#1642=DIRECTION('',(1.0,0.0,0.0));
#1643=VECTOR('',#1642,1.0);
#1644=LINE('',#1641,#1643);
#1645=EDGE_CURVE('n° 631',#1581,#1634,#1644,.T.);
#1646=ORIENTED_EDGE('',*,*,#1645,.F.);
#1647=ORIENTED_EDGE('',*,*,#1622,.T.);
#1648=EDGE_LOOP('',(#1632,#1640,#1646,#1647));
#1649=FACE_OUTER_BOUND('',#1648,.T.);
#1650=CARTESIAN_POINT('',(16.0,41.9330227658,-36.0));
#1651=DIRECTION('',(0.0,-1.0,0.0));
#1652=DIRECTION('',(0.0,-0.0,-1.0));
#1653=AXIS2_PLACEMENT_3D('',#1650,#1651,#1652);
#1654=PLANE('',#1653);
#1655=ADVANCED_FACE('n° 652',(#1649),#1654,.F.);
#1656=ORIENTED_EDGE('',*,*,#40,.T.);
#1657=CARTESIAN_POINT('',(20.0,6.9330227658,-36.0));
#1658=VERTEX_POINT('',#1657);
#1659=CARTESIAN_POINT('',(20.0,6.9330227658,-36.0));
#1660=DIRECTION('',(0.0,-0.0,1.0));
#1661=VECTOR('',#1660,1.0);
#1662=LINE('',#1659,#1661);
#1663=EDGE_CURVE('n° 4298',#1658,#27,#1662,.T.);
#1664=ORIENTED_EDGE('',*,*,#1663,.F.);
#1665=CARTESIAN_POINT('',(20.0,41.9330227658,-36.0));
#1666=DIRECTION('',(-0.0,-1.0,0.0));
#1667=VECTOR('',#1666,1.0);
#1668=LINE('',#1665,#1667);
#1669=EDGE_CURVE('n° 634',#1634,#1658,#1668,.T.);
#1670=ORIENTED_EDGE('',*,*,#1669,.F.);
#1671=ORIENTED_EDGE('',*,*,#1639,.T.);
#1672=ORIENTED_EDGE('',*,*,#72,.T.);
#1673=CARTESIAN_POINT('',(20.0,27.5,-12.4680621818));
#1674=VERTEX_POINT('',#1673);
#1675=CARTESIAN_POINT('',(20.0,27.5,-0.0));
#1676=DIRECTION('',(0.0,0.0,1.0));
#1677=VECTOR('',#1676,1.0);
#1678=LINE('',#1675,#1677);
#1679=EDGE_CURVE('n° 800',#1674,#59,#1678,.T.);
#1680=ORIENTED_EDGE('',*,*,#1679,.F.);
#1681=CARTESIAN_POINT('',(20.0,12.5,-12.4680621818));
#1682=VERTEX_POINT('',#1681);
#1683=CARTESIAN_POINT('',(20.0,27.5,-12.4680621818));
#1684=DIRECTION('',(0.0,-1.0,0.0));
#1685=VECTOR('',#1684,1.0);
#1686=LINE('',#1683,#1685);
#1687=EDGE_CURVE('n° 795',#1674,#1682,#1686,.T.);
#1688=ORIENTED_EDGE('',*,*,#1687,.T.);
#1689=CARTESIAN_POINT('',(20.0,12.5,-0.0));
#1690=DIRECTION('',(0.0,0.0,1.0));
#1691=VECTOR('',#1690,1.0);
#1692=LINE('',#1689,#1691);
#1693=EDGE_CURVE('n° 791',#1682,#35,#1692,.T.);
#1694=ORIENTED_EDGE('',*,*,#1693,.T.);
#1695=EDGE_LOOP('',(#1656,#1664,#1670,#1671,#1672,#1680,#1688,#1694));
#1696=FACE_OUTER_BOUND('',#1695,.T.);
#1697=CARTESIAN_POINT('',(20.0,41.9330227658,-36.0));
#1698=DIRECTION('',(-1.0,0.0,0.0));
#1699=DIRECTION('',(-0.0,-1.0,0.0));
#1700=AXIS2_PLACEMENT_3D('',#1697,#1698,#1699);
#1701=PLANE('',#1700);
#1702=ADVANCED_FACE('n° 656',(#1696),#1701,.F.);
#1703=ORIENTED_EDGE('',*,*,#1669,.T.);
#1704=CARTESIAN_POINT('',(0.0,6.9330227658,-36.0));
#1705=DIRECTION('',(-1.0,0.0,0.0));
#1706=VECTOR('',#1705,1.0);
#1707=LINE('',#1704,#1706);
#1708=EDGE_CURVE('n° 4113',#1658,#1579,#1707,.T.);
#1709=ORIENTED_EDGE('',*,*,#1708,.T.);
#1710=ORIENTED_EDGE('',*,*,#1586,.T.);
#1711=ORIENTED_EDGE('',*,*,#1645,.T.);
#1712=EDGE_LOOP('',(#1703,#1709,#1710,#1711));
#1713=FACE_OUTER_BOUND('',#1712,.T.);
#1714=CARTESIAN_POINT('',(0.0,0.0,-36.0));
#1715=DIRECTION('',(0.0,0.0,1.0));
#1716=DIRECTION('',(1.0,0.0,-0.0));
#1717=AXIS2_PLACEMENT_3D('',#1714,#1715,#1716);
#1718=PLANE('',#1717);
#1719=ADVANCED_FACE('n° 664',(#1713),#1718,.F.);
#1720=CARTESIAN_POINT('',(17.7009193947,12.5,-15.1536153928));
#1721=DIRECTION('',(0.650331064,0.0,0.7596509114));
#1722=VECTOR('',#1721,1.0);
#1723=LINE('',#1720,#1722);
#1724=EDGE_CURVE('n° 804',#1682,#43,#1723,.T.);
#1725=ORIENTED_EDGE('',*,*,#1724,.F.);
#1726=ORIENTED_EDGE('',*,*,#1687,.F.);
#1727=CARTESIAN_POINT('',(17.7009193947,27.5,-15.1536153928));
#1728=DIRECTION('',(0.650331064,0.0,0.7596509114));
#1729=VECTOR('',#1728,1.0);
#1730=LINE('',#1727,#1729);
#1731=EDGE_CURVE('n° 787',#1674,#51,#1730,.T.);
#1732=ORIENTED_EDGE('',*,*,#1731,.T.);
#1733=ORIENTED_EDGE('',*,*,#56,.T.);
#1734=EDGE_LOOP('',(#1725,#1726,#1732,#1733));
#1735=FACE_OUTER_BOUND('',#1734,.T.);
#1736=CARTESIAN_POINT('',(17.7009193947,27.5,-15.1536153928));
#1737=DIRECTION('',(0.7596509114,0.0,-0.650331064));
#1738=DIRECTION('',(-0.650331064,0.0,-0.7596509114));
#1739=AXIS2_PLACEMENT_3D('',#1736,#1737,#1738);
#1740=PLANE('',#1739);
#1741=ADVANCED_FACE('n° 816',(#1735),#1740,.T.);
#1742=ORIENTED_EDGE('',*,*,#1731,.F.);
#1743=ORIENTED_EDGE('',*,*,#1679,.T.);
#1744=ORIENTED_EDGE('',*,*,#64,.F.);
#1745=EDGE_LOOP('',(#1742,#1743,#1744));
#1746=FACE_OUTER_BOUND('',#1745,.T.);
#1747=CARTESIAN_POINT('',(0.0,27.5,0.0));
#1748=DIRECTION('',(0.0,1.0,-0.0));
#1749=DIRECTION('',(0.0,0.0,1.0));
#1750=AXIS2_PLACEMENT_3D('',#1747,#1748,#1749);
#1751=PLANE('',#1750);
#1752=ADVANCED_FACE('n° 829',(#1746),#1751,.T.);
#1753=ORIENTED_EDGE('',*,*,#1724,.T.);
#1754=ORIENTED_EDGE('',*,*,#48,.T.);
#1755=ORIENTED_EDGE('',*,*,#1693,.F.);
#1756=EDGE_LOOP('',(#1753,#1754,#1755));
#1757=FACE_OUTER_BOUND('',#1756,.T.);
#1758=CARTESIAN_POINT('',(0.0,12.5,-0.0));
#1759=DIRECTION('',(0.0,1.0,-0.0));
#1760=DIRECTION('',(0.0,0.0,1.0));
#1761=AXIS2_PLACEMENT_3D('',#1758,#1759,#1760);
#1762=PLANE('',#1761);
#1763=ADVANCED_FACE('n° 832',(#1757),#1762,.F.);
#1764=CARTESIAN_POINT('',(7.3887521417,12.5,3.8896796763));
#1765=DIRECTION('',(0.4658273418,0.0,-0.884875634));
#1766=VECTOR('',#1765,1.0);
#1767=LINE('',#1764,#1766);
#1768=EDGE_CURVE('n° 911',#179,#1596,#1767,.T.);
#1769=ORIENTED_EDGE('',*,*,#1768,.F.);
#1770=CARTESIAN_POINT('',(9.4364061561,27.5,0.0));
#1771=DIRECTION('',(0.0,-1.0,0.0));
#1772=VECTOR('',#1771,1.0);
#1773=LINE('',#1770,#1772);
#1774=EDGE_CURVE('n° 904',#91,#179,#1773,.T.);
#1775=ORIENTED_EDGE('',*,*,#1774,.F.);
#1776=CARTESIAN_POINT('',(7.3887521417,27.5,3.8896796763));
#1777=DIRECTION('',(0.4658273418,0.0,-0.884875634));
#1778=VECTOR('',#1777,1.0);
#1779=LINE('',#1776,#1778);
#1780=EDGE_CURVE('n° 897',#91,#1604,#1779,.T.);
#1781=ORIENTED_EDGE('',*,*,#1780,.T.);
#1782=ORIENTED_EDGE('',*,*,#1609,.T.);
#1783=EDGE_LOOP('',(#1769,#1775,#1781,#1782));
#1784=FACE_OUTER_BOUND('',#1783,.T.);
#1785=CARTESIAN_POINT('',(7.3887521417,27.5,3.8896796763));
#1786=DIRECTION('',(-0.884875634,0.0,-0.4658273418));
#1787=DIRECTION('',(-0.4658273418,0.0,0.884875634));
#1788=AXIS2_PLACEMENT_3D('',#1785,#1786,#1787);
#1789=PLANE('',#1788);
#1790=ADVANCED_FACE('n° 924',(#1784),#1789,.T.);
#1791=ORIENTED_EDGE('',*,*,#1615,.F.);
#1792=ORIENTED_EDGE('',*,*,#1780,.F.);
#1793=ORIENTED_EDGE('',*,*,#96,.F.);
#1794=EDGE_LOOP('',(#1791,#1792,#1793));
#1795=FACE_OUTER_BOUND('',#1794,.T.);
#1796=CARTESIAN_POINT('',(0.0,27.5,0.0));
#1797=DIRECTION('',(0.0,1.0,-0.0));
#1798=DIRECTION('',(0.0,0.0,1.0));
#1799=AXIS2_PLACEMENT_3D('',#1796,#1797,#1798);
#1800=PLANE('',#1799);
#1801=ADVANCED_FACE('n° 932',(#1795),#1800,.T.);
#1802=ORIENTED_EDGE('',*,*,#1601,.T.);
#1803=ORIENTED_EDGE('',*,*,#190,.T.);
#1804=ORIENTED_EDGE('',*,*,#1768,.T.);
#1805=EDGE_LOOP('',(#1802,#1803,#1804));
#1806=FACE_OUTER_BOUND('',#1805,.T.);
#1807=CARTESIAN_POINT('',(0.0,12.5,-0.0));
#1808=DIRECTION('',(0.0,1.0,-0.0));
#1809=DIRECTION('',(0.0,0.0,1.0));
#1810=AXIS2_PLACEMENT_3D('',#1807,#1808,#1809);
#1811=PLANE('',#1810);
#1812=ADVANCED_FACE('n° 935',(#1806),#1811,.F.);
#1813=CARTESIAN_POINT('',(7.4508044791,12.5,-3.8463398015));
#1814=DIRECTION('',(0.4587148004,0.0,0.8885835537));
#1815=VECTOR('',#1814,1.0);
#1816=LINE('',#1813,#1815);
#1817=EDGE_CURVE('n° 1010',#1540,#179,#1816,.T.);
#1818=ORIENTED_EDGE('',*,*,#1817,.F.);
#1819=ORIENTED_EDGE('',*,*,#1545,.F.);
#1820=CARTESIAN_POINT('',(7.4508044791,27.5,-3.8463398015));
#1821=DIRECTION('',(0.4587148004,0.0,0.8885835537));
#1822=VECTOR('',#1821,1.0);
#1823=LINE('',#1820,#1822);
#1824=EDGE_CURVE('n° 994',#1532,#91,#1823,.T.);
#1825=ORIENTED_EDGE('',*,*,#1824,.T.);
#1826=ORIENTED_EDGE('',*,*,#1774,.T.);
#1827=EDGE_LOOP('',(#1818,#1819,#1825,#1826));
#1828=FACE_OUTER_BOUND('',#1827,.T.);
#1829=CARTESIAN_POINT('',(7.4508044791,27.5,-3.8463398015));
#1830=DIRECTION('',(0.8885835537,0.0,-0.4587148004));
#1831=DIRECTION('',(-0.4587148004,0.0,-0.8885835537));
#1832=AXIS2_PLACEMENT_3D('',#1829,#1830,#1831);
#1833=PLANE('',#1832);
#1834=ADVANCED_FACE('n° 1023',(#1828),#1833,.T.);
#1835=ORIENTED_EDGE('',*,*,#104,.F.);
#1836=ORIENTED_EDGE('',*,*,#1824,.F.);
#1837=ORIENTED_EDGE('',*,*,#1537,.T.);
#1838=EDGE_LOOP('',(#1835,#1836,#1837));
#1839=FACE_OUTER_BOUND('',#1838,.T.);
#1840=CARTESIAN_POINT('',(0.0,27.5,0.0));
#1841=DIRECTION('',(0.0,1.0,-0.0));
#1842=DIRECTION('',(0.0,0.0,1.0));
#1843=AXIS2_PLACEMENT_3D('',#1840,#1841,#1842);
#1844=PLANE('',#1843);
#1845=ADVANCED_FACE('n° 1032',(#1839),#1844,.T.);
#1846=ORIENTED_EDGE('',*,*,#184,.T.);
#1847=ORIENTED_EDGE('',*,*,#1551,.F.);
#1848=ORIENTED_EDGE('',*,*,#1817,.T.);
#1849=EDGE_LOOP('',(#1846,#1847,#1848));
#1850=FACE_OUTER_BOUND('',#1849,.T.);
#1851=CARTESIAN_POINT('',(0.0,12.5,-0.0));
#1852=DIRECTION('',(0.0,1.0,-0.0));
#1853=DIRECTION('',(0.0,0.0,1.0));
#1854=AXIS2_PLACEMENT_3D('',#1851,#1852,#1853);
#1855=PLANE('',#1854);
#1856=ADVANCED_FACE('n° 1035',(#1850),#1855,.F.);
#1857=CARTESIAN_POINT('',(-6.3130211259,12.5,-3.9271004391));
#1858=DIRECTION('',(-0.5282047662,0.0,0.8491170266));
#1859=VECTOR('',#1858,1.0);
#1860=LINE('',#1857,#1859);
#1861=EDGE_CURVE('n° 1100',#1454,#139,#1860,.T.);
#1862=ORIENTED_EDGE('',*,*,#1861,.T.);
#1863=ORIENTED_EDGE('',*,*,#144,.F.);
#1864=CARTESIAN_POINT('',(-6.3130211259,27.5,-3.9271004391));
#1865=DIRECTION('',(-0.5282047662,0.0,0.8491170266));
#1866=VECTOR('',#1865,1.0);
#1867=LINE('',#1864,#1866);
#1868=EDGE_CURVE('n° 1108',#1462,#131,#1867,.T.);
#1869=ORIENTED_EDGE('',*,*,#1868,.F.);
#1870=ORIENTED_EDGE('',*,*,#1467,.T.);
#1871=EDGE_LOOP('',(#1862,#1863,#1869,#1870));
#1872=FACE_OUTER_BOUND('',#1871,.T.);
#1873=CARTESIAN_POINT('',(-6.3130211259,27.5,-3.9271004391));
#1874=DIRECTION('',(0.8491170266,-0.0,0.5282047662));
#1875=DIRECTION('',(0.5282047662,0.0,-0.8491170266));
#1876=AXIS2_PLACEMENT_3D('',#1873,#1874,#1875);
#1877=PLANE('',#1876);
#1878=ADVANCED_FACE('n° 1127',(#1872),#1877,.F.);
#1879=ORIENTED_EDGE('',*,*,#1473,.F.);
#1880=ORIENTED_EDGE('',*,*,#1868,.T.);
#1881=ORIENTED_EDGE('',*,*,#136,.F.);
#1882=EDGE_LOOP('',(#1879,#1880,#1881));
#1883=FACE_OUTER_BOUND('',#1882,.T.);
#1884=CARTESIAN_POINT('',(0.0,27.5,0.0));
#1885=DIRECTION('',(0.0,1.0,-0.0));
#1886=DIRECTION('',(0.0,0.0,1.0));
#1887=AXIS2_PLACEMENT_3D('',#1884,#1885,#1886);
#1888=PLANE('',#1887);
#1889=ADVANCED_FACE('n° 1135',(#1883),#1888,.T.);
#1890=ORIENTED_EDGE('',*,*,#1459,.T.);
#1891=ORIENTED_EDGE('',*,*,#152,.T.);
#1892=ORIENTED_EDGE('',*,*,#1861,.F.);
#1893=EDGE_LOOP('',(#1890,#1891,#1892));
#1894=FACE_OUTER_BOUND('',#1893,.T.);
#1895=CARTESIAN_POINT('',(0.0,12.5,-0.0));
#1896=DIRECTION('',(0.0,1.0,-0.0));
#1897=DIRECTION('',(0.0,0.0,1.0));
#1898=AXIS2_PLACEMENT_3D('',#1895,#1896,#1897);
#1899=PLANE('',#1898);
#1900=ADVANCED_FACE('n° 1138',(#1894),#1899,.F.);
#1901=CARTESIAN_POINT('',(-16.7879113955,12.5,11.4020186559));
#1902=DIRECTION('',(0.5618462486,0.0,0.8272416775));
#1903=VECTOR('',#1902,1.0);
#1904=LINE('',#1901,#1903);
#1905=EDGE_CURVE('n° 1214',#1398,#213,#1904,.T.);
#1906=ORIENTED_EDGE('',*,*,#1905,.F.);
#1907=ORIENTED_EDGE('',*,*,#1403,.F.);
#1908=CARTESIAN_POINT('',(-16.7879113955,27.5,11.4020186559));
#1909=DIRECTION('',(0.5618462486,0.0,0.8272416775));
#1910=VECTOR('',#1909,1.0);
#1911=LINE('',#1908,#1910);
#1912=EDGE_CURVE('n° 1207',#1390,#221,#1911,.T.);
#1913=ORIENTED_EDGE('',*,*,#1912,.T.);
#1914=ORIENTED_EDGE('',*,*,#226,.T.);
#1915=EDGE_LOOP('',(#1906,#1907,#1913,#1914));
#1916=FACE_OUTER_BOUND('',#1915,.T.);
#1917=CARTESIAN_POINT('',(-16.7879113955,27.5,11.4020186559));
#1918=DIRECTION('',(0.8272416775,0.0,-0.5618462486));
#1919=DIRECTION('',(-0.5618462486,0.0,-0.8272416775));
#1920=AXIS2_PLACEMENT_3D('',#1917,#1918,#1919);
#1921=PLANE('',#1920);
#1922=ADVANCED_FACE('n° 1234',(#1916),#1921,.T.);
#1923=ORIENTED_EDGE('',*,*,#1395,.F.);
#1924=ORIENTED_EDGE('',*,*,#234,.F.);
#1925=ORIENTED_EDGE('',*,*,#1912,.F.);
#1926=EDGE_LOOP('',(#1923,#1924,#1925));
#1927=FACE_OUTER_BOUND('',#1926,.T.);
#1928=CARTESIAN_POINT('',(0.0,27.5,0.0));
#1929=DIRECTION('',(0.0,1.0,-0.0));
#1930=DIRECTION('',(0.0,0.0,1.0));
#1931=AXIS2_PLACEMENT_3D('',#1928,#1929,#1930);
#1932=PLANE('',#1931);
#1933=ADVANCED_FACE('n° 1238',(#1927),#1932,.T.);
#1934=ORIENTED_EDGE('',*,*,#1409,.T.);
#1935=ORIENTED_EDGE('',*,*,#1905,.T.);
#1936=ORIENTED_EDGE('',*,*,#218,.T.);
#1937=EDGE_LOOP('',(#1934,#1935,#1936));
#1938=FACE_OUTER_BOUND('',#1937,.T.);
#1939=CARTESIAN_POINT('',(0.0,12.5,-0.0));
#1940=DIRECTION('',(0.0,1.0,-0.0));
#1941=DIRECTION('',(0.0,0.0,1.0));
#1942=AXIS2_PLACEMENT_3D('',#1939,#1940,#1941);
#1943=PLANE('',#1942);
#1944=ADVANCED_FACE('n° 1241',(#1938),#1943,.F.);
#1945=CARTESIAN_POINT('',(-24.7340310909,12.5,-24.7340310909));
#1946=DIRECTION('',(0.7071067812,0.0,-0.7071067812));
#1947=VECTOR('',#1946,1.0);
#1948=LINE('',#1945,#1947);
#1949=EDGE_CURVE('n° 1320',#269,#1312,#1948,.T.);
#1950=ORIENTED_EDGE('',*,*,#1949,.F.);
#1951=ORIENTED_EDGE('',*,*,#274,.F.);
#1952=CARTESIAN_POINT('',(-24.7340310909,27.5,-24.7340310909));
#1953=DIRECTION('',(0.7071067812,0.0,-0.7071067812));
#1954=VECTOR('',#1953,1.0);
#1955=LINE('',#1952,#1954);
#1956=EDGE_CURVE('n° 1306',#261,#1320,#1955,.T.);
#1957=ORIENTED_EDGE('',*,*,#1956,.T.);
#1958=ORIENTED_EDGE('',*,*,#1325,.T.);
#1959=EDGE_LOOP('',(#1950,#1951,#1957,#1958));
#1960=FACE_OUTER_BOUND('',#1959,.T.);
#1961=CARTESIAN_POINT('',(-24.7340310909,27.5,-24.7340310909));
#1962=DIRECTION('',(-0.7071067812,0.0,-0.7071067812));
#1963=DIRECTION('',(-0.7071067812,0.0,0.7071067812));
#1964=AXIS2_PLACEMENT_3D('',#1961,#1962,#1963);
#1965=PLANE('',#1964);
#1966=ADVANCED_FACE('n° 1333',(#1960),#1965,.T.);
#1967=ORIENTED_EDGE('',*,*,#1331,.F.);
#1968=ORIENTED_EDGE('',*,*,#1956,.F.);
#1969=ORIENTED_EDGE('',*,*,#266,.F.);
#1970=EDGE_LOOP('',(#1967,#1968,#1969));
#1971=FACE_OUTER_BOUND('',#1970,.T.);
#1972=CARTESIAN_POINT('',(0.0,27.5,0.0));
#1973=DIRECTION('',(0.0,1.0,-0.0));
#1974=DIRECTION('',(0.0,0.0,1.0));
#1975=AXIS2_PLACEMENT_3D('',#1972,#1973,#1974);
#1976=PLANE('',#1975);
#1977=ADVANCED_FACE('n° 1341',(#1971),#1976,.T.);
#1978=ORIENTED_EDGE('',*,*,#1317,.T.);
#1979=ORIENTED_EDGE('',*,*,#282,.T.);
#1980=ORIENTED_EDGE('',*,*,#1949,.T.);
#1981=EDGE_LOOP('',(#1978,#1979,#1980));
#1982=FACE_OUTER_BOUND('',#1981,.T.);
#1983=CARTESIAN_POINT('',(0.0,12.5,-0.0));
#1984=DIRECTION('',(0.0,1.0,-0.0));
#1985=DIRECTION('',(0.0,0.0,1.0));
#1986=AXIS2_PLACEMENT_3D('',#1983,#1984,#1985);
#1987=PLANE('',#1986);
#1988=ADVANCED_FACE('n° 1344',(#1982),#1987,.F.);
#1989=ORIENTED_EDGE('',*,*,#777,.T.);
#1990=CARTESIAN_POINT('',(-48.0,-40.0,14.0));
#1991=DIRECTION('',(0.0,0.0,-1.0));
#1992=VECTOR('',#1991,1.0);
#1993=LINE('',#1990,#1992);
#1994=EDGE_CURVE('n° 1605',#763,#624,#1993,.T.);
#1995=ORIENTED_EDGE('',*,*,#1994,.T.);
#1996=ORIENTED_EDGE('',*,*,#630,.T.);
#1997=CARTESIAN_POINT('',(-51.0,-37.0,14.0));
#1998=DIRECTION('',(0.0,0.0,-1.0));
#1999=VECTOR('',#1998,1.0);
#2000=LINE('',#1997,#1999);
#2001=EDGE_CURVE('n° 1604',#771,#616,#2000,.T.);
#2002=ORIENTED_EDGE('',*,*,#2001,.F.);
#2003=EDGE_LOOP('',(#1989,#1995,#1996,#2002));
#2004=FACE_OUTER_BOUND('',#2003,.T.);
#2005=CARTESIAN_POINT('',(-48.0,-37.0,14.0));
#2006=DIRECTION('',(-0.0,-0.0,-1.0));
#2007=DIRECTION('',(-1.0,0.0,0.0));
#2008=AXIS2_PLACEMENT_3D('',#2005,#2006,#2007);
#2009=CYLINDRICAL_SURFACE('',#2008,3.0);
#2010=ADVANCED_FACE('n° 1692',(#2004),#2009,.F.);
#2011=ORIENTED_EDGE('',*,*,#768,.T.);
#2012=CARTESIAN_POINT('',(-22.5,-40.0,-18.0));
#2013=VERTEX_POINT('',#2012);
#2014=CARTESIAN_POINT('',(-22.5,-40.0,14.0));
#2015=DIRECTION('',(0.0,0.0,-1.0));
#2016=VECTOR('',#2015,1.0);
#2017=LINE('',#2014,#2016);
#2018=EDGE_CURVE('n° 1606',#754,#2013,#2017,.T.);
#2019=ORIENTED_EDGE('',*,*,#2018,.T.);
#2020=CARTESIAN_POINT('',(-48.0,-40.0,-18.0));
#2021=VERTEX_POINT('',#2020);
#2022=CARTESIAN_POINT('',(-0.0,-40.0,-18.0));
#2023=DIRECTION('',(-1.0,0.0,0.0));
#2024=VECTOR('',#2023,1.0);
#2025=LINE('',#2022,#2024);
#2026=EDGE_CURVE('n° 2045',#2013,#2021,#2025,.T.);
#2027=ORIENTED_EDGE('',*,*,#2026,.T.);
#2028=CARTESIAN_POINT('',(-48.0,-40.0,-18.0));
#2029=DIRECTION('',(0.0,0.0,1.0));
#2030=VECTOR('',#2029,1.0);
#2031=LINE('',#2028,#2030);
#2032=EDGE_CURVE('n° 2048',#2021,#624,#2031,.T.);
#2033=ORIENTED_EDGE('',*,*,#2032,.T.);
#2034=ORIENTED_EDGE('',*,*,#1994,.F.);
#2035=EDGE_LOOP('',(#2011,#2019,#2027,#2033,#2034));
#2036=FACE_OUTER_BOUND('',#2035,.T.);
#2037=CARTESIAN_POINT('',(-22.5,-40.0,14.0));
#2038=DIRECTION('',(-0.0,-1.0,0.0));
#2039=DIRECTION('',(1.0,-0.0,0.0));
#2040=AXIS2_PLACEMENT_3D('',#2037,#2038,#2039);
#2041=PLANE('',#2040);
#2042=ADVANCED_FACE('n° 1696',(#2036),#2041,.F.);
#2043=ORIENTED_EDGE('',*,*,#760,.T.);
#2044=CARTESIAN_POINT('',(-18.5,-36.0,-18.0));
#2045=VERTEX_POINT('',#2044);
#2046=CARTESIAN_POINT('',(-18.5,-36.0,14.0));
#2047=DIRECTION('',(0.0,0.0,-1.0));
#2048=VECTOR('',#2047,1.0);
#2049=LINE('',#2046,#2048);
#2050=EDGE_CURVE('n° 1607',#746,#2045,#2049,.T.);
#2051=ORIENTED_EDGE('',*,*,#2050,.T.);
#2052=CARTESIAN_POINT('',(-22.5,-36.0,-18.0));
#2053=DIRECTION('',(0.0,0.0,-1.0));
#2054=DIRECTION('',(-1.0,0.0,-0.0));
#2055=AXIS2_PLACEMENT_3D('',#2052,#2053,#2054);
#2056=CIRCLE('',#2055,4.0);
#2057=EDGE_CURVE('n° 2049',#2045,#2013,#2056,.T.);
#2058=ORIENTED_EDGE('',*,*,#2057,.T.);
#2059=ORIENTED_EDGE('',*,*,#2018,.F.);
#2060=EDGE_LOOP('',(#2043,#2051,#2058,#2059));
#2061=FACE_OUTER_BOUND('',#2060,.T.);
#2062=CARTESIAN_POINT('',(-22.5,-36.0,14.0));
#2063=DIRECTION('',(-0.0,-0.0,-1.0));
#2064=DIRECTION('',(-1.0,0.0,0.0));
#2065=AXIS2_PLACEMENT_3D('',#2062,#2063,#2064);
#2066=CYLINDRICAL_SURFACE('',#2065,4.0);
#2067=ADVANCED_FACE('n° 1700',(#2061),#2066,.F.);
#2068=CARTESIAN_POINT('',(-18.5,-18.5,-18.0));
#2069=VERTEX_POINT('',#2068);
#2070=CARTESIAN_POINT('',(-18.5,-0.0,-18.0));
#2071=DIRECTION('',(0.0,-1.0,0.0));
#2072=VECTOR('',#2071,1.0);
#2073=LINE('',#2070,#2072);
#2074=EDGE_CURVE('n° 2053',#2069,#2045,#2073,.T.);
#2075=ORIENTED_EDGE('',*,*,#2074,.T.);
#2076=ORIENTED_EDGE('',*,*,#2050,.F.);
#2077=ORIENTED_EDGE('',*,*,#751,.T.);
#2078=CARTESIAN_POINT('',(-18.5,-18.5,14.0));
#2079=DIRECTION('',(0.0,0.0,-1.0));
#2080=VECTOR('',#2079,1.0);
#2081=LINE('',#2078,#2080);
#2082=EDGE_CURVE('n° 1608',#735,#2069,#2081,.T.);
#2083=ORIENTED_EDGE('',*,*,#2082,.T.);
#2084=EDGE_LOOP('',(#2075,#2076,#2077,#2083));
#2085=FACE_OUTER_BOUND('',#2084,.T.);
#2086=CARTESIAN_POINT('',(-18.5,-18.5,14.0));
#2087=DIRECTION('',(1.0,0.0,-0.0));
#2088=DIRECTION('',(-0.0,1.0,0.0));
#2089=AXIS2_PLACEMENT_3D('',#2086,#2087,#2088);
#2090=PLANE('',#2089);
#2091=ADVANCED_FACE('n° 1704',(#2085),#2090,.F.);
#2092=ORIENTED_EDGE('',*,*,#743,.T.);
#2093=CARTESIAN_POINT('',(-22.5,-14.5,-18.0));
#2094=VERTEX_POINT('',#2093);
#2095=CARTESIAN_POINT('',(-22.5,-14.5,14.0));
#2096=DIRECTION('',(0.0,0.0,-1.0));
#2097=VECTOR('',#2096,1.0);
#2098=LINE('',#2095,#2097);
#2099=EDGE_CURVE('n° 1609',#737,#2094,#2098,.T.);
#2100=ORIENTED_EDGE('',*,*,#2099,.T.);
#2101=CARTESIAN_POINT('',(-22.5,-18.5,-18.0));
#2102=DIRECTION('',(0.0,0.0,-1.0));
#2103=DIRECTION('',(-1.0,0.0,-0.0));
#2104=AXIS2_PLACEMENT_3D('',#2101,#2102,#2103);
#2105=CIRCLE('',#2104,4.0);
#2106=EDGE_CURVE('n° 2015',#2094,#2069,#2105,.T.);
#2107=ORIENTED_EDGE('',*,*,#2106,.T.);
#2108=ORIENTED_EDGE('',*,*,#2082,.F.);
#2109=EDGE_LOOP('',(#2092,#2100,#2107,#2108));
#2110=FACE_OUTER_BOUND('',#2109,.T.);
#2111=CARTESIAN_POINT('',(-22.5,-18.5,14.0));
#2112=DIRECTION('',(-0.0,-0.0,-1.0));
#2113=DIRECTION('',(-1.0,0.0,0.0));
#2114=AXIS2_PLACEMENT_3D('',#2111,#2112,#2113);
#2115=CYLINDRICAL_SURFACE('',#2114,4.0);
#2116=ADVANCED_FACE('n° 1708',(#2110),#2115,.F.);
#2117=ORIENTED_EDGE('',*,*,#800,.T.);
#2118=CARTESIAN_POINT('',(-48.0,-14.5,14.0));
#2119=DIRECTION('',(0.0,0.0,-1.0));
#2120=VECTOR('',#2119,1.0);
#2121=LINE('',#2118,#2120);
#2122=EDGE_CURVE('n° 1610',#788,#599,#2121,.T.);
#2123=ORIENTED_EDGE('',*,*,#2122,.T.);
#2124=CARTESIAN_POINT('',(-48.0,-14.5,-18.0));
#2125=VERTEX_POINT('',#2124);
#2126=CARTESIAN_POINT('',(-48.0,-14.5,-18.0));
#2127=DIRECTION('',(0.0,0.0,1.0));
#2128=VECTOR('',#2127,1.0);
#2129=LINE('',#2126,#2128);
#2130=EDGE_CURVE('n° 2026',#2125,#599,#2129,.T.);
#2131=ORIENTED_EDGE('',*,*,#2130,.F.);
#2132=CARTESIAN_POINT('',(0.0,-14.5,-18.0));
#2133=DIRECTION('',(1.0,0.0,0.0));
#2134=VECTOR('',#2133,1.0);
#2135=LINE('',#2132,#2134);
#2136=EDGE_CURVE('n° 2019',#2125,#2094,#2135,.T.);
#2137=ORIENTED_EDGE('',*,*,#2136,.T.);
#2138=ORIENTED_EDGE('',*,*,#2099,.F.);
#2139=EDGE_LOOP('',(#2117,#2123,#2131,#2137,#2138));
#2140=FACE_OUTER_BOUND('',#2139,.T.);
#2141=CARTESIAN_POINT('',(-48.0,-14.5,14.0));
#2142=DIRECTION('',(-0.0,1.0,0.0));
#2143=DIRECTION('',(-1.0,-0.0,0.0));
#2144=AXIS2_PLACEMENT_3D('',#2141,#2142,#2143);
#2145=PLANE('',#2144);
#2146=ADVANCED_FACE('n° 1712',(#2140),#2145,.F.);
#2147=ORIENTED_EDGE('',*,*,#794,.T.);
#2148=CARTESIAN_POINT('',(-51.0,-17.5,14.0));
#2149=DIRECTION('',(0.0,0.0,-1.0));
#2150=VECTOR('',#2149,1.0);
#2151=LINE('',#2148,#2150);
#2152=EDGE_CURVE('n° 1611',#780,#607,#2151,.T.);
#2153=ORIENTED_EDGE('',*,*,#2152,.T.);
#2154=ORIENTED_EDGE('',*,*,#613,.T.);
#2155=ORIENTED_EDGE('',*,*,#2122,.F.);
#2156=EDGE_LOOP('',(#2147,#2153,#2154,#2155));
#2157=FACE_OUTER_BOUND('',#2156,.T.);
#2158=CARTESIAN_POINT('',(-48.0,-17.5,14.0));
#2159=DIRECTION('',(-0.0,-0.0,-1.0));
#2160=DIRECTION('',(-1.0,0.0,0.0));
#2161=AXIS2_PLACEMENT_3D('',#2158,#2159,#2160);
#2162=CYLINDRICAL_SURFACE('',#2161,3.0);
#2163=ADVANCED_FACE('n° 1716',(#2157),#2162,.F.);
#2164=ORIENTED_EDGE('',*,*,#785,.T.);
#2165=ORIENTED_EDGE('',*,*,#2001,.T.);
#2166=ORIENTED_EDGE('',*,*,#621,.T.);
#2167=ORIENTED_EDGE('',*,*,#2152,.F.);
#2168=EDGE_LOOP('',(#2164,#2165,#2166,#2167));
#2169=FACE_OUTER_BOUND('',#2168,.T.);
#2170=CARTESIAN_POINT('',(-51.0,-37.0,14.0));
#2171=DIRECTION('',(-1.0,0.0,0.0));
#2172=DIRECTION('',(0.0,0.0,1.0));
#2173=AXIS2_PLACEMENT_3D('',#2170,#2171,#2172);
#2174=PLANE('',#2173);
#2175=ADVANCED_FACE('n° 1720',(#2169),#2174,.F.);
#2176=CARTESIAN_POINT('',(41.0,-13.5,-18.0));
#2177=VERTEX_POINT('',#2176);
#2178=CARTESIAN_POINT('',(41.0,-41.0,-18.0));
#2179=VERTEX_POINT('',#2178);
#2180=CARTESIAN_POINT('',(41.0,-0.0,-18.0));
#2181=DIRECTION('',(-0.0,-1.0,0.0));
#2182=VECTOR('',#2181,1.0);
#2183=LINE('',#2180,#2182);
#2184=EDGE_CURVE('n° 1898',#2177,#2179,#2183,.T.);
#2185=ORIENTED_EDGE('',*,*,#2184,.T.);
#2186=CARTESIAN_POINT('',(41.0,-41.0,-18.0));
#2187=DIRECTION('',(0.0,0.0,1.0));
#2188=VECTOR('',#2187,1.0);
#2189=LINE('',#2186,#2188);
#2190=EDGE_CURVE('n° 1901',#2179,#662,#2189,.T.);
#2191=ORIENTED_EDGE('',*,*,#2190,.T.);
#2192=ORIENTED_EDGE('',*,*,#667,.F.);
#2193=CARTESIAN_POINT('',(41.0,-13.5,-18.0));
#2194=DIRECTION('',(0.0,0.4362439044,0.8998284591));
#2195=VECTOR('',#2194,1.0);
#2196=LINE('',#2193,#2195);
#2197=EDGE_CURVE('n° 4021',#2177,#652,#2196,.T.);
#2198=ORIENTED_EDGE('',*,*,#2197,.F.);
#2199=EDGE_LOOP('',(#2185,#2191,#2192,#2198));
#2200=FACE_OUTER_BOUND('',#2199,.T.);
#2201=CARTESIAN_POINT('',(41.0,-0.0,-18.0));
#2202=DIRECTION('',(-1.0,0.0,0.0));
#2203=DIRECTION('',(-0.0,-1.0,0.0));
#2204=AXIS2_PLACEMENT_3D('',#2201,#2202,#2203);
#2205=PLANE('',#2204);
#2206=ADVANCED_FACE('n° 1938',(#2200),#2205,.T.);
#2207=ORIENTED_EDGE('',*,*,#713,.T.);
#2208=CARTESIAN_POINT('',(46.0,-25.0,-14.7578480015));
#2209=VERTEX_POINT('',#2208);
#2210=CARTESIAN_POINT('',(46.0,-25.0,-18.0));
#2211=DIRECTION('',(0.0,0.0,-1.0));
#2212=VECTOR('',#2211,1.0);
#2213=LINE('',#2210,#2212);
#2214=EDGE_CURVE('n° 3718',#702,#2209,#2213,.T.);
#2215=ORIENTED_EDGE('',*,*,#2214,.T.);
#2216=CARTESIAN_POINT('',(46.0,-35.0,-14.7578480015));
#2217=VERTEX_POINT('',#2216);
#2218=CARTESIAN_POINT('',(46.0,0.0,-14.7578480015));
#2219=DIRECTION('',(0.0,-1.0,0.0));
#2220=VECTOR('',#2219,1.0);
#2221=LINE('',#2218,#2220);
#2222=EDGE_CURVE('n° 3708',#2209,#2217,#2221,.T.);
#2223=ORIENTED_EDGE('',*,*,#2222,.T.);
#2224=CARTESIAN_POINT('',(46.0,-35.0,-18.0));
#2225=DIRECTION('',(0.0,0.0,-1.0));
#2226=VECTOR('',#2225,1.0);
#2227=LINE('',#2224,#2226);
#2228=EDGE_CURVE('n° 3741',#678,#2217,#2227,.T.);
#2229=ORIENTED_EDGE('',*,*,#2228,.F.);
#2230=ORIENTED_EDGE('',*,*,#683,.T.);
#2231=CARTESIAN_POINT('',(46.0,-41.0,-18.0));
#2232=VERTEX_POINT('',#2231);
#2233=CARTESIAN_POINT('',(46.0,-41.0,-18.0));
#2234=DIRECTION('',(0.0,0.0,1.0));
#2235=VECTOR('',#2234,1.0);
#2236=LINE('',#2233,#2235);
#2237=EDGE_CURVE('n° 1915',#2232,#670,#2236,.T.);
#2238=ORIENTED_EDGE('',*,*,#2237,.F.);
#2239=CARTESIAN_POINT('',(46.0,-13.5,-18.0));
#2240=VERTEX_POINT('',#2239);
#2241=CARTESIAN_POINT('',(46.0,0.0,-18.0));
#2242=DIRECTION('',(0.0,-1.0,0.0));
#2243=VECTOR('',#2242,1.0);
#2244=LINE('',#2241,#2243);
#2245=EDGE_CURVE('n° 1916',#2240,#2232,#2244,.T.);
#2246=ORIENTED_EDGE('',*,*,#2245,.F.);
#2247=CARTESIAN_POINT('',(46.0,-13.5,-18.0));
#2248=DIRECTION('',(0.0,0.4362439044,0.8998284591));
#2249=VECTOR('',#2248,1.0);
#2250=LINE('',#2247,#2249);
#2251=EDGE_CURVE('n° 4015',#2240,#654,#2250,.T.);
#2252=ORIENTED_EDGE('',*,*,#2251,.T.);
#2253=EDGE_LOOP('',(#2207,#2215,#2223,#2229,#2230,#2238,#2246,#2252));
#2254=FACE_OUTER_BOUND('',#2253,.T.);
#2255=CARTESIAN_POINT('',(46.0,0.0,-18.0));
#2256=DIRECTION('',(-1.0,-0.0,-0.0));
#2257=DIRECTION('',(-0.0,0.0,1.0));
#2258=AXIS2_PLACEMENT_3D('',#2255,#2256,#2257);
#2259=PLANE('',#2258);
#2260=ADVANCED_FACE('n° 1947',(#2254),#2259,.F.);
#2261=ORIENTED_EDGE('',*,*,#675,.F.);
#2262=ORIENTED_EDGE('',*,*,#2190,.F.);
#2263=CARTESIAN_POINT('',(0.0,-41.0,-18.0));
#2264=DIRECTION('',(1.0,0.0,0.0));
#2265=VECTOR('',#2264,1.0);
#2266=LINE('',#2263,#2265);
#2267=EDGE_CURVE('n° 1911',#2179,#2232,#2266,.T.);
#2268=ORIENTED_EDGE('',*,*,#2267,.T.);
#2269=ORIENTED_EDGE('',*,*,#2237,.T.);
#2270=EDGE_LOOP('',(#2261,#2262,#2268,#2269));
#2271=FACE_OUTER_BOUND('',#2270,.T.);
#2272=CARTESIAN_POINT('',(0.0,-41.0,-18.0));
#2273=DIRECTION('',(0.0,-1.0,0.0));
#2274=DIRECTION('',(1.0,0.0,0.0));
#2275=AXIS2_PLACEMENT_3D('',#2272,#2273,#2274);
#2276=PLANE('',#2275);
#2277=ADVANCED_FACE('n° 1951',(#2271),#2276,.T.);
#2278=ORIENTED_EDGE('',*,*,#2267,.F.);
#2279=ORIENTED_EDGE('',*,*,#2184,.F.);
#2280=CARTESIAN_POINT('',(0.0,-13.5,-18.0));
#2281=DIRECTION('',(-1.0,-0.0,0.0));
#2282=VECTOR('',#2281,1.0);
#2283=LINE('',#2280,#2282);
#2284=EDGE_CURVE('n° 1902',#2240,#2177,#2283,.T.);
#2285=ORIENTED_EDGE('',*,*,#2284,.F.);
#2286=ORIENTED_EDGE('',*,*,#2245,.T.);
#2287=EDGE_LOOP('',(#2278,#2279,#2285,#2286));
#2288=FACE_OUTER_BOUND('',#2287,.T.);
#2289=CARTESIAN_POINT('',(0.0,0.0,-18.0));
#2290=DIRECTION('',(0.0,0.0,-1.0));
#2291=DIRECTION('',(-1.0,0.0,-0.0));
#2292=AXIS2_PLACEMENT_3D('',#2289,#2290,#2291);
#2293=PLANE('',#2292);
#2294=ADVANCED_FACE('n° 1956',(#2288),#2293,.T.);
#2295=ORIENTED_EDGE('',*,*,#604,.T.);
#2296=CARTESIAN_POINT('',(-48.0,-10.5,-18.0));
#2297=VERTEX_POINT('',#2296);
#2298=CARTESIAN_POINT('',(-48.0,-10.5,-18.0));
#2299=DIRECTION('',(0.0,0.0,1.0));
#2300=VECTOR('',#2299,1.0);
#2301=LINE('',#2298,#2300);
#2302=EDGE_CURVE('n° 2030',#2297,#591,#2301,.T.);
#2303=ORIENTED_EDGE('',*,*,#2302,.F.);
#2304=CARTESIAN_POINT('',(-48.0,-0.0,-18.0));
#2305=DIRECTION('',(-0.0,1.0,0.0));
#2306=VECTOR('',#2305,1.0);
#2307=LINE('',#2304,#2306);
#2308=EDGE_CURVE('n° 2057',#2125,#2297,#2307,.T.);
#2309=ORIENTED_EDGE('',*,*,#2308,.F.);
#2310=ORIENTED_EDGE('',*,*,#2130,.T.);
#2311=EDGE_LOOP('',(#2295,#2303,#2309,#2310));
#2312=FACE_OUTER_BOUND('',#2311,.T.);
#2313=CARTESIAN_POINT('',(-48.0,-0.0,-18.0));
#2314=DIRECTION('',(1.0,0.0,0.0));
#2315=DIRECTION('',(-0.0,1.0,0.0));
#2316=AXIS2_PLACEMENT_3D('',#2313,#2314,#2315);
#2317=PLANE('',#2316);
#2318=ADVANCED_FACE('n° 2117',(#2312),#2317,.F.);
#2319=ORIENTED_EDGE('',*,*,#596,.T.);
#2320=CARTESIAN_POINT('',(-11.2230062918,-10.5,-18.0));
#2321=VERTEX_POINT('',#2320);
#2322=CARTESIAN_POINT('',(-11.2230062918,-10.5,-18.0));
#2323=DIRECTION('',(0.0,0.0,1.0));
#2324=VECTOR('',#2323,1.0);
#2325=LINE('',#2322,#2324);
#2326=EDGE_CURVE('n° 2036',#2321,#583,#2325,.T.);
#2327=ORIENTED_EDGE('',*,*,#2326,.F.);
#2328=CARTESIAN_POINT('',(-0.0,-10.5,-18.0));
#2329=DIRECTION('',(1.0,-0.0,0.0));
#2330=VECTOR('',#2329,1.0);
#2331=LINE('',#2328,#2330);
#2332=EDGE_CURVE('n° 2060',#2297,#2321,#2331,.T.);
#2333=ORIENTED_EDGE('',*,*,#2332,.F.);
#2334=ORIENTED_EDGE('',*,*,#2302,.T.);
#2335=EDGE_LOOP('',(#2319,#2327,#2333,#2334));
#2336=FACE_OUTER_BOUND('',#2335,.T.);
#2337=CARTESIAN_POINT('',(-0.0,-10.5,-18.0));
#2338=DIRECTION('',(-0.0,-1.0,-0.0));
#2339=DIRECTION('',(1.0,-0.0,0.0));
#2340=AXIS2_PLACEMENT_3D('',#2337,#2338,#2339);
#2341=PLANE('',#2340);
#2342=ADVANCED_FACE('n° 2121',(#2336),#2341,.F.);
#2343=ORIENTED_EDGE('',*,*,#588,.T.);
#2344=CARTESIAN_POINT('',(-11.2230062918,-44.0,-18.0));
#2345=VERTEX_POINT('',#2344);
#2346=CARTESIAN_POINT('',(-11.2230062918,-44.0,-18.0));
#2347=DIRECTION('',(0.0,0.0,1.0));
#2348=VECTOR('',#2347,1.0);
#2349=LINE('',#2346,#2348);
#2350=EDGE_CURVE('n° 2040',#2345,#575,#2349,.T.);
#2351=ORIENTED_EDGE('',*,*,#2350,.F.);
#2352=CARTESIAN_POINT('',(-11.2230062918,-0.0,-18.0));
#2353=DIRECTION('',(0.0,-1.0,0.0));
#2354=VECTOR('',#2353,1.0);
#2355=LINE('',#2352,#2354);
#2356=EDGE_CURVE('n° 2063',#2321,#2345,#2355,.T.);
#2357=ORIENTED_EDGE('',*,*,#2356,.F.);
#2358=ORIENTED_EDGE('',*,*,#2326,.T.);
#2359=EDGE_LOOP('',(#2343,#2351,#2357,#2358));
#2360=FACE_OUTER_BOUND('',#2359,.T.);
#2361=CARTESIAN_POINT('',(-11.2230062918,-0.0,-18.0));
#2362=DIRECTION('',(-1.0,-0.0,-0.0));
#2363=DIRECTION('',(0.0,-1.0,0.0));
#2364=AXIS2_PLACEMENT_3D('',#2361,#2362,#2363);
#2365=PLANE('',#2364);
#2366=ADVANCED_FACE('n° 2125',(#2360),#2365,.F.);
#2367=ORIENTED_EDGE('',*,*,#580,.F.);
#2368=CARTESIAN_POINT('',(-48.0,-44.0,-18.0));
#2369=VERTEX_POINT('',#2368);
#2370=CARTESIAN_POINT('',(-48.0,-44.0,-18.0));
#2371=DIRECTION('',(0.0,0.0,1.0));
#2372=VECTOR('',#2371,1.0);
#2373=LINE('',#2370,#2372);
#2374=EDGE_CURVE('n° 2044',#2369,#573,#2373,.T.);
#2375=ORIENTED_EDGE('',*,*,#2374,.F.);
#2376=CARTESIAN_POINT('',(0.0,-44.0,-18.0));
#2377=DIRECTION('',(1.0,0.0,0.0));
#2378=VECTOR('',#2377,1.0);
#2379=LINE('',#2376,#2378);
#2380=EDGE_CURVE('n° 2037',#2369,#2345,#2379,.T.);
#2381=ORIENTED_EDGE('',*,*,#2380,.T.);
#2382=ORIENTED_EDGE('',*,*,#2350,.T.);
#2383=EDGE_LOOP('',(#2367,#2375,#2381,#2382));
#2384=FACE_OUTER_BOUND('',#2383,.T.);
#2385=CARTESIAN_POINT('',(0.0,-44.0,-18.0));
#2386=DIRECTION('',(0.0,-1.0,0.0));
#2387=DIRECTION('',(0.0,-0.0,-1.0));
#2388=AXIS2_PLACEMENT_3D('',#2385,#2386,#2387);
#2389=PLANE('',#2388);
#2390=ADVANCED_FACE('n° 2131',(#2384),#2389,.T.);
#2391=ORIENTED_EDGE('',*,*,#636,.F.);
#2392=ORIENTED_EDGE('',*,*,#2032,.F.);
#2393=CARTESIAN_POINT('',(-48.0,0.0,-18.0));
#2394=DIRECTION('',(0.0,-1.0,0.0));
#2395=VECTOR('',#2394,1.0);
#2396=LINE('',#2393,#2395);
#2397=EDGE_CURVE('n° 2041',#2021,#2369,#2396,.T.);
#2398=ORIENTED_EDGE('',*,*,#2397,.T.);
#2399=ORIENTED_EDGE('',*,*,#2374,.T.);
#2400=EDGE_LOOP('',(#2391,#2392,#2398,#2399));
#2401=FACE_OUTER_BOUND('',#2400,.T.);
#2402=CARTESIAN_POINT('',(-48.0,0.0,-18.0));
#2403=DIRECTION('',(-1.0,-0.0,-0.0));
#2404=DIRECTION('',(-0.0,0.0,1.0));
#2405=AXIS2_PLACEMENT_3D('',#2402,#2403,#2404);
#2406=PLANE('',#2405);
#2407=ADVANCED_FACE('n° 2135',(#2401),#2406,.T.);
#2408=ORIENTED_EDGE('',*,*,#2356,.T.);
#2409=ORIENTED_EDGE('',*,*,#2380,.F.);
#2410=ORIENTED_EDGE('',*,*,#2397,.F.);
#2411=ORIENTED_EDGE('',*,*,#2026,.F.);
#2412=ORIENTED_EDGE('',*,*,#2057,.F.);
#2413=ORIENTED_EDGE('',*,*,#2074,.F.);
#2414=ORIENTED_EDGE('',*,*,#2106,.F.);
#2415=ORIENTED_EDGE('',*,*,#2136,.F.);
#2416=ORIENTED_EDGE('',*,*,#2308,.T.);
#2417=ORIENTED_EDGE('',*,*,#2332,.T.);
#2418=EDGE_LOOP('',(#2408,#2409,#2410,#2411,#2412,#2413,#2414,#2415,#2416,#2417));
#2419=FACE_OUTER_BOUND('',#2418,.T.);
#2420=CARTESIAN_POINT('',(0.0,0.0,-18.0));
#2421=DIRECTION('',(0.0,0.0,-1.0));
#2422=DIRECTION('',(-1.0,0.0,-0.0));
#2423=AXIS2_PLACEMENT_3D('',#2420,#2421,#2422);
#2424=PLANE('',#2423);
#2425=ADVANCED_FACE('n° 2151',(#2419),#2424,.T.);
#2426=ORIENTED_EDGE('',*,*,#1010,.T.);
#2427=EDGE_LOOP('',(#2426));
#2428=FACE_OUTER_BOUND('',#2427,.T.);
#2429=ORIENTED_EDGE('',*,*,#502,.T.);
#2430=EDGE_LOOP('',(#2429));
#2431=FACE_BOUND('',#2430,.T.);
#2432=CARTESIAN_POINT('',(-4.2230062918,-43.5,18.0));
#2433=DIRECTION('',(-0.0,-0.0,-1.0));
#2434=DIRECTION('',(-1.0,0.0,0.0));
#2435=AXIS2_PLACEMENT_3D('',#2432,#2433,#2434);
#2436=CYLINDRICAL_SURFACE('',#2435,1.5);
#2437=ADVANCED_FACE('n° 2482',(#2428,#2431),#2436,.F.);
#2438=ORIENTED_EDGE('',*,*,#999,.T.);
#2439=EDGE_LOOP('',(#2438));
#2440=FACE_OUTER_BOUND('',#2439,.T.);
#2441=ORIENTED_EDGE('',*,*,#491,.T.);
#2442=EDGE_LOOP('',(#2441));
#2443=FACE_BOUND('',#2442,.T.);
#2444=CARTESIAN_POINT('',(27.7769937082,-43.5,18.0));
#2445=DIRECTION('',(-0.0,-0.0,-1.0));
#2446=DIRECTION('',(-1.0,0.0,0.0));
#2447=AXIS2_PLACEMENT_3D('',#2444,#2445,#2446);
#2448=CYLINDRICAL_SURFACE('',#2447,1.5);
#2449=ADVANCED_FACE('n° 2458',(#2440,#2443),#2448,.F.);
#2450=ORIENTED_EDGE('',*,*,#988,.T.);
#2451=EDGE_LOOP('',(#2450));
#2452=FACE_OUTER_BOUND('',#2451,.T.);
#2453=ORIENTED_EDGE('',*,*,#480,.T.);
#2454=EDGE_LOOP('',(#2453));
#2455=FACE_BOUND('',#2454,.T.);
#2456=CARTESIAN_POINT('',(27.7769937082,-11.5,18.0));
#2457=DIRECTION('',(-0.0,-0.0,-1.0));
#2458=DIRECTION('',(-1.0,0.0,0.0));
#2459=AXIS2_PLACEMENT_3D('',#2456,#2457,#2458);
#2460=CYLINDRICAL_SURFACE('',#2459,1.5);
#2461=ADVANCED_FACE('n° 2434',(#2452,#2455),#2460,.F.);
#2462=ORIENTED_EDGE('',*,*,#730,.T.);
#2463=EDGE_LOOP('',(#2462));
#2464=FACE_OUTER_BOUND('',#2463,.T.);
#2465=ORIENTED_EDGE('',*,*,#647,.T.);
#2466=EDGE_LOOP('',(#2465));
#2467=FACE_BOUND('',#2466,.T.);
#2468=CARTESIAN_POINT('',(11.7769937082,-27.5,18.0));
#2469=DIRECTION('',(-0.0,-0.0,-1.0));
#2470=DIRECTION('',(-1.0,0.0,0.0));
#2471=AXIS2_PLACEMENT_3D('',#2468,#2469,#2470);
#2472=CYLINDRICAL_SURFACE('',#2471,15.0);
#2473=ADVANCED_FACE('n° 2410',(#2464,#2467),#2472,.F.);
#2474=ORIENTED_EDGE('',*,*,#977,.T.);
#2475=EDGE_LOOP('',(#2474));
#2476=FACE_OUTER_BOUND('',#2475,.T.);
#2477=ORIENTED_EDGE('',*,*,#469,.T.);
#2478=EDGE_LOOP('',(#2477));
#2479=FACE_BOUND('',#2478,.T.);
#2480=CARTESIAN_POINT('',(-4.2230062918,-11.5,18.0));
#2481=DIRECTION('',(-0.0,-0.0,-1.0));
#2482=DIRECTION('',(-1.0,0.0,0.0));
#2483=AXIS2_PLACEMENT_3D('',#2480,#2481,#2482);
#2484=CYLINDRICAL_SURFACE('',#2483,1.5);
#2485=ADVANCED_FACE('n° 2386',(#2476,#2479),#2484,.F.);
#2486=ORIENTED_EDGE('',*,*,#401,.T.);
#2487=CARTESIAN_POINT('',(76.295417345,30.5,-21.0));
#2488=DIRECTION('',(0.0,0.0,1.0));
#2489=VECTOR('',#2488,1.0);
#2490=LINE('',#2487,#2489);
#2491=EDGE_CURVE('n° 2662',#395,#1025,#2490,.T.);
#2492=ORIENTED_EDGE('',*,*,#2491,.T.);
#2493=ORIENTED_EDGE('',*,*,#1031,.F.);
#2494=CARTESIAN_POINT('',(78.295417345,28.5,-21.0));
#2495=DIRECTION('',(0.0,0.0,1.0));
#2496=VECTOR('',#2495,1.0);
#2497=LINE('',#2494,#2496);
#2498=EDGE_CURVE('n° 2656',#393,#1015,#2497,.T.);
#2499=ORIENTED_EDGE('',*,*,#2498,.F.);
#2500=EDGE_LOOP('',(#2486,#2492,#2493,#2499));
#2501=FACE_OUTER_BOUND('',#2500,.T.);
#2502=CARTESIAN_POINT('',(78.295417345,30.5,-21.0));
#2503=DIRECTION('',(-0.0,-0.0,1.0));
#2504=DIRECTION('',(1.0,0.0,0.0));
#2505=AXIS2_PLACEMENT_3D('',#2502,#2503,#2504);
#2506=CYLINDRICAL_SURFACE('',#2505,2.0);
#2507=ADVANCED_FACE('n° 2776',(#2501),#2506,.F.);
#2508=ORIENTED_EDGE('',*,*,#458,.T.);
#2509=CARTESIAN_POINT('',(76.295417345,32.5,-21.0));
#2510=DIRECTION('',(0.0,0.0,1.0));
#2511=VECTOR('',#2510,1.0);
#2512=LINE('',#2509,#2511);
#2513=EDGE_CURVE('n° 2669',#446,#1034,#2512,.T.);
#2514=ORIENTED_EDGE('',*,*,#2513,.T.);
#2515=ORIENTED_EDGE('',*,*,#1039,.F.);
#2516=ORIENTED_EDGE('',*,*,#2491,.F.);
#2517=EDGE_LOOP('',(#2508,#2514,#2515,#2516));
#2518=FACE_OUTER_BOUND('',#2517,.T.);
#2519=CARTESIAN_POINT('',(76.295417345,30.5,-21.0));
#2520=DIRECTION('',(1.0,-0.0,0.0));
#2521=DIRECTION('',(0.0,0.0,-1.0));
#2522=AXIS2_PLACEMENT_3D('',#2519,#2520,#2521);
#2523=PLANE('',#2522);
#2524=ADVANCED_FACE('n° 2784',(#2518),#2523,.T.);
#2525=CARTESIAN_POINT('',(78.295417345,34.5,-21.0));
#2526=DIRECTION('',(0.0,0.0,1.0));
#2527=VECTOR('',#2526,1.0);
#2528=LINE('',#2525,#2527);
#2529=EDGE_CURVE('n° 2673',#438,#1042,#2528,.T.);
#2530=ORIENTED_EDGE('',*,*,#2529,.T.);
#2531=ORIENTED_EDGE('',*,*,#1048,.T.);
#2532=ORIENTED_EDGE('',*,*,#2513,.F.);
#2533=ORIENTED_EDGE('',*,*,#452,.F.);
#2534=EDGE_LOOP('',(#2530,#2531,#2532,#2533));
#2535=FACE_OUTER_BOUND('',#2534,.T.);
#2536=CARTESIAN_POINT('',(78.295417345,32.5,-21.0));
#2537=DIRECTION('',(-0.0,-0.0,1.0));
#2538=DIRECTION('',(1.0,0.0,0.0));
#2539=AXIS2_PLACEMENT_3D('',#2536,#2537,#2538);
#2540=CYLINDRICAL_SURFACE('',#2539,2.0);
#2541=ADVANCED_FACE('n° 2792',(#2535),#2540,.F.);
#2542=CARTESIAN_POINT('',(87.295417345,34.5,-21.0));
#2543=DIRECTION('',(0.0,0.0,1.0));
#2544=VECTOR('',#2543,1.0);
#2545=LINE('',#2542,#2544);
#2546=EDGE_CURVE('n° 2677',#429,#1051,#2545,.T.);
#2547=ORIENTED_EDGE('',*,*,#2546,.T.);
#2548=ORIENTED_EDGE('',*,*,#1056,.T.);
#2549=ORIENTED_EDGE('',*,*,#2529,.F.);
#2550=ORIENTED_EDGE('',*,*,#443,.F.);
#2551=EDGE_LOOP('',(#2547,#2548,#2549,#2550));
#2552=FACE_OUTER_BOUND('',#2551,.T.);
#2553=CARTESIAN_POINT('',(87.295417345,34.5,-21.0));
#2554=DIRECTION('',(0.0,1.0,0.0));
#2555=DIRECTION('',(0.0,-0.0,1.0));
#2556=AXIS2_PLACEMENT_3D('',#2553,#2554,#2555);
#2557=PLANE('',#2556);
#2558=ADVANCED_FACE('n° 2800',(#2552),#2557,.F.);
#2559=CARTESIAN_POINT('',(89.295417345,32.5,-21.0));
#2560=DIRECTION('',(0.0,0.0,1.0));
#2561=VECTOR('',#2560,1.0);
#2562=LINE('',#2559,#2561);
#2563=EDGE_CURVE('n° 2681',#421,#1059,#2562,.T.);
#2564=ORIENTED_EDGE('',*,*,#2563,.T.);
#2565=ORIENTED_EDGE('',*,*,#1065,.T.);
#2566=ORIENTED_EDGE('',*,*,#2546,.F.);
#2567=ORIENTED_EDGE('',*,*,#435,.F.);
#2568=EDGE_LOOP('',(#2564,#2565,#2566,#2567));
#2569=FACE_OUTER_BOUND('',#2568,.T.);
#2570=CARTESIAN_POINT('',(87.295417345,32.5,-21.0));
#2571=DIRECTION('',(-0.0,-0.0,1.0));
#2572=DIRECTION('',(1.0,0.0,0.0));
#2573=AXIS2_PLACEMENT_3D('',#2570,#2571,#2572);
#2574=CYLINDRICAL_SURFACE('',#2573,2.0);
#2575=ADVANCED_FACE('n° 2808',(#2569),#2574,.F.);
#2576=CARTESIAN_POINT('',(89.295417345,30.5,-21.0));
#2577=DIRECTION('',(0.0,0.0,1.0));
#2578=VECTOR('',#2577,1.0);
#2579=LINE('',#2576,#2578);
#2580=EDGE_CURVE('n° 2684',#412,#1068,#2579,.T.);
#2581=ORIENTED_EDGE('',*,*,#2580,.T.);
#2582=ORIENTED_EDGE('',*,*,#1073,.T.);
#2583=ORIENTED_EDGE('',*,*,#2563,.F.);
#2584=ORIENTED_EDGE('',*,*,#426,.F.);
#2585=EDGE_LOOP('',(#2581,#2582,#2583,#2584));
#2586=FACE_OUTER_BOUND('',#2585,.T.);
#2587=CARTESIAN_POINT('',(89.295417345,30.5,-21.0));
#2588=DIRECTION('',(1.0,-0.0,0.0));
#2589=DIRECTION('',(0.0,0.0,-1.0));
#2590=AXIS2_PLACEMENT_3D('',#2587,#2588,#2589);
#2591=PLANE('',#2590);
#2592=ADVANCED_FACE('n° 2816',(#2586),#2591,.F.);
#2593=ORIENTED_EDGE('',*,*,#418,.T.);
#2594=CARTESIAN_POINT('',(87.295417345,28.5,-21.0));
#2595=DIRECTION('',(0.0,0.0,1.0));
#2596=VECTOR('',#2595,1.0);
#2597=LINE('',#2594,#2596);
#2598=EDGE_CURVE('n° 2691',#404,#1017,#2597,.T.);
#2599=ORIENTED_EDGE('',*,*,#2598,.T.);
#2600=ORIENTED_EDGE('',*,*,#1080,.F.);
#2601=ORIENTED_EDGE('',*,*,#2580,.F.);
#2602=EDGE_LOOP('',(#2593,#2599,#2600,#2601));
#2603=FACE_OUTER_BOUND('',#2602,.T.);
#2604=CARTESIAN_POINT('',(87.295417345,30.5,-21.0));
#2605=DIRECTION('',(-0.0,-0.0,1.0));
#2606=DIRECTION('',(1.0,0.0,0.0));
#2607=AXIS2_PLACEMENT_3D('',#2604,#2605,#2606);
#2608=CYLINDRICAL_SURFACE('',#2607,2.0);
#2609=ADVANCED_FACE('n° 2824',(#2603),#2608,.F.);
#2610=ORIENTED_EDGE('',*,*,#2498,.T.);
#2611=ORIENTED_EDGE('',*,*,#1022,.T.);
#2612=ORIENTED_EDGE('',*,*,#2598,.F.);
#2613=ORIENTED_EDGE('',*,*,#409,.F.);
#2614=EDGE_LOOP('',(#2610,#2611,#2612,#2613));
#2615=FACE_OUTER_BOUND('',#2614,.T.);
#2616=CARTESIAN_POINT('',(78.295417345,28.5,-21.0));
#2617=DIRECTION('',(0.0,-1.0,0.0));
#2618=DIRECTION('',(0.0,-0.0,-1.0));
#2619=AXIS2_PLACEMENT_3D('',#2616,#2617,#2618);
#2620=PLANE('',#2619);
#2621=ADVANCED_FACE('n° 2832',(#2615),#2620,.F.);
#2622=ORIENTED_EDGE('',*,*,#966,.T.);
#2623=EDGE_LOOP('',(#2622));
#2624=FACE_OUTER_BOUND('',#2623,.T.);
#2625=ORIENTED_EDGE('',*,*,#513,.F.);
#2626=EDGE_LOOP('',(#2625));
#2627=FACE_BOUND('',#2626,.T.);
#2628=CARTESIAN_POINT('',(-44.4680621818,-50.3601486471,-36.0));
#2629=DIRECTION('',(-0.0,-0.0,1.0));
#2630=DIRECTION('',(1.0,0.0,0.0));
#2631=AXIS2_PLACEMENT_3D('',#2628,#2629,#2630);
#2632=CYLINDRICAL_SURFACE('',#2631,1.65);
#2633=ADVANCED_FACE('n° 3335',(#2624,#2627),#2632,.F.);
#2634=ORIENTED_EDGE('',*,*,#955,.T.);
#2635=EDGE_LOOP('',(#2634));
#2636=FACE_OUTER_BOUND('',#2635,.T.);
#2637=ORIENTED_EDGE('',*,*,#524,.F.);
#2638=EDGE_LOOP('',(#2637));
#2639=FACE_BOUND('',#2638,.T.);
#2640=CARTESIAN_POINT('',(94.391625653,46.0,-36.0));
#2641=DIRECTION('',(-0.0,-0.0,1.0));
#2642=DIRECTION('',(1.0,0.0,0.0));
#2643=AXIS2_PLACEMENT_3D('',#2640,#2641,#2642);
#2644=CYLINDRICAL_SURFACE('',#2643,1.65);
#2645=ADVANCED_FACE('n° 3311',(#2636,#2639),#2644,.F.);
#2646=ORIENTED_EDGE('',*,*,#944,.T.);
#2647=EDGE_LOOP('',(#2646));
#2648=FACE_OUTER_BOUND('',#2647,.T.);
#2649=ORIENTED_EDGE('',*,*,#535,.F.);
#2650=EDGE_LOOP('',(#2649));
#2651=FACE_BOUND('',#2650,.T.);
#2652=CARTESIAN_POINT('',(-51.5198213752,46.8794856009,-36.0));
#2653=DIRECTION('',(-0.0,-0.0,1.0));
#2654=DIRECTION('',(1.0,0.0,0.0));
#2655=AXIS2_PLACEMENT_3D('',#2652,#2653,#2654);
#2656=CYLINDRICAL_SURFACE('',#2655,1.65);
#2657=ADVANCED_FACE('n° 3287',(#2648,#2651),#2656,.F.);
#2658=ORIENTED_EDGE('',*,*,#933,.T.);
#2659=EDGE_LOOP('',(#2658));
#2660=FACE_OUTER_BOUND('',#2659,.T.);
#2661=ORIENTED_EDGE('',*,*,#546,.F.);
#2662=EDGE_LOOP('',(#2661));
#2663=FACE_BOUND('',#2662,.T.);
#2664=CARTESIAN_POINT('',(60.2149753842,-48.9779553991,-36.0));
#2665=DIRECTION('',(-0.0,-0.0,1.0));
#2666=DIRECTION('',(1.0,0.0,0.0));
#2667=AXIS2_PLACEMENT_3D('',#2664,#2665,#2666);
#2668=CYLINDRICAL_SURFACE('',#2667,1.65);
#2669=ADVANCED_FACE('n° 3263',(#2660,#2663),#2668,.F.);
#2670=ORIENTED_EDGE('',*,*,#922,.T.);
#2671=EDGE_LOOP('',(#2670));
#2672=FACE_OUTER_BOUND('',#2671,.T.);
#2673=ORIENTED_EDGE('',*,*,#557,.F.);
#2674=EDGE_LOOP('',(#2673));
#2675=FACE_BOUND('',#2674,.T.);
#2676=CARTESIAN_POINT('',(59.391625653,46.0,-36.0));
#2677=DIRECTION('',(-0.0,-0.0,1.0));
#2678=DIRECTION('',(1.0,0.0,0.0));
#2679=AXIS2_PLACEMENT_3D('',#2676,#2677,#2678);
#2680=CYLINDRICAL_SURFACE('',#2679,1.65);
#2681=ADVANCED_FACE('n° 3239',(#2672,#2675),#2680,.F.);
#2682=ORIENTED_EDGE('',*,*,#911,.T.);
#2683=EDGE_LOOP('',(#2682));
#2684=FACE_OUTER_BOUND('',#2683,.T.);
#2685=ORIENTED_EDGE('',*,*,#568,.F.);
#2686=EDGE_LOOP('',(#2685));
#2687=FACE_BOUND('',#2686,.T.);
#2688=CARTESIAN_POINT('',(98.2149753842,-48.9779553991,-36.0));
#2689=DIRECTION('',(-0.0,-0.0,1.0));
#2690=DIRECTION('',(1.0,0.0,0.0));
#2691=AXIS2_PLACEMENT_3D('',#2688,#2689,#2690);
#2692=CYLINDRICAL_SURFACE('',#2691,1.65);
#2693=ADVANCED_FACE('n° 3215',(#2684,#2687),#2692,.F.);
#2694=ORIENTED_EDGE('',*,*,#699,.F.);
#2695=CARTESIAN_POINT('',(46.0,-35.0,-14.7578480015));
#2696=DIRECTION('',(0.5411696852,0.0,0.8409134152));
#2697=VECTOR('',#2696,1.0);
#2698=LINE('',#2695,#2697);
#2699=EDGE_CURVE('n° 3738',#2217,#686,#2698,.T.);
#2700=ORIENTED_EDGE('',*,*,#2699,.F.);
#2701=ORIENTED_EDGE('',*,*,#2222,.F.);
#2702=CARTESIAN_POINT('',(46.0,-25.0,-14.7578480015));
#2703=DIRECTION('',(0.5411696852,0.0,0.8409134152));
#2704=VECTOR('',#2703,1.0);
#2705=LINE('',#2702,#2704);
#2706=EDGE_CURVE('n° 3698',#2209,#694,#2705,.T.);
#2707=ORIENTED_EDGE('',*,*,#2706,.T.);
#2708=EDGE_LOOP('',(#2694,#2700,#2701,#2707));
#2709=FACE_OUTER_BOUND('',#2708,.T.);
#2710=CARTESIAN_POINT('',(46.0,-30.0,-14.7578480015));
#2711=DIRECTION('',(-0.8409134152,0.0,0.5411696852));
#2712=DIRECTION('',(0.5411696852,0.0,0.8409134152));
#2713=AXIS2_PLACEMENT_3D('',#2710,#2711,#2712);
#2714=PLANE('',#2713);
#2715=ADVANCED_FACE('n° 3805',(#2709),#2714,.F.);
#2716=ORIENTED_EDGE('',*,*,#707,.F.);
#2717=ORIENTED_EDGE('',*,*,#2706,.F.);
#2718=ORIENTED_EDGE('',*,*,#2214,.F.);
#2719=EDGE_LOOP('',(#2716,#2717,#2718));
#2720=FACE_OUTER_BOUND('',#2719,.T.);
#2721=CARTESIAN_POINT('',(25.1074876921,-25.0,-15.5));
#2722=DIRECTION('',(0.0,1.0,0.0));
#2723=DIRECTION('',(0.0,-0.0,1.0));
#2724=AXIS2_PLACEMENT_3D('',#2721,#2722,#2723);
#2725=PLANE('',#2724);
#2726=ADVANCED_FACE('n° 3822',(#2720),#2725,.T.);
#2727=ORIENTED_EDGE('',*,*,#2699,.T.);
#2728=ORIENTED_EDGE('',*,*,#691,.T.);
#2729=ORIENTED_EDGE('',*,*,#2228,.T.);
#2730=EDGE_LOOP('',(#2727,#2728,#2729));
#2731=FACE_OUTER_BOUND('',#2730,.T.);
#2732=CARTESIAN_POINT('',(25.1074876921,-35.0,-15.5));
#2733=DIRECTION('',(0.0,1.0,0.0));
#2734=DIRECTION('',(0.0,-0.0,1.0));
#2735=AXIS2_PLACEMENT_3D('',#2732,#2733,#2734);
#2736=PLANE('',#2735);
#2737=ADVANCED_FACE('n° 3837',(#2731),#2736,.F.);
#2738=ORIENTED_EDGE('',*,*,#2284,.T.);
#2739=ORIENTED_EDGE('',*,*,#2197,.T.);
#2740=ORIENTED_EDGE('',*,*,#659,.T.);
#2741=ORIENTED_EDGE('',*,*,#2251,.F.);
#2742=EDGE_LOOP('',(#2738,#2739,#2740,#2741));
#2743=FACE_OUTER_BOUND('',#2742,.T.);
#2744=CARTESIAN_POINT('',(20.9961872539,-13.5,-18.0));
#2745=DIRECTION('',(0.0,0.8998284591,-0.4362439044));
#2746=DIRECTION('',(0.0,0.4362439044,0.8998284591));
#2747=AXIS2_PLACEMENT_3D('',#2744,#2745,#2746);
#2748=PLANE('',#2747);
#2749=ADVANCED_FACE('n° 4041',(#2743),#2748,.T.);
#2750=ORIENTED_EDGE('',*,*,#1708,.F.);
#2751=ORIENTED_EDGE('',*,*,#1663,.T.);
#2752=ORIENTED_EDGE('',*,*,#32,.F.);
#2753=ORIENTED_EDGE('',*,*,#1592,.F.);
#2754=EDGE_LOOP('',(#2750,#2751,#2752,#2753));
#2755=FACE_OUTER_BOUND('',#2754,.T.);
#2756=CARTESIAN_POINT('',(-67.0,6.9330227658,-36.0));
#2757=DIRECTION('',(0.0,1.0,0.0));
#2758=DIRECTION('',(-1.0,0.0,0.0));
#2759=AXIS2_PLACEMENT_3D('',#2756,#2757,#2758);
#2760=PLANE('',#2759);
#2761=ADVANCED_FACE('n° 4417',(#2755),#2760,.F.);
#2762=ORIENTED_EDGE('',*,*,#1566,.T.);
#2763=ORIENTED_EDGE('',*,*,#1521,.F.);
#2764=ORIENTED_EDGE('',*,*,#168,.F.);
#2765=ORIENTED_EDGE('',*,*,#1450,.F.);
#2766=EDGE_LOOP('',(#2762,#2763,#2764,#2765));
#2767=FACE_OUTER_BOUND('',#2766,.T.);
#2768=CARTESIAN_POINT('',(-67.0,6.9330227658,-36.0));
#2769=DIRECTION('',(0.0,1.0,0.0));
#2770=DIRECTION('',(-1.0,0.0,0.0));
#2771=AXIS2_PLACEMENT_3D('',#2768,#2769,#2770);
#2772=PLANE('',#2771);
#2773=ADVANCED_FACE('n° 4409',(#2767),#2772,.F.);
#2774=ORIENTED_EDGE('',*,*,#1424,.T.);
#2775=ORIENTED_EDGE('',*,*,#1379,.F.);
#2776=ORIENTED_EDGE('',*,*,#202,.F.);
#2777=ORIENTED_EDGE('',*,*,#1308,.F.);
#2778=EDGE_LOOP('',(#2774,#2775,#2776,#2777));
#2779=FACE_OUTER_BOUND('',#2778,.T.);
#2780=CARTESIAN_POINT('',(-67.0,6.9330227658,-36.0));
#2781=DIRECTION('',(0.0,1.0,0.0));
#2782=DIRECTION('',(-1.0,0.0,0.0));
#2783=AXIS2_PLACEMENT_3D('',#2780,#2781,#2782);
#2784=PLANE('',#2783);
#2785=ADVANCED_FACE('n° 4401',(#2779),#2784,.F.);
#2786=CLOSED_SHELL('\X2\52079664\X0\-\X2\62C94F38\X0\6',(
    #722,#1089,#1111,#1128,#1145,#1162,#1179,#1196,#1213,#1230,
    #1247,#1264,#1281,#1293,#1347,#1371,#1418,#1435,#1489,#1513,
    #1560,#1577,#1631,#1655,#1702,#1719,#1741,#1752,#1763,#1790,
    #1801,#1812,#1834,#1845,#1856,#1878,#1889,#1900,#1922,#1933,
    #1944,#1966,#1977,#1988,#2010,#2042,#2067,#2091,#2116,#2146,
    #2163,#2175,#2206,#2260,#2277,#2294,#2318,#2342,#2366,#2390,
    #2407,#2425,#2437,#2449,#2461,#2473,#2485,#2507,#2524,#2541,
    #2558,#2575,#2592,#2609,#2621,#2633,#2645,#2657,#2669,#2681,
    #2693,#2715,#2726,#2737,#2749,#2761,#2773,#2785));
#2787=MANIFOLD_SOLID_BREP('\X2\52079664\X0\-\X2\62C94F38\X0\6',#2786);
#2788=DRAUGHTING_PRE_DEFINED_COLOUR('white');
#2789=FILL_AREA_STYLE_COLOUR('',#2788);
#2790=FILL_AREA_STYLE('',(#2789));
#2791=SURFACE_STYLE_FILL_AREA(#2790);
#2792=SURFACE_SIDE_STYLE('',(#2791));
#2793=SURFACE_STYLE_USAGE(.BOTH.,#2792);
#2794=PRESENTATION_STYLE_ASSIGNMENT((#2793));
#2795=STYLED_ITEM('',(#2794),#2787);
#2796=CARTESIAN_POINT('\X2\539F70B9\X0\',(0.0,0.0,0.0));
#2797=GEOMETRIC_CURVE_SET('\X2\539F70B9\X0\',(#2796));
#2798=CARTESIAN_POINT('',(0.0,20.0,0.0));
#2799=DIRECTION('',(0.0,1.0,0.0));
#2800=DIRECTION('',(1.0,0.0,0.0));
#2801=AXIS2_PLACEMENT_3D('',#2798,#2799,#2800);
#2802=PLANE('\X2\57FA51C69762\X0\1',#2801);
#2803=CARTESIAN_POINT('',(-0.0,-30.0,0.0));
#2804=DIRECTION('',(0.0,1.0,0.0));
#2805=DIRECTION('',(1.0,0.0,0.0));
#2806=AXIS2_PLACEMENT_3D('',#2803,#2804,#2805);
#2807=PLANE('\X2\57FA51C69762\X0\2',#2806);
#2808=CARTESIAN_POINT('',(0.,0.,0.));
#2809=DIRECTION('',(0.,0.,1.));
#2810=DIRECTION('',(1.,0.,0.));
#2811=AXIS2_PLACEMENT_3D('Reference Axes',#2808,#2809,#2810);
#2812=SHAPE_REPRESENTATION('',(#2811,#2787,#2797),#5);
#2813=SHAPE_DEFINITION_REPRESENTATION(#12,#2812);
#2814=CONSTRUCTIVE_GEOMETRY_REPRESENTATION('supplemental geometry',(#2802,#2807),#5);
#2815=CONSTRUCTIVE_GEOMETRY_REPRESENTATION_RELATIONSHIP('supplemental geometry','',#2812,#2814);
#2816=CARTESIAN_POINT('',(25.1074876921,-2.5,131.4212257121));
#2817=DIRECTION('',(0.0,0.0,-1.0));
#2818=DIRECTION('',(-1.0,0.0,0.0));
#2819=AXIS2_PLACEMENT_3D('View Reference',#2816,#2817,#2818);
#2820=CARTESIAN_POINT('',(0.0,0.0,0.0));
#2821=CARTESIAN_POINT('',(-240.3224630762,-157.5,146.9212257121));
#2822=DIRECTION('',(0.0,0.0,1.0));
#2823=DIRECTION('',(1.0,0.0,0.0));
#2824=AXIS2_PLACEMENT_3D('View placement',#2821,#2822,#2823);
#2825=PLANAR_BOX('',480.6449262,315.0,#2824);
#2826=VIEW_VOLUME(.PARALLEL.,#2820,146.9212257,0.,.F.,0.,.F.,.F.,#2825);
#2827=CAMERA_MODEL_D3('Notes Area',#2819,#2826);
#2828=CARTESIAN_POINT('',(0.,0.,0.));
#2829=DIRECTION('',(0.,0.,1.));
#2830=DIRECTION('',(1.,0.,0.));
#2831=AXIS2_PLACEMENT_3D('',#2828,#2829,#2830);
#2832=REPRESENTATION_MAP(#2831,#2812);
#2833=MAPPED_ITEM('',#2832,#2831);
#2834=DRAUGHTING_MODEL('Notes Area',(#2827,#2833),#5);
#2835=MECHANICAL_DESIGN_GEOMETRIC_PRESENTATION_REPRESENTATION('',(#2795),#5);
ENDSEC;
END-ISO-10303-21;
